codigo;denominacion;precio;marca;producto;stock;viajando;dto;canon
0013t0301;"toner lexmark optra e";71.4;lexmark;fusor;1;0;1;0
0026401;"archivador definitivo 80mm a4 de carton 327x265x85mm blanco azul";1.19;fellowes;papeleria;84;0;1;0
01126301;"cinta de nylon negro";17.59;oki;cinta;7;0;1;0
0142;"soporte de monitor/tv para pared desde 26' hasta 32' inclinacion 15 vesa estandar hasta 75kg plata";5;indefinida;soporte;2;0;1;0
02300bk11045;"ribbon 110mmx450m caja con 12 rollos";108.47;zebra;componente;0;0;1;0
02300gs11007;"wax ribbon 2300 110mm ancho x 74 metros cinta de transferrencia calidad cera color negro caja con 12 rollos";26.3;zebra;cinta;0;0;1;0
02596;"televisor 43'  a series a2z alu20043z uhd 4k resolucion 3840x2160 60hz smart tv android tv 11 sintonizadores dvb-t2 t cs2  1xhdmi  ethernet negro";239;cecotec;televisor;1;0;1;0
0318c001;"tinta pgi-570xl negro 500 paginas aproximadamente";14.2;canon;tinta;3;0;1;0
03200gs06407;"ribbon cera 3200 wax resina 64mm x 74metros desktop caja con 12 rollos";35.13;zebra;consumible;0;0;1;0
03b03-00475700;"disco interno ssd pcie nvme m.2 2280 512gb pcie gen4 ";69.48;union memory;ssd int1;0;0;1;1.5
04911030;"carpeta con elastico formato folio azul (12 unidades)";6.61;grafopla;papeleria;4;0;1;0
0515c106;"impresora multifuncion tinta pixma mg3650s a4 4800x1200ppp usb 2.0 wifi impresion monocromo 9.9ppm impresion color 5.7ppm impresion duplex bandeja entrada papel 100 hojas canon print negro peso 6.5 kg";48.77;canon;imp multif;4;0;1;5.25
0617b001;"tinta cl-41 tricolor (amarillo, magenta y cian)";19.45;canon;tinta;0;0;1;0
0790;"cable desde euroconector macho a euroconector macho longitud 1.5 metros";2.69;media magic;cable;12;0;1;0
09002303;"cinta de nylon u0339 negro";11.18;oki;cinta;43;0;1;0
09002309;"cinta de nylon u0353 negro";12.35;oki;cinta;43;0;1;0
0910301;"boligrafo recargas color azul 12 unidades para ref: 9821502";2.74;fellowes;papeleria;4;0;1;0
10.01.2400;"adaptador desde usb-c macho a usb-a hembra 2.0";1.53;nano cable;adaptador;-26;0;1;0
10.15.2402;"cable desde mini displayport macho a displayport macho longitud 2 metros";3.43;nanocable;cable;6;0;1;0
100017468;"destructora lx70  hasta 11 hojas manual 70gr en particulas de 4x40mm (din p-4) destruye de manera continua durante 5 minutos con 30 minutos de enfriamiento  tambien destruye grapas, clips y tarjetas de credito papelera con capacidad para 18 litros color blanco";72.6;fellowes;desctructor;1;0;1;0
101419;"etiquetadora numerica - 2 lineas, 10 caracteres - facil instalacion de etiquetas y tinta";21.12;apli;etiquetadora;0;0;1;0
103886;"luz baliza de emergencia para coche, led one v16  eco homologada, dispone de base magnetica y un adhesivo de doble cara, geolocalizable, incluye un plan de datos hasta 2038, funciona a pilas de 9v";27.5;erum;accesorio;15;0;1;0
10510601;"grapadora de tenaza metalica rapid k1 hasta 50 hojas grapado abierto y cerrado grapas 24/6-8+ color cromado";23.69;petrus;papeleria;2;0;1;0
10976;"bloc de notas post-it 75x125mm de 100 hojas amarillo";0.6;apli;papeleria;3;0;1;0
10d-215j68128;"tpv 21.5' tactil flat capacitivo 1920x1080 intel j6412 8gb ddr4 128gb ssd 2xusb 2.0 2xusb 3.0 ethernet wifi vga hdmi altavoces 2x2w compatible vesa 100x100 dimensiones 528x319x61mm peso 5.1kg sin sistema operativo";417.3;10pos;tpv;1;0;1;0
10d-215j68128w0;"tpv 21.5' tactil flat capacitivo 1920x1080 intel j6412 8gb ddr4 128gb ssd 2xusb 2.0 2xusb 3.0 ethernet wifi vga hdmi altavoces 2x2w compatible vesa 100x100 dimensiones 528x319x61mm peso 5.1kg windows 10 iot";435.49;10pos;tpv;1;0;1;0
10s0150;"toner lexmark e-210";71.74;lexmark;toner;5;0;1;0
10t-15i5h8256w1;"tpv 10t-17  15' tactil flat capacitivo 1024x768 intel i5 7a generacion 3.1ghz 8gb ddr4 256gb ssd msata 4xusb 3.0 2xusb 2.0 2xrs232 ethernet wifi hdmi audio vesa 100x100 windows 11 iot color negro";484.66;10pos;tpv;3;0;1;0
10t-15j418128w0;"tpv 10t-15  15' tactil flat capacitivo 1366x768 intel j4125 2.7ghz 8gb ddr4 128gb ssd msata 4xusb 3.0 2xusb 2.0 2xrs232 ethernet wifi vga 2xaudio con windows 10 iot color vesa 10x10 negro";330.91;10pos;tpv;2;0;1;0
10t-15j648128;"tpv 10t-15  15' tactil flat capacitivo 1366x768 intel j6412 8gb ddr4 128gb ssd msata 4xusb 3.0 2xusb 2.0 2xrs232 ethernet wifi vga 2xaudio sin sistema operativo color vesa 10x10 negro";330.63;10pos;tpv;7;0;1;0
10t-16i578256w0;"tpv 10t-16  15.6' tactil flat capacitivo 1366x768 intel i5 7a generacion 3.1ghz 8gb ddr4 256gb ssd msata 4xusb 3.0 2xusb 2.0 2xrs232 ethernet wifi vga 2xaudio vesa 100x100 windows 10 iot color negro";416.73;10pos;tpv;1;0;1;0
10t-16i5h8256;"tpv 10t-16  15.6' tactil flat capacitivo 1368x766 intel i5 7a generacion 3.1ghz 8gb ddr4 256gb ssd 4xusb 3.0 2xusb 2.0 2xrs232 ethernet wifi hdmi  audio vesa 100x100 sin sistema operativo color negro";403.39;10pos;tpv;4;0;1;0
10t-16j648128;"tpv 10t-16  15.6' tactil flat capacitivo 1366x768 intel j6412 8gb ddr4 128gb ssd 4xusb 3.0 2xusb 2.0 2xrs232 ethernet wifi vga audio vesa 100x100 sin sistema operativo color negro";307.81;10pos;tpv;4;0;1;0
10t-16j648128w1;"tpv 10t-16  15.6' tactil flat capacitivo 1366x768 intel j6412 8gb ddr4 128gb ssd 4xusb 3.0 2xusb 2.0 2xrs232 ethernet wifi vga audio vesa 100x100 windows 11 iot color negro";374.92;10pos;tpv;4;0;1;0
10t-17i5h8256;"tpv 10t-17  17' tactil flat capacitivo 1280x1024 intel i5 7a generacion 3.1ghz 8gb ddr4 256gb ssd msata 4xusb 3.0 2xusb 2.0 2xrs232 ethernet wifi hdmi 2xaudio vesa 100x100 sin sistema operativo color negro";462.24;10pos;tpv;2;0;1;0
10t-17i5h8256w1;"tpv 10t-17  17' tactil flat capacitivo 1280x1024 intel i5 7a generacion 3.1ghz 8gb ddr4 256gb ssd msata 4xusb 3.0 2xusb 2.0 2xrs232 ethernet wifi hdmi 2xaudio vesa 100x100 windows 11 iot color negro";536.07;10pos;tpv;2;0;1;0
11.04.5370;"cable desde vga macho a vga hembra longitud 20 metros con ferrita";30.69;roline;cable;24;0;1;0
11.99.4693r;"cable desde usb-a macho + vga macho a usb-b macho + vga hembra longitud 3 metros para kvm";8.35;value;cable;1;0;1;0
110010347453;"smartphone a40 capacidad 128gb ram 6gb procesador qualcomm snapdragon 6s 4g gen 1 pantalla 6.67' camara frontal 5mp camara trasera 50mp bateria 5100mah blanco";103.96;oppo;smartphone;0;0;1;3.25
110010347675;"smartphone a40 capacidad 256gb ram 8gb procesador qualcomm snapdragon 6s 4g gen 1 pantalla 6.67' camara frontal 5mp camara trasera 50mp bateria 5100mah blanco";126.26;oppo;smartphone;2;0;1;3.25
110010347676;"smartphone a40 capacidad 256gb ram 8gb procesador qualcomm snapdragon 6s 4g gen 1 pantalla 6.67' camara frontal 5mp camara trasera 50mp bateria 5100mah negro";123.73;oppo;smartphone;3;0;1;3.25
110010348164;"smartphone a5 pro capacidad 256gb ram 8gb procesador qualcomm 6s gen 1 4g pantalla 6.67' nfc camara frontal 8mp camara trasera 50mp bateria 5800mah dual sim color azul cielo";133.75;oppo;smartphone;0;0;1;3.25
110010348467;"smartphone a5x capacidad 128gb ram 4gb procesador qualcomm 6s gen 1 4g pantalla 6.67' camara frontal 5mp camara trasera 32mp bateria 6000mah dual sim color negro azul";81.47;oppo;smartphone;2;0;1;3.25
11103;"cinta adhesiva transparente 19mm x 33m de uso universal film resistente de 28 micras y desenrollado silencioso";0.49;apli;papeleria;8;0;1;0
111800;"cable desde sata hembra a sata hembra longitud 0.50 metros con clip de seguridad";1.02;equip;cable;12;0;1;0
111900;"cable desde sata iii hembra a sata iii hembra longitud 0.50 metros con clip de seguridad";0.98;equip;cable;8;0;1;0
112030;"adaptador desde molex macho a molex hembra dos conectores";1.06;equip;adaptador;4;0;1;0
112050;"adaptador desde molex macho a sata hembra";1.1;equip;adaptador;22;0;1;0
112100;"cable desde iec macho a iec hembra longitud 1.8 metros ideal cpu a monitor/ups";3.46;equip;cable;14;0;1;0
112101;"cable desde iec macho a iec hembra longitud 3 metros ideal cpu a monitor/ups";5.69;equip;cable;3;0;1;0
112121;"cable desde schuko macho a iec hembra longitud 3 metros";5.87;equip;cable;11;0;1;0
112220;"cable desde schuko macho a iec hembra dos conectores longitud 1.8 metros";7;equip;cable;21;0;1;0
118801;"cable desde vga macho a vga hembra con ferrita longitud 3 metros";4.67;equip;cable;11;0;1;0
118802;"cable desde vga macho a vga hembra con ferrita longitud 5 metros";5.15;equip;cable;12;0;1;0
118804;"cable desde vga macho a vga hembra con ferrita longitud 10 metros";8.1;equip;cable;2;0;1;0
118805;"cable desde vga macho a vga hembra con ferrita longitud 15 metros";15.03;equip;cable;9;0;1;0
118806;"cable desde vga macho a vga hembra con ferrita longitud 20 metros";20.41;equip;cable;3;0;1;0
118807;"cable desde vga macho a vga hembra con ferrita longitud 1.8 metros";3.74;equip;cable;12;0;1;0
118811;"cable desde vga macho a vga macho con ferrita longitud 3 metros";4.67;equip;cable;23;0;1;0
118812;"cable desde vga macho a vga macho con ferrita longitud 5 metros";5.6;equip;cable;4;0;1;0
118814;"cable desde vga macho a vga macho con ferrita longitud 10 metros";8.67;equip;cable;9;0;1;0
118815;"cable desde vga macho a vga macho con ferrita longitud 15 metros";15.28;equip;cable;6;0;1;0
118816;"cable desde vga macho a vga macho con ferrita longitud 20 metros";16.24;equip;cable;4;0;1;0
118817;"cable desde vga macho a vga macho con ferrita longitud 1.8 metros";4.19;equip;cable;23;0;1;0
118908;"adaptador desde hdmi hembra a dvi-d macho dual link equip";2.77;equip;adaptador;12;0;1;0
118909;"adaptador desde hdmi macho a dvi-d hembra dual link equip";2.69;equip;adaptador;14;0;1;0
118910;"adaptador desde hdmi macho a hdmi hembra acodado 90 equip";1.56;equip;adaptador;7;0;1;0
118911;"adaptador desde hdmi macho a hdmi hembra pivotante 45 equip";2.43;equip;adaptador;9;0;1;0
118914;"adaptador desde mini hdmi macho a hdmi hembra";1.49;equip;adaptador;8;0;1;0
118915;"adaptador desde micro hdmi macho a hdmi hembra";1.64;equip;adaptador;11;0;1;0
118932;"cable desde dvi-d macho a dvi-d macho dual link longitud 1.8 metros con ferrita";4.2;equip;cable;7;0;1;0
118933;"cable desde dvi-d macho a dvi-d macho dual link longitud 3 metros con ferrita";6.81;equip;cable;10;0;1;0
118935;"cable desde dvi-d macho a dvi-d macho dual link longitud 5 metros con ferrita";9.25;equip;cable;9;0;1;0
118937;"cable desde dvi-d macho a dvi-d macho dual link longitud 10 metros con ferrita";11.74;equip;cable;4;0;1;0
118943;"cable desde dvi-i macho a vga macho longitud 1.8 metros singel link";4.25;equip;cable;0;0;1;0
118945;"adaptador desde dvi-i macho a vga hembra";1.84;equip;adaptador;2;0;1;0
118972;"cable desde dvi-d macho a dvi-d hembra dual link longitud 1.8 metros con ferrita";4.15;equip;cable;22;0;1;0
11903607;"adaptador desde hdmi macho a vga hembra + mini jack 3.5mm  para audio equip";8.23;equip;adaptador;29;0;1;0
119252;"cable desde displayport macho a displayport macho hdcp 1.4 y 2.2 resolucion de video hasta 8k longitud 2 metros";6.31;equip;cable;30;0;1;0
119265;"cable desde displayport macho a displayport macho longitud 5 metros 1.4 8k/60hz malla de algodon trenzado y conector de aluminio.";12.87;equip;cable;10;0;1;0
119306;"cable desde hdmi macho a mini hdmi macho longitud 1 metro 1.4 high speed";3.66;equip;cable;12;0;1;0
119307;"cable desde hdmi macho a mini hdmi macho longitud 2 metros 1.4 high speed";3.74;equip;cable;19;0;1;0
119308;"cable desde hdmi macho a micro hdmi macho longitud 2 metros 1.4 high speed";6.23;equip;cable;6;0;1;0
119309;"cable desde hdmi macho a micro hdmi macho longitud 1 metro 1.4 high speed";6.32;equip;cable;1;0;1;0
119310;"cable desde hdmi macho a hdmi macho longitud 1.8 metros high speed resolucion hasta 1080p 1920x 1080 60hz";1.55;equip;cable;88;0;1;0
119322;"cable desde hdmi macho a dvi-d macho longitud 1.8 metros";4.08;equip;cable;3;0;1;0
119323;"cable desde hdmi macho a dvi-d macho longitud 3 metros";5.4;equip;cable;10;0;1;0
119325;"cable desde hdmi macho a dvi-d macho longitud 5 metros";8.1;equip;cable;6;0;1;0
119340;"cable desde hdmi macho a hdmi macho longitud 5 metros 2.0 high speed con ethernet hq";6.32;equip;cable;0;0;1;0
119341;"cable desde hdmi macho a hdmi macho longitud 1 metro 2.0 high speed con ethernet";2.42;equip;cable;28;0;1;0
119342;"cable desde hdmi macho a hdmi macho longitud 2 metros 2.0 high speed con ethernet";3.22;equip;cable;12;0;1;0
119343;"cable desde hdmi macho a hdmi macho longitud 3 metros  2.0 high speed con ethernet";3.85;equip;cable;0;0;1;0
119346;"cable desde hdmi macho a hdmi macho longitud 7.5 metros 2.0 high speed con ethernet hq";13.93;equip;cable;11;0;1;0
119347;"cable desde hdmi macho a hdmi macho longitud 10 metros 2.0 high speed con ethernet hq";13.94;equip;cable;10;0;1;0
119350;"cable desde hdmi macho a hdmi macho version 2.0 alta velocidad con ethernet longitud 1.8 metros soporta resoluciones de video hasta 4k conectores chapados en oro para una alta calidad de seal";2.23;equip;cable;5;0;1;0
119351;"cable desde hdmi macho a hdmi macho version 2.0 alta velocidad con ethernet longitud 3 metros soporta resoluciones de video hasta 4k conectores chapados en oro para una alta calidad de seal";2.67;equip;cable;9;0;1;0
119352;"cable desde hdmi macho a hdmi macho longitud 1.8 metros high speed 3d eco";2.18;equip;cable;20;0;1;0
119353;"cable desde hdmi macho a hdmi macho longitud 3 metros high speed 3d eco";2.62;equip;cable;10;0;1;0
119355;"cable desde hdmi macho a hdmi macho longitud  5 metros 1.4 high speed con ethernet eco";3.71;equip;cable;11;0;1;0
119357;"cable desde hdmi macho a hdmi macho longitud 10 metros 1.4 high speed con ethernet";9.89;equip;cable;14;0;1;0
119358;"cable desde hdmi macho a hdmi macho longitud 15 metros 1.4 high speed con ethernet eco";18.12;equip;cable;4;0;1;0
119359;"cable desde hdmi macho a hdmi macho longitud 20 metros 1.4 high speed con ethernet eco";27.35;equip;cable;7;0;1;0
119361;"cable desde hdmi macho a hdmi macho longitud 1 metro  1.4 high speed con ethernet y conector pivotante 180";5.11;equip;cable;2;0;1;0
119390;"cable desde displayport macho a hdmi macho longitud 2 metros";8.84;equip;cable;26;0;1;0
1200-02;"rotulador de punta fina rojo";0.51;edding;papeleria;99;0;1;0
1200-03;"rotulador de punta fina azul";0.45;edding;papeleria;6;0;1;0
1200-04;"rotulador de punta fina verde";0.53;edding;papeleria;9;0;1;0
1200g-2usb-1;"lector codigos de barras ms-1200un voyager laser omnidireccional lectura con pulsador con soporte 1d usb negro";50.54;honeywell;scanner cb;8;0;1;0
1202g-2usb-5;"lector codigos de barras ms-1202g voyager laser omnidireccional lectura con pulsador con soporte 1d bluetooth memoria bateria 1800mah usb negro";104.91;honeywell;scanner cb;4;0;1;0
121140;"conector rj45 macho de categoria 5e pack de 100 unidades";14.53;equip;conector;6;0;1;0
121143;"conector rj45 macho de categoria 6e pack de 100 unidades";10.84;equip;conector;3;0;1;0
121165;"conector rj45 de categoria 6 toolfree no necesita crimpadora pack 2 unidades";4.62;equip;conector;8;0;1;0
121169;"adaptador desde rj45 hembra a rj45 hembra categoria 6 e apantallado";3.3;equip;adaptador;3;0;1;0
127603;"adaptador desde rj45 macho a rj45 hembra categoria 5 e  dos conectores";4.29;equip;adaptador;7;0;1;0
128292;"cable desde usb-a macho a usb-b macho 3.0 longitud 1.8 metros para impresora";3.52;equip;cable;13;0;1;0
128293;"cable desde usb-a macho a usb-b macho 3.0 longitud 3 metros para impresora";3.76;equip;cable;12;0;1;0
12834107;"cable desde usb-c macho a usb-a macho 3.1  longitud 1 metro (para carga de 3a o datos 5gb/s)";3.64;equip;cable;13;0;1;0
128344;"cable desde usb-c macho a usb-a macho 3.2  longitud 2 metros (para carga de 3a o datos 5gb/s con doble blindaje)";4.48;equip;cable;8;0;1;0
128347;"cable desde usb-c macho a usb-c macho longitud 2 metros velocidad de transferencia de datos de hasta 5gbps doble blindaje para una transferencia de datos sin errores corriente de salida de hasta 3a, 20v/3 a  (max. 60w)";4.18;equip;cable;7;0;1;0
128397;"cable desde usb-a macho a micro usb-b macho 3.0 longitud 2 metros";2.91;equip;cable;8;0;1;0
128398;"cable desde usb-a macho 3.0 a usb hembra 3.0 longitud 2 metros";3.34;equip;cable;16;0;1;0
128399;"cable desde usb-a macho 3.0 a usb hembra 3.0 longitud 3 metros";4.04;equip;cable;11;0;1;0
128521;"cable desde usb-a macho a mini usb 5 pines macho longitud 1.8 metros";1.43;equip;cable;5;0;1;0
128523;"cable desde usb-a macho a micro usb macho longitud 1.8 metros";1.29;equip;cable;11;0;1;0
128551;"cable desde usb-a macho a micro usb-b macho 2.0 longitud 1.8 metros con ferrita";1.39;equip;cable;6;0;1;0
128594;"cable desde usb-a macho a micro usb macho longitud 1 metro";1.01;equip;cable;12;0;1;0
128596;"cable desde usb-a macho a micro usb-b macho 2.0 longitud 1 metro con ferrita";1.14;equip;cable;23;0;1;0
128850;"cable desde usb-a macho 2.0 a usb hembra 2.0 longitud 1.8 metros";1.17;equip;cable;6;0;1;0
128851;"cable desde usb-a macho 2.0 a usb hembra 2.0 longitud 3 metros";1.55;equip;cable;14;0;1;0
128852;"cable desde usb-a macho 2.0 a usb hembra 2.0 longitud 5 metros";2.08;equip;cable;12;0;1;0
128860;"cable desde usb-a macho a usb-b macho 2.0 longitud 1.8 metros para impresora";1.22;equip;cable;31;0;1;0
128861;"cable desde usb-a macho a usb-b macho 2.0 longitud 3 metros para impresora";1.46;equip;cable;13;0;1;0
128862;"cable desde usb-a macho a usb-b macho 2.0 longitud 5 metros para impresora";1.91;equip;cable;0;0;1;0
128863;"cable desde usb-a macho a usb-b macho 2.0 longitud 1 metro para impresora";0.9;equip;cable;15;0;1;0
128870;"cable desde usb-a macho a usb-a macho 2.0 longitud 1.8 metros";1.16;equip;cable;21;0;1;0
128871;"cable desde usb-a macho a usb-a macho 2.0 longitud 3 metros";1.28;equip;cable;7;0;1;0
12888307;"cable desde usb-c macho a usb-c macho longitud 1 metro velocidad de transferencia de datos de hasta 480mbps doble blindaje para una transferencia de datos sin errores corriente de salida de hasta 3a.";2.41;equip;cable;0;0;1;0
128887;"cable desde usb-c macho a usb-c macho longitud 2 metros velocidad de transferencia de datos de hasta 480mbps doble blindaje para una transferencia de datos sin errores corriente de salida de hasta 3a.";3.09;equip;cable;13;0;1;0
128888;"cable desde usb-c macho a usb-c macho longitud 3 metros velocidad de transferencia de datos de hasta 480mbps doble blindaje para una transferencia de datos sin errores corriente de salida de hasta 3a.";3.63;equip;cable;2;0;1;0
129503;"juego de herramientas para redes";20.44;equip;accesorio;0;0;1;0
129506;"juego de herramientas para redes";18.33;equip;accesorio;1;0;1;0
12a1980;"tinta n 80 tricolor";25.96;lexmark;tinta;29;0;1;0
12a1985e;"tinta n 85 tricolor";26.37;lexmark;tinta;20;0;1;0
12a5840;"toner lexmark optra t 61x";133.41;lexmark;toner;3;0;1;0
12a7344;"toner lexmark t520/t522 alta capacidad";243.74;lexmark;toner;4;0;1;0
12a7405;"toner lexmark e321/e323 (6000p)";109.13;lexmark;toner;3;0;1;0
12a7410;"toner lexmark t420";71.77;lexmark;toner;1;0;1;0
12a7415;"toner lexmark t420 alto rendimiento";124.53;lexmark;toner;1;0;50;0
12a7460;"toner lexmark t630/t632";97.38;lexmark;toner;3;0;1;0
12a8244;"toner lexmark t630/632/634/x630/632 alto rendimiento";274.25;lexmark;toner;1;0;1;0
12ax970e;"tinta n 70 negro nuevo p/n";32.23;lexmark;tinta;2;0;1;0
12ax975e;"tinta n 75 negro";22.03;lexmark;tinta;8;0;1;0
133310;"cable desde usb-a macho 2.0 a usb hembra 2.0 longitud 10 metros intercambiable en caliente plug-and-play con alimentacion de bus usb";12.52;equip;cable;8;0;1;0
133311;"cable desde usb-a macho 2.0 a usb hembra 2.0 longitud 15 metros intercambiable en caliente plug-and-play con alimentacion de bus usb";19.89;equip;cable;3;0;1;0
133336;"cable desde usb-a macho 2.0 a usb hembra 2.0 longitud 5 metros intercambiable en caliente plug-and-play con alimentacion de bus usb";10.26;equip;cable;10;0;1;0
133384;"adaptador desde usb 3.0 macho a vga hembra 1920x1080 60hz";16.55;equip;adaptador;10;0;1;0
133385;"adaptador desde usb 3.0 macho a hdmi hembra 1920x1080 60hz";23.87;equip;adaptador;4;0;1;0
133392;"cable desde usb-c macho a serie rs232 compatible con windows 7/8/10/11 linuxy mac os longitud 1.5 metros";9.73;equip;cable;6;0;1;0
133411;"cable desde usb-c macho a hdmi macho longitud 1 metro compatible con thunderbolt 3 soporta resoluciones de vdeo de hasta 4k/30hz instalacin plug-and-play se necesita un puerto usb-c con modo alternativo displayport";10.38;equip;cable;5;0;1;0
133412;"cable desde usb-c macho a hdmi macho longitud 2 metros compatible con thunderbolt 3 soporta resoluciones de vdeo de hasta 4k/30hz instalacin plug-and-play se necesita un puerto usb-c con modo alternativo displayport";10.36;equip;cable;2;0;1;0
133413;"cable desde usb-c macho a hdmi macho longitud 3 metros compatible con thunderbolt 3 soporta resoluciones de vdeo de hasta 4k/30hz instalacin plug-and-play se necesita un puerto usb-c con modo alternativo displayport";12.1;equip;cable;11;0;1;0
133416;"cable desde usb-c macho a hdmi macho longitud 2 metros compatible con thunderbolt 3 soporta resoluciones de video de hasta 4k/60hz instalacin plug-and-play se necesita un puerto usb-c con modo alternativo displayport";14.56;equip;cable;11;0;1;0
133417;"cable desde usb-c macho a hdmi macho longitud 3 metros compatible con thunderbolt 3 soporta resoluciones de video de hasta 4k/60hz instalacin plug-and-play se necesita un puerto usb-c con modo alternativo displayport";15.68;equip;cable;6;0;1;0
133422;"cable desde usb-c macho a displayport macho longitud 2 metros compatible con thunderbolt 3 soporta resoluciones de video de hasta 8k/60hz instalacin plug-and-play se necesita un puerto usb-c con modo alternativo displayport";15.94;equip;cable;2;0;1;0
133431;"adaptador desde displayport macho a dvi-i hembra dual link";6.09;equip;adaptador;9;0;1;0
133432;"adaptador desde mini displayport macho a vga hembra";6.45;equip;adaptador;7;0;1;0
133433;"adaptador desde mini displayport macho a dvi-d hembra dual link";5.91;equip;adaptador;2;0;1;0
133434;"adaptador desde mini displayport macho a hdmi hembra";5.54;equip;adaptador;6;0;1;0
133435;"adaptador desde displayport macho a vga hembra";6.31;equip;adaptador;21;0;1;0
133438;"adaptador desde displayport macho a hdmi hembra";5.87;equip;adaptador;27;0;1;0
133451;"adaptador desde usb-c macho a vga hembra";8.73;equip;adaptador;10;0;1;0
133452;"adaptador desde usb-c macho a hdmi hembra";9.63;equip;adaptador;6;0;1;0
133453;"adaptador desde usb-c macho a dvi-i hembra dual link";15.63;equip;adaptador;7;0;1;0
133454;"adaptador desde usb-c macho a ethernet hembra 10/100/1000mbps";13.07;equip;adaptador;6;0;1;0
133455;"adaptador desde usb-c macho a usb-a hembra";2.91;equip;adaptador;7;0;1;0
133458;"adaptador desde usb-c macho a displayport hembra";10.41;equip;adaptador;10;0;1;0
133466;"cable desde usb-c macho a hdmi macho longitud 1.8 metros";15.07;equip;cable;2;0;1;0
133469;"adaptador desde usb-c macho a mini jack hembra 3.5mm x2 para auriculares";8.23;equip;adaptador;2;0;1;0
133471;"adaptador desde usb 3.0 macho a sata 2.5' macho longitud 0.50 metros hasta 2tb compatible con usb 3.0 2.0 y 1.1";11.33;equip;adaptador;13;0;1;0
133484;"adaptador desde usb-c macho a hdmi hembra doble 4k hub usb-c de carga  y usb 3.0";28.78;equip;adaptador;10;0;1;0
133493;"adaptador desde usb-c macho a displayport hembra  1.4  8k  30hz";13.44;equip;adaptador;9;0;1;0
135425;"patch panel 24 puertos categoria 6 19' 1u negro";30.89;equip;accesorio;6;0;1;0
13619hc;"tinta tricolor";24.51;lexmark;tinta;9;0;50;0
1380520;"toner lexmark 4028/4019";221.74;lexmark;toner;1;0;1;0
1382050;"tinta negro";34.37;lexmark;tinta;5;0;1;0
1382060;"tinta tricolor";38.18;lexmark;tinta;15;0;1;0
1400gsr-1usb-1e;"lector codigos de barras ms-1400xp laser omnidireccional lectura con pulsador con soporte 2d usb blanco";78.1;honeywell;scanner cb;2;0;1;0
1400gsr-2usb-1e;"lector codigos de barras ms-1400xp laser omnidireccional lectura con pulsador con soporte 2d usb negro";78.1;honeywell;scanner cb;5;0;1;0
14708107101;"cable desde mini jack macho a mini jack macho longitud 2.5 metros";0.91;equip;cable;6;0;1;0
1472g2d-2usb-5-;"lector codigos de barras ms-1472g xp voyager extreme laser omnidireccional lectura con pulsador 2d bluetooth base de carga bateria 2400mah usb negro";128.68;honeywell;scanner cb;7;0;1;0
1509b001;"tinta pgi-35bk negro 191 paginas segun iso/iec 24711";8.22;canon;tinta;1;0;1;0
154807;"marcador textliner 48 fluorescente amarillo";0.5;faber castell;papeleria;9;0;1;0
154815;"marcador textliner 48 fluorescente naranja";0.85;faber castell;papeleria;9;0;1;0
154828;"marcador textliner 48 fluorescente rosa";0.5;faber castell;papeleria;9;0;1;0
154851;"marcador textliner 48 fluorescente azul";0.85;faber castell;papeleria;8;0;1;0
154863;"marcador textliner 48 fluorescente verde";0.5;faber castell;papeleria;6;0;1;0
1557a003;"toner fx3 negro 2.700 paginas al 5% cobertura";57.04;canon;toner;1;0;5;0
1584625;"pegamento en barra de 22gramos";1.46;printt;papeleria;9;0;1;0
15m0125e;"tinta n 25 tricolor";29.12;lexmark;tinta;15;0;1;0
15mx120br;"tinta n 20 tricolor  nuevo p/n";35.2;lexmark;tinta;3;0;1;0
15mx971e;"tinta n 71 negro";13;lexmark;tinta;5;0;1;0
16697;"altavoces 2.0 mila 10w  autoalimentado por usb conexion frontal de auriculares negro";13.2;trust;altavoces;7;0;1;0
16977;"alfombrilla con base antideslizante de microfibra con reposamueca de gel negro";7.37;trust;alfombrill;12;0;1;0
17595;"altavoces 2.0 remo mini jack 3.5mm 16w negro";16.99;trust;altavoz;10;0;1;0
1760049;"aceite lubricante/limpiador para destructoras rexel";23.72;rexel;componente;3;0;1;0
17g0060;"tinta n 60 tricolor";32.55;lexmark;tinta;2;0;1;0
181014;"cargador usb 2.4a por dos ht-1014 para coche";2.73;here!;cargador;1;0;1;0
18l0000e;"tinta n 88 tricolor";25.31;lexmark;tinta;9;0;1;0
18l0032;"tinta n 82 negro";27.94;lexmark;tinta;1;0;1;0
18y0141e;"tinta n 41 tricolor";26.89;lexmark;tinta;1;0;1;0
19.06.2085r;"juego de herramientas electronic 28 en 1 para portatil";18.46;indefinida;accesorio;1;0;1;0
19.1753;"camara videovigilancia exterior tubular fija ah124fhd de 2 mpx 2.8-12mm 42 leds de iluminacion ir carcasa antivandalico color blanco conexion rca + fuente de alimentacion";47.39;camtronics;camara vid;4;0;1;0
1a1-s00394100g;"tarjeta grafica intel arc a380 elf 6gb gddr6 resolucion 7680x4320 hdmi 3xdisplayport single fan doble ranura.";121.24;sparkle;vga;4;0;1;0
1a1-s00401900g;"tarjeta grafica intel arc a310 eco 4gb gddr6 resolucion 7680x4320 hdmi 2xminidisplayport single fan ";86.9;sparkle;vga;3;0;1;0
1f3y3a;"impresora multifuncion tinta smart tank 5105 a4 1200x1200ppp usb 2.0 wifi bluetooth impresion monocromo hasta 12ppm impresion color hasta 5ppm  bandeja entrada papel 100 hojas volumen impresion mesual hasta 3.000 paginas peso 5.03kg garantia un año.";130.84;hp;imp multif;2;0;1;5.25
1pv87a;"impresora laser monocromo enterprise m507dn a4 1200x1200ppp usb ethernet impresion monocromo 50ppm bandeja entrada papel 650 hojas impresion duplex volumen mensual hasta 7.500 paginas peso 16,34 kg";407.59;hp;impre prof;1;0;1;0
1vu26ae;"tinta botella 31 cian";8.99;hp;tinta;10;0;1;0
1vu27ae;"tinta botella 31 magenta";9.03;hp;tinta;8;0;1;0
1vu28ae;"tinta botella 31 amarillo";9.01;hp;tinta;8;0;1;0
1vv24ae;"tinta botella 32xl negro";10.62;hp;tinta;5;0;1;0
1x644aa;"mochila prelude pro recycle para portatil hasta 15.6" compartimentos 95% tejido externo reciclado y acabado resistente al agua color negra.";24.46;hp;mochila;3;0;1;0
200404;"clip labiado metalico del n3 de 42mm caja de 100 unidades";1.01;umec;papeleria;4;0;1;0
2020045xeu;"destructora autofeed+ 45x capacidad de 45 hojas automatica y 6 hojas manual tipo corte en particulas 4x28mm nivel de seguridad p-4 ciclo de trabajo de 10 minutos continuo con enfriamiento del ventilador destruye grapas tarjetas de credito y clips papelera de 20 litros peso 7.7kg negro";148.5;rexel;destructor;1;0;1;0
2020050xeu;"destructora auto+ 50x capacidad de 50 hojas automatica y 6 hojas manual tipo corte en particulas 4x28mm nivel de seguridad p-4 ciclo de trabajo de 10 minutos continuo con enfriamiento del ventilador destruye grapas tarjetas de credito y clips peso 8kg negro";149.55;rexel;destructor;3;0;1;0
2020090xeu;"destructora optimum autofeed 90x capacidad de 90 hojas automatica y 8 hojas manual tipo corte en particulas 4x28mm nivel de seguridad p-4 ciclo de trabajo de 20 minutos continuo con enfriamiento del ventilador destruye grapas tarjetas de credito y clips panel tactil peso 12kg negro";222.88;rexel;destructor;2;0;1;0
2020100xeu;"destructora optimum autofeed 100x capacidad de 100 hojas automatica y 8 hojas manual tipo corte en particulas 4x28mm nivel de seguridad p-4 ciclo de trabajo de 20 minutos continuo con enfriamiento del ventilador destruye grapas tarjetas de credito y clips peso 12kg negro";237.15;rexel;destructor;1;0;1;0
2020130xeu;"destructora optimum autofeed 130x capacidad de 130 hojas automatica y 8 hojas manual tipo corte en particulas 4x28mm nivel de seguridad p-4 ciclo de trabajo de 30 minutos continuo con enfriamiento del ventilador destruye grapas tarjetas de credito y clips panel tactil peso 12kg negro";293.56;rexel;destructor;2;0;1;0
2020150xeu;"destructora optimum autofeed 150x capacidad de 150 hojas automatica y 8 hojas manual tipo corte en particulas 4x28mm nivel de seguridad p-4 ciclo de trabajo de 30 minutos continuo con enfriamiento del ventilador destruye grapas tarjetas de credito y clips panel tactil peso 12kg negro";306.85;rexel;destructor;2;0;1;0
203-183-410;"interface ethernet para impresora transferencia termica pc43";91.89;indefinida;componente;3;0;1;0
21140;"atril de plastico para libros en a4 plata";8.9;fellowes;accesorio;2;0;1;0
21254;"funda de neopreno para portatil o tablet 11.6' negro";7.53;trust;funda;6;0;1;0
213010-02;"auriculares de diadema plantronics savi 7210 office monoaural con microfono y cancelacion de ruido hasta 120 metros inalambrico dect negro";172.93;poly;auricular;1;0;1;0
21551;"maletin para portatil hasta 16' negro primo carry  interior acolchado bolsillo delantero con cremallera para accesorios doble cremallera metalica";8.34;trust;maletin;9;0;1;0
21665;"auriculares de diadema primo con microfono mini jack 3.5mm negro";6.83;trust;auricular;29;0;1;0
221159;"adaptador desde rj45 hembra a rj45 hembra categoria 5 e apamtallado";2.94;equip;adaptador;28;0;1;0
22221;"teclado numerico xalas con cable usb negro";8.01;trust;teclado;4;0;1;0
22988;"raton gxt 133 locx illuminated gaming con cable usb optico 6 botones 4000 dpi atrativa iluminacion led con 4 efectos de luz ambidiestro ergonomico compatible con ps4 y xbox one cable trenzado de nailon de 1.8 metros negro";10.97;trust;raton;8;0;1;0
23205;"silla gaming gtx 705 ryon negro con detalles blanco piston de gas clase 4 con altura ajustable base reclinable con posibilidad de bloqueo reposabrazos almohadillados soporta 150kg";109.03;trust;silla;1;0;1;0
2321c006;"impresora tinta pixma ts305 a4 4800x1200ppp usb 2.0 wifi impresion monocromo 7.7ppm impresion color 4ppm bandeja entrada papel 60 hojas canon print negro peso 5 kg";37.17;canon;imp multif;1;0;1;5.25
23600;"grapas 23/6-200 cobreadas hasta 20 hojas caja de 1000 grapas patilla de 6mm";0.59;petrus;papeleria;20;0;1;0
23604;"soporte universal thano headrest para tablet color negro.";4.4;trust;soporte;4;0;1;0
23712;"auriculares intrauditivo primo con microfono y estuche de carga bluetooth negro";13.36;trust;auricular;4;0;1;0
23780;"auriculares intrauditivo primo con microfono y estuche de carga bluetooth azul";13.75;trust;auricular;1;0;1;0
23781;"auriculares intrauditivo primo con microfono y estuche de carga bluetooth verde";13.35;trust;auricular;2;0;1;0
23782;"auriculares intrauditivo primo con microfono y estuche de carga bluetooth rosa";12.89;trust;auricular;4;0;1;0
23783;"auriculares intrauditivo primo con microfono y estuche de carga bluetooth blanco";14.09;trust;auricular;1;0;1;0
23883;"teclado primo silencioso resistente a vertidos cable usb 1.8 metros negro";8.8;trust;teclado;1;0;1;0
23977;"teclado y raton tkm-250 con cable usb teclado: silencioso resistente a vertidos liquidos raton: ambidiestro formato normal cable usb 1.8 metros negro";10.24;trust;teclado;9;0;1;0
23982;"teclado tkm-150 con cable usb silencioso resistente a vertidos liquidos cable usb 1.8 metros negro";7.82;trust;teclado;5;0;1;0
24042;"teclado raton auriculares y webcam kit teclado: inalambrico 104 teclas tamao compacto raton: inalambrico 1600dpi 3 botones auriculares: con microfono control de volumen mini jack webcam: hd 720p usb negro";44.95;trust;teclado;8;0;1;0
24217;"silla gaming gtx 708 resto negro con detalles rojo elevador de gas clase 4 ajustable entre 90 y 180 giratoria 360 soporta 150kg";155.14;trust;silla;1;0;1;0
242p6b;"impresora multifuncion tinta envy inspire 7220e a4 4800x1200ppp usb 2.0 wifi impresion monocromo 15ppm impresion color 10ppm impresion duplex bandeja entrada papel 125 hojas eprint volumen mensual hasta 400 paginas peso 7 kg";70.83;hp;imp multif;6;0;1;5.25
245201;"teclado y raton life con cable usb 1.35 metros  raton ambidiestro negro ";7.15;equip;teclado;5;0;1;0
245205;"teclado numerico con cable usb negro";5.08;equip;teclado;7;0;1;0
245221;"teclado y raton life wireless combo 2.4ghz con receptor usb ";10.6;equip;teclado;6;0;1;0
245301;"auriculares de diadema con microfono usb con control de volumen negro y blanco";9.9;equip;;47;0;1;0
245320;"adaptador desde usb 2.0 macho a mini jack hembra 3.5mm un auricular y un microfono (tarjeta de sonido usb).";3.84;equip;adaptador;14;0;1;0
245340;"microfono de escritorio usb-a con interruptor de silencio cable de 1.2 metros color negro";8.75;equip;microfono;22;0;1;0
245420;"refrigeracion por aire ventilador conexion usb-a de 6' color negro";6.71;equip;ventilador;6;0;1;0
245460;"lector de tarjetas externo para memorias microsd microsdhc sd sdhc con conexion usb-a usb-c usb 3.0 gris";8.06;equip;lector;10;0;1;0
245551;"regleta tres tomas de enchufe schuko sin interruptor cable de 1.5 metros";5.65;equip;regleta;6;0;1;0
245552;"regleta seis tomas de enchufe schuko con interruptor y con proteccion infantil cable 1.5 metros blanco";7.82;equip;regleta;0;0;1;0
245553;"regleta cuatro tomas de enchufe schuko proteccion contra voltaje + 2 puertos de alimentacion usb con interruptor cable 1.5 metros";14.44;equip;regleta;15;0;1;0
245554;"regleta cinco tomas de enchufe schuko proteccion contra voltaje + 2 puertos de alimentacion usb con interruptor cable 1.5 metros blanco";14.92;equip;regleta;0;0;1;0
24654;"teclado basic ultrafino para pc, tablet y smartphone conexion bluetooth color blanco/plata";13.2;trust;teclado;18;0;1;0
24657;"raton basic 3 botones y rueda de desplazamiento 1200dpi conexion cable usb longitud170cm ambidiestrocolor negro";2.9;trust;raton;8;0;1;0
24659;"auriculares de diadema basics con microfono mini jack 3.5mm longitud del cable cable principal 180cm negro";4.38;trust;auricular;22;0;1;0
24660;"altavoces 2.0 basic 10w  autoalimentado por usb conexion frontal de auriculares negro";11.87;trust;altavoces;3;0;1;0
24794;"raton primo 4 botones y rueda de desplazamiento ajustable 1600-1000 dpi conexion wireless con receptor usb sensor optico ambidiestro color negro.";6.6;trust;raton;10;0;1;0
24795;"raton primo 4 botones y rueda de desplazamiento ajustable 1600-1000 dpi conexion wireless con receptor usb sensor optico ambidiestro color blanco.";6.6;trust;raton;14;0;1;0
24796;"raton primo 4 botones y rueda de desplazamiento ajustable 1600-1000 dpi conexion wireless con receptor usb sensor optico ambidiestro color azul.";6.6;trust;raton;6;0;1;0
24966;"raton primo 3 botones y rueda de desplazamiento 1600dpi conexion bluetooth sensor optico ambidiestro 10m de alcance color negro.";9.9;trust;raton;9;0;1;0
24e2n1110/00;"monitor 23.8' 1920x1080 a 120hz led ips full hd 4ms 300cd/m2 1500:1 16:9 hdmi vga angulo vision h:178-v178 inclinacion +20/-5 soporte vesa 100x100mm bordes reducidos negro";66.96;philips;monitor;10;0;1;0
25087;"auriculares de diadema ayda con microfono mini jack 3.5mm longitud del cable 180cm negro";12.1;trust;auricular;9;0;1;0
25088;"auriculares de diadema ayda con microfono  usb negro";15.4;trust;auricular;8;0;1;0
25089;"auriculares de diadema ayda con microfono plegable y cancelacion de ruido conexion usb y adaptador a usb-c color negro";23.1;trust;auricular;19;0;1;0
25132;"raton ergo verto vertical 6 botones y rueda de desplazamiento ajustable 1600-800 dpi rgb conexion wireless receptor usb color blanco";23.1;trust;raton;6;0;1;0
25144;"raton ergo bayo ii vertical 6 botones y rueda de desplazamiento ajustable 2400-800 dpi conexion cable usb longitud 150cm color negro";16.5;trust;raton;1;0;1;0
25145;"raton ergo bayo ii vertical 6 botones y rueda de desplazamiento ajustable 2400-800 dpi conexion receptor usb rf 2.4 ghz recargable por usb-c color negro";26.72;trust;raton;5;0;1;0
25146;"raton ergo bayo ii+ multidispositivo vertical 6 botones y rueda de desplazamiento ajustable 2400-800 dpi conexion receptor usb rf 2.4 ghz y 2 x bluetooth recargable por usb-c color negro";33;trust;raton;3;0;1;0
25333;"auriculares de diadema hs-150 con microfono mini jack 3.5mm negro";12.1;trust;auricular;12;0;1;0
25334;"auriculares de diadema hs-260 con microfono usb con adaptador de usb a o usb-c y cancelacion de ruido longitud del cable  180cm negro";23.1;trust;auricular;8;0;1;0
25356;"teclado y raton inalambrico tkm-360 silencioso con receptor usb";12.78;trust;teclado;42;0;1;0
25433;"teclado y raton primo wireless con receptor usb ";12.1;trust;teclado;3;0;1;0
255688;"altavoces 1.0 grip bluetooth 16w bateria  autonomia de 14 horas resistente al agua negro";72.6;jbl;altavoz;2;0;1;0
255692;"altavoces 1.0 grip bluetooth 16w bateria  autonomia de 14 horas resistente al agua rojo";72.6;jbl;altavoz;1;0;1;0
255694;"altavoces 1.0 grip bluetooth 16w bateria  autonomia de 14 horas resistente al agua blanco";72.6;jbl;altavoz;1;0;1;0
26253;"lector de tarjetas externo primo compatible dnie 4.0, eid, edowod o cie windows y mac os se conecta facilmente al ordenador para identificacion personal en sitios web y administraciones publicas negro usb c";8.01;trust;lector;7;0;1;0
265d9aa;"raton laser con cable hp 128 usb 2 botones ambidiestro negro";9.65;hp;raton;4;0;1;0
271v8l/00;"monitor 27' 1920x1080 a 75hz led full hd 4ms 250cd/m2 3000:1 16:9 hdmi vga angulo vision h:178-v178 inclinacion +20/-5 soporte vesa 100x100mm bordes reducidos negro";89.64;philips;monitor;2;0;1;0
27e2n1110/00;"monitor 27' 1920x1080 a 140hz led ips full hd 4ms 300cd/m2 1500:1 16:9 hdmi vga angulo vision h:178-v178 inclinacion +20/-5 soporte vesa 100x100mm bordes reducidos negro";80.59;philips;monitor;13;0;1;0
27tq615s-pz.aeu;"monitor 27tq615s-pz 27' full hd ips con retroiluminacion led 1920x1080 60hz 2xhdmi 1xusb 2.0 1xethernet 1xsalida optica wifi bluetooth airplay screen share multimedia smart tv  sistema operativo webos 22 color negro";149.04;lg;monitor;3;0;1;0
28b54a;"impresora multifuncion tinta smart tank 7005 a4 1200x1200ppp usb 2.0 wifi bluetooth impresion monocromo hasta 15ppm impresion color hasta 9ppm impresion duplex bandeja entrada papel 250 hojas volumen impresion mesual hasta 800 paginas wifi direct peso 9.20kg";192.11;hp;imp multif;2;0;1;5.25
28b75a;"impresora multifuncion tinta smart tank 7305 a4 1200x1200ppp usb 2.0 wifi bluetooth impresion monocromo hasta 15ppm impresion color hasta 9ppm impresion duplex adf 35 hojas bandeja entrada papel 250 hojas volumen impresion mesual hasta 800 paginas wifi direct peso 10.70kg";224.08;hp;imp multif;2;0;1;5.25
28c02a;"impresora multifuncion tinta smart tank 7605 a4 1200x1200ppp usb 2.0 wifi bluetooth fax impresion monocromo hasta 15ppm impresion color hasta 9ppm impresion duplex adf 35 hojas bandeja entrada papel 250 hojas volumen impresion mesual hasta 800 paginas wifi direct peso 10.70kg";256.93;hp;imp multif;1;0;1;5.25
295896;"cinta de embalaje 50mm x 66m pack de 6 unidades marron";5.94;5 estrellas;papeleria;6;0;1;0
29700;"alfombrilla antideslizante superficie de poliester azul";1.23;fellowes;alfombrill;5;0;1;0
29702;"alfombrilla antideslizante superficie de poliester gris";1.23;fellowes;alfombrill;15;0;1;0
29704;"alfombrilla antideslizante superficie de poliester negro";1.23;fellowes;alfombrill;12;0;1;0
2971b009;"tinta cl-513 tricolor (amarillo, magenta y cian) 349 paginas segun iso/iec 24711";22.35;canon;tinta;9;0;1;0
2972b010;"tinta cl-511 tricolor (amarillo, magenta y cian) 244 paginas segun iso/iec 24711";17.55;canon;tinta;4;0;1;0
2r7f3a;"impresora laser monocromo tank 1504w a4 600x600ppp usb bluetooth wifi deposito rellenable impresion monocromo 22ppm bandeja entrada papel 150 hojas airprint volumen mensual hasta 2.500 paginas peso 6,2 kg";212.11;hp;impresora;1;0;1;4
2z605f;"impresora laser monocromo pro 4002dn a4 4800x600ppp usb ethernet impresion monocromo 40ppm bandeja entrada papel 250 hojas impresion duplex airprint volumen mensual hasta 4.000 paginas peso 8,56 kg";116.25;hp;impre prof;1;0;1;0
2z606f;"impresora laser monocromo pro 4002dw a4 4800x600ppp usb ethernet bluetooth wifi impresion monocromo 40ppm bandeja entrada papel 250 hojas impresion duplex airprint volumen mensual hasta 4.000 paginas peso 8,56 kg";137.67;hp;imp profes;4;0;1;0
2z622f;"impresora multifuncion laser monocromo pro mfp 4102dw a4 4800x600ppp usb ethernet bluetooth wifi impresion monocromo 40ppm bandeja entrada papel 900 hojas adf 35 hojas impresion duplex  airprint volumen mensual hasta 4.000 paginas peso 12,6 kg";218.18;hp;imp multif;0;0;1;5.25
2z623f;"impresora multifuncion laser monocromo  pro mfp 4102fdn a4 4800x600ppp usb ethernet fax impresion monocromo 40ppm bandeja entrada papel 900 hojas adf 35 hojas impresion duplex escaneado duplex airprint volumen mensual hasta 4.000 paginas peso 12,6 kg";262.78;hp;imp multif;0;0;1;5.25
2z624f;"impresora multifuncion laser monocromo  pro mfp 4102fdw a4 4800x600ppp usb ethernet bluetooth wifi fax impresion monocromo 40ppm bandeja entrada papel 900 hojas adf 35 hojas impresion duplex escaneado duplex airprint volumen mensual hasta 4.000 paginas peso 12,6 kg";362.32;hp;imp multif;0;0;1;5.25
3000-01;"rotulador permanente de punta redonda negro";1.8;edding;papeleria;6;0;1;0
3000-010;"rotulador permanente de punta redonda azul claro";1.89;edding;papeleria;28;0;1;0
3000-02;"rotulador permanente de punta redonda rojo";1.89;edding;papeleria;5;0;1;0
3000-03;"rotulador permanente de punta redonda azul";1.89;edding;papeleria;10;0;1;0
3000-04;"rotulador permanente de punta redonda verde";1.61;edding;papeleria;4;0;1;0
30425743;"auriculares intrauditivos con microfono usb-c longitud cable 1,2m impedancia: 32 ohmios sensibilidad: 98 +/-3 db frecuencia: 20hz - 20khz blanco";4.29;kodak;auricular;3;0;1;0
3070166;"cinta de nylon negro 2480/2580 plus";13.72;lexmark;cinta;0;0;1;0
30952010;"pila alcalinas 6lr61 9v";1.39;kodak;pila;19;0;1;0
30959514;"pila alcalinas lr6 1.5v aa  ultra premium 3000mah pack 4 unidades";1.02;kodak;pila;13;0;1;0
32mr50c-b;"monitor 31.5' 32mr50c-b curvo1920x1080 a 100hz full hd lcd 5ms 250cd/m2  3000:1 16:9 hdmi vga salida mini jack 3.5mm angulo vision h:178-v178 inclinacion -5+5 soporte vesa 100x100 dimensiones 708,7x513.1x233.7mm 8.3kg negro";120.88;lg;monitor;2;0;1;0
32phs5500/12;"televisor 32' pixel plus hd resolucion 1280x720 60hz 2xhdmi 1xusb compatible vesa 100x100 peso 3.31kg color negro";113.08;philips;televisor;3;0;1;0
32phs5507/12;"televisor 32'  pixel plus hd resolucion 1366x768 60hz 2xhdmi 1xusb sallida de audio digital (optica) compatible vesa 100x100 color negro";131.46;philips;televisor;1;0;1;0
32phs6000/12;"televisor 32' hd smart tv control por voz wifi , 3xhdmi, 2usb, ethernet, salida optica digital, altavoces 2x6w dolby audio con vocal boost sistema operativo titan os compatible alexa y google assistant vesa 100x100 ";132.92;philips;televisor;3;0;1;0
32sr50f-w;"monitor 31.5' con smart tv myview 32sr50f-w 1920x1080 a 60hz full hd 5ms 250cd/m2 3000:1 16:9 2xhdmi 2xusb wifi integrado bluetooth altavoces inclinacion +22/-2 soporte vesa 100x100mm dimensiones 731.8x209.9x521.2mm 6.6kg blanco";205.2;lg;monitor;3;0;1;0
3302502;"encuadernadora de espiral metalico metal 25 perfora hasta 10 hojas de 80 gramos encuaderna hasta 450 hojas en a4 de 80 gramos con un espiral de 50mm paso del espiral 5:1 negro";93.94;fellowes;papeleria;1;0;1;0
332521;"splitter vga para 2 monitores alimentado por usb 450mhz";33.32;equip;splitter;4;0;1;0
332712;"splitter hdmi para 2 monitores";28.68;equip;splitter;4;0;1;0
332714;"splitter hdmi para 4 monitores compatible con resoluciones de hasta 4k x 2k@30hz";42.83;equip;splitter;2;0;1;0
332715;"splitter hdmi para 2 monitores ultra slim";22.51;equip;splitter;3;0;1;0
332725;"conmutador hdmi 2.0 4k 3x1 alimentacion por usb permite cambiar comodamente entre tres fuentes de entrada hdmi.";38.45;equip;splitter;2;0;1;0
332726;"conmutador hdmi 2.0 4k 5x1 alimentacion por usb permite cambiar comodamente entre cinco fuentes de entrada hdmi.";45.22;equip;splitter;5;0;1;0
333281;"regleta cuatro tomas de enchufe schuko sin interruptor iec cable 1.1 metros";6.02;equip;regleta;4;0;1;0
333282;"regleta nueve tomas schuko sin interruptor para rack 19'";14.74;equip;regleta;7;0;1;0
333283;"regleta ocho tomas de enchufe schuko con interruptor para rack 19'";15.19;equip;regleta;9;0;1;0
333304;"regleta para mesa tres tomas de enchufe schuko + 2 puertos alimentacion usb con interruptor aluminio cable 1.5 metros";18.16;equip;regleta;3;0;1;0
33706;"taladro perforador clasico metalico hasta 20 hojas marcas de formato facil vaciado punzones de 5.5mm color cromado";25.19;petrus;papeleria;1;0;1;0
33707;"taladro perforador clasico metalico hasta 20 hojas marcas de formato facil vaciado punzones de 5.5mm color negro";14.95;petrus;papeleria;2;0;1;0
33744;"taladro perforador clasico metalico hasta 20 hojas marcas de formato facil vaciado punzones de 5.5mm color azul";14.95;petrus;papeleria;2;0;1;0
33746;"taladro perforador clasico metalico hasta 20 hojas marcas de formato facil vaciado punzones de 5.5mm color rojo";14.95;petrus;papeleria;2;0;1;0
34u511a-b;"monitor 34' profesional ultrapanoramico ultrawide uwfhd 2560x1080 ips a 100hz 5ms hdmi displayport 1000:1 angulo vision h:178-v:178 vesa 100x100 7.6kg negro";164.52;lg;monitor;0;5;1;0
3608601;"aceite lubricante para destructoras de papel corte de particulas minicorte y microcorte 355ml";10.39;fellowes;aceite;5;0;1;0
3712c001;"tinta pg-560xl negro 400 paginas aproximadamente";21.6;canon;tinta;14;0;1;0
3713c001;"tinta pg-560 negro 180 paginas aproximadamente";15.85;canon;tinta;3;0;1;0
3730c001;"tinta cl-561xl tricolor (amarillo, magenta y cian) 300 paginas aproximadamente";20.89;canon;tinta;8;0;1;0
3731c001;"tinta cl-561 tricolor (amarillo, magenta y cian) 180 paginas aproximadamente";18.78;canon;tinta;7;0;1;0
381l0a;"impresora multifuncion laser monocromo tank mfp 1604w a4 600x600ppp usb bluetooth wifi impresion monocromo 22ppm bandeja entrada papel 150 hojas airprint volumen mensual hasta 2.500 paginas peso 7,9 kg";215.98;hp;imp multif;5;0;1;5.25
381v0a;"impresora multifuncion laser monocromo  tank mfp 2604dw a4 600x1200ppp usb ethernet bluetooth wifi impresion monocromo 22ppm bandeja entrada papel 250 hojas impresion duplex airprint volumen mensual hasta 2.500 paginas peso 7,9 kg";212.1;hp;imp multif;3;0;1;5.25
381v1a;"impresora multifuncion laser monocromo tank mfp 2604sdw a4 600x600ppp usb ethernet bluetooth wifi deposito rellenable impresion monocromo 22ppm bandeja entrada papel 250 hojas impresion duplex airprint volumen mensual hasta 2.500 paginas peso 9,5 kg";249.71;hp;imp multif;2;0;1;5.25
38347-01;"cable desde rj45 macho a rj11 + mini jack 3.5 longitud 1.5 metros descolgador aps-1 alcatel";28.74;plantronics;componente;1;0;1;0
3ed67a;"tinta 712 cian 27ml";27.53;hp;tinta;1;0;1;0
3ed68a;"tinta 712 magenta 27ml";27.53;hp;tinta;1;0;1;0
3ed69a;"tinta 712 amarillo 27ml";27.53;hp;tinta;1;0;1;0
3ed70a;"tinta 712 negro 38ml";33.87;hp;tinta;1;0;1;0
3g651f;"impresora laser monocromo laser jet pro 3002dn a4 1200x1200ppp usb 2.0 ethernet impresion monocromo 33ppm impresion duplex bandeja entrada papel 250 hojas apple airprint print anywhere volumen mensual hasta 2.500 paginas peso 7.5 kg";95.56;hp;impresora;2;0;1;4
3g652f;"impresora laser monocromo laser jet pro 3002dw a4 1200x1200ppp usb 2.0 ethernet wifi bluetooth impresion monocromo 33ppm impresion duplex bandeja entrada papel 250 hojas apple airprint print anywhere volumen mensual hasta 2.500 paginas peso 7.5 kg";93.23;hp;impresora;4;0;1;4
3ja23ae;"tinta 963 cian 700 paginas aproximadamente";19.04;hp;tinta;9;0;1;0
3ja24ae;"tinta 963 magenta 700 paginas aproximadamente";19.19;hp;tinta;3;0;1;0
3ja25a;"tinta 963 amarillo 700 paginas aproximadamente";18.92;hp;tinta;10;0;1;0
3ja26ae;"tinta 963 negro 1.000 paginas aproximadamente";26.2;hp;tinta;0;0;1;0
3ja27ae;"tinta 963xl cian 1.600 paginas aproximadamente";30.19;hp;tinta;10;0;1;0
3ja28ae;"tinta 963xl magenta 1.600 paginas aproximadamente";30.22;hp;tinta;10;0;1;0
3ja29ae;"tinta 963xl amarillo 1.600 paginas aproximadamente";30.2;hp;tinta;13;0;1;0
3ja30ae;"tinta 963xl negro 2.000 paginas aproximadamente";40.37;hp;tinta;20;0;1;0
3jb05ae;"tinta 304 negro + 304 tricolor pack ahorro";25.23;hp;tinta;13;0;1;0
3pz55a;"impresora multifuncion laser monocromo enterprise m430f a4 600x600ppp usb 2.0 ethernet fax impresion 40ppm impresion y escaneado duplex bandeja entrada papel 350 hojas adf 50 hojas volumen mensual hasta 4.500 paginas peso 13 kg";393.77;hp;imp multif;1;0;1;5.25
3pz95a;"impresora laser color enterprise m455dn a4 600x600ppp usb 2.0 ethernet impresion monocromo 27ppm impresion color 27ppm impresion duplex bandeja entrada papel 300 hojas wifi direct eprint volumen mensual hasta 4.800 paginas peso 22 kg";366.96;hp;impresora;1;0;1;4
3vg20mf;"cable desde vga macho a vga macho longitud 20 metros";29.72;roline;cable;1;0;1;0
3yl77ae;"tinta 912 cian 315 paginas aproximadamente";8.7;hp;tinta;0;0;1;0
3yl78ae;"tinta 912 magenta 315 paginas aproximadamente";8.7;hp;tinta;0;0;1;0
3yl79ae;"tinta 912 amarillo 315 paginas aproximadamente";8.7;hp;tinta;0;0;1;0
3yl80ae;"tinta 912 negro 300 paginas aproximadamente";13.98;hp;tinta;8;0;1;0
3yl81ae;"tinta 912xl cian 825 paginas aproximadamente";16.87;hp;tinta;6;0;1;0
3yl82ae;"tinta 912xl magenta 825 paginas aproximadamente";16.87;hp;tinta;4;0;1;0
3yl83ae;"tinta 912xl amarillo 825 paginas aproximadamente";16.63;hp;tinta;11;0;1;0
3yl84ae;"tinta 912xl negro 825 paginas aproximadamente";33.08;hp;tinta;13;0;1;0
3ym60ae;"tinta 305 tricolor 100 paginas aproximadamente";9.98;hp;tinta;10;0;1;0
3ym61ae;"tinta 305 negro 120 paginas aproximadamente";9.98;hp;tinta;4;0;1;0
3ym62ae;"tinta 305xl negro 240 paginas aproximadamente";18.78;hp;tinta;79;0;1;0
3ym63ae;"tinta 305xl tricolor 200 paginas aproximadamente";17.19;hp;tinta;59;0;1;0
3ym92ae;"tinta 303 negro + 303 tricolor pack ahorro";33.68;hp;tinta;5;0;1;0
400005368;"funda plasticas multitaladro en formato folio a4 90 micras transparente acabado piel de naranja pack 10 unidades";0.62;elba;papeleria;36;0;1;0
40146807;"cable de red desde rj45 macho a rj45 macho utp categoria 6 longitud 305 metros eco libre halogenos";96.36;equip;cable;2;0;1;0
40148507;"cable de red desde rj45 macho a rj45 macho ftp categoria 6 apantallado longitud 100 metros eco libre halogenos";128.88;equip;cable;1;0;1;0
401486;"cable de red desde rj45 macho a rj45 macho sf/utp categoria 6 apantallado longitud 300 metros eco libre halogenos";242.37;equip;cable;2;0;1;0
401491;"cable de red desde rj45 macho a rj45 macho s/ftp categoria 6a longitud 100 metros";116.11;equip;cable;1;0;1;0
4025601;"aceite hojas lubricantes con aceite vegetal para destructoras de corte en particulas, minicorte y microcorte - pack 10 uds compatible con cualquier marca o modelo de destructoras";11.38;fellowes;aceite;10;0;1;0
4044951028153;"chasis semitorre lit 100 sin fuente soporta atx micro atx mini itx bahias internas 2x3.5' 6x2.5' 1xventilador trasero 120mm rgb 1xventilador delantero 2xusb3.0 1xusb2.0 salida audio y microfono iluminacion rgb ventana lateral transparente de cristal templado dimensiones (prxalxan) 436x481x206mm peso 6.7 kg negro";63.83;sharkoon;chasis;7;0;1;0
4044951035069;"chasis semitorre tg7m sin fuente soporta atx micro atx mini itx bahias internas 2x3.5' 4x2.5' 3xventilador frontal 120mm rgb 1xusb3.0 1xusb-c salida audio y microfono ventana lateral transparente de cristal templado dimensiones (prxalxan) 485x488x220mm peso 7.8 kg negro";94.55;sharkoon;chasis;1;0;1;0
404521;"cable de red desde rj45 macho a rj45 macho utp categoria 6 longitud 100 metros";34.83;equip;cable;2;0;1;0
404531;"cable de red desde rj45 macho a rj45 macho utp categoria 6 longitud 100 metros eco libre halogenos";83.78;equip;cable;2;0;1;0
405u3b;"impresora multifuncion tinta officejet pro 8122e a4 1200x1200ppp usb 2.0 wifi ethernet impresion monocromo hasta 20ppm impresion color hasta 10ppm impresion duplex bandeja entrada papel 250 hojas adf 30 hojas volumen impresion mesual hasta 20.000 paginas peso 8kg un año de garantia, segundo año de garantia adicional registrandose en elige hp+ en los siete dias posteriores a la configuracion. y tercer año de garantia adicional registrandose en hp.com/eu/bonuswarranty dentro de los sesenta dias siguientes a la fecha de compra.";83.59;hp;imp multif;1;0;1;5.25
4074101;"destructora 450m hasta 9 hojas manual en microcorte de 2x12mm. (din p-5) ciclo de trabajo de 10 minutos con 20 minutos enfriamiento destruye grapas, tarjetas de credito y cd's capacidad de la papelera de 22 litros sistema de seguridad safesense para evitar accidentes que desconecta la maquina cuando se toca la boca de entrada color negro";224.6;fellowes;destructor;2;0;1;0
4170601;"destructora lx25m  de 6 hojas manual en minicorte de 4x12 mm (din p-4) destruye de manera continua durante 5 minutos con 30 minutos de enfriamiento cabezal extraible para vaciar la papelera de 11.5 litros de capacidad tambien destruye grapas, clips y tarjetas de credito color negro.";60.49;fellowes;destructor;2;0;1;0
41962805;"tambor amarillo 23.000 paginas";176.82;oki;tambor;1;0;1;0
41962807;"tambor cian 23.000 paginas";176.82;oki;tambor;1;0;1;0
41962808;"tambor negro 23.000 paginas";123.94;oki;tambor;1;0;1;0
42127405;"toner oki c5100/5200/5300/5400 amarillo";161.68;oki;toner;3;0;1;0
42127407;"toner oki c5100/5200/5300/5400 cian";142.78;oki;toner;2;0;1;0
42127454;"toner oki c5250/5450/5510/5540 amarillo";143.52;oki;toner;4;0;1;0
42127455;"toner oki c5510/c5540/c5250/c5450 magenta";146.25;oki;toner;2;0;1;0
42127456;"toner oki c5250-5450-c5510 mfp-c5540 mfp cian";143.52;oki;toner;3;0;1;0
42127457;"toner oki c5250/5450 negro";56.25;oki;toner;1;0;1;0
42804513;"toner oki c3100 amarillo";92.74;oki;toner;1;0;1;0
42804514;"toner oki c3100 magenta";92.74;oki;toner;3;0;1;0
42804515;"toner oki c3100 cian";92.74;oki;toner;3;0;1;0
42804537;"toner oki c3200-c3200n amarillo";88.17;oki;toner;1;0;1;0
43266;"cd - r mini 8cm 210mb 23 min 24x pack slim 5 uds";2.56;verbatim;cd;32;0;1;0.08
43327;"cd - r 700mb 80 min 52x jewel case caja 10 uds";6.73;verbatim;cd;17;0;1;0.08
43351;"cd - r 700 mb 80 min 52x tarrina 50 uds";11.7;verbatim;cd;4;0;1;0.08
43411;"cd - r 700 mb 80 min 52x tarrina 100 uds";22.03;verbatim;cd;10;0;1;0.08
43415;"cd - r 700 mb 80 min 52x slim case pack 10 uds";5.2;verbatim;cd;7;0;1;0.08
43432;"cd - r 80 min 52x tarrina 25 uds";6.34;verbatim;cd;7;0;1;0.08
43498;"dvd + r 4.7 gb 120 min 16x tarrina 10 uds";3.01;verbatim;dvd;4;0;1;0.21
43500;"dvd + r 4.7 gb 120 min 16x tarrina 25 uds";6.94;verbatim;dvd;7;0;1;0.21
43549;"dvd - r 4.7 gb 16x tarrina 100 uds 120 min.";27.25;verbatim;dvd rw;34;0;1;0.21
43552;"dvd - rw 4.7 gb 120 min 4x tarrina 10 uds";7.87;verbatim;dvd rw;1;0;1;0.21
43pus7009/12;"televisor 43' 43pus7009 ultra hd 4k  resolucion 3840x2160 60hz smart tv 3xhdmi 2xusb wifi ethernet sallida de audio digital (optica) conector de satelite vesa 200x200 color negro";245.15;philips;televisor;3;0;1;0
4400501;"destructora lx45  hasta 8 hojas manual en particulas de 4x37mm (din p-4) destruye de manera continua durante 6 minutos con 20 minutos de enfriamiento  tambien destruye grapas, clips y tarjetas de credito papelera con capacidad para 17 litros color negro";80.3;fellowes;destructor;2;0;1;0
4400556;"encuadernadora de espiral metalica mc10 coilbind perfora hasta 10 hojas de 80 gramos encuaderna hasta 450 hojas en a4 de 80 gramos solo acepta espirales metalicas de paso 5:1 blanco";119.82;gbc;papeleria;1;0;1;0
4400801;"destructora lx85  hasta 12 hojas manual en particulas de 4x40mm (din p-4) tecnologia safesense de desconexion automatica cuando la mano esta demasiado cerca destruye de manera continua durante 20 minutos con 20 minutos de enfriamiento tambien destruye grapas, clips y tarjetas de crdito papelera con capacidad para 19 litros color negro";142.97;fellowes;destructor;3;0;1;0
4407501;"destructora lx70  hasta 11 hojas manual  70gr en particulas de 4x40mm (din p-4) destruye de manera continua durante 5 minutos con 30 minutos de enfriamiento  tambien destruye grapas, clips y tarjetas de credito papelera con capacidad para 18 litros color  negro";72.6;fellowes;destructor;4;0;1;0
4410031;"plastificadora inspire+ a4 velocidad 250mm/min calentamiento 4 minutos ajuste adicional frio grueso de bolsa 75 y 125 micras color blanco";21.59;gbc;papeleria;3;0;1;0
4410032;"plastificadora inspire+ a3 velocidad 250mm/min calentamiento 4 minutos grueso de bolsa 75 y 125 micras color blanco";28.8;gbc;papeleria;1;0;1;0
4410034;"plastificadora inspire+ a4 + recortadora de esquinas + cizalla + paquete de cinco bolsas de plastificacion a4 velocidad 250mm/min calentamiento 4 minutos ajuste adicional frio grueso de bolsa 75 y 125 micras color blanco";27.36;gbc;papeleria;3;0;1;0
4410069eu;"plastificadora 240hs home office a3 velocidad 400mm/min calentamiento 2 minutos grueso de bolsa 75 y 125 micras color negro rojo";80.92;gbc;papeleria;1;0;1;0
44250723;"toner oki c100 cian  2500 paginas";87.44;oki;toner;1;0;1;0
4463c026;"impresora multifuncion tinta pixma ts3451 a4 4800x1200ppp usb wi-fi, impresin, copia, escaneo y nube  impresion monocromo 7.7ppm impresion color 4ppm bandeja entrada papel 60 hojas blanco peso 4 kg";49.53;canon;imp multif;2;0;1;5.25
44709;"grapadora 226c metalica hasta 30 hojas grapado cerrado abierto y clavado grapas 22/6 y 24/6 color cromado";29.21;petrus;papeleria;1;0;1;0
44715;"grapadora 435 golf de sobremesa grapas hasta 30 hojas grapado abierto y clavado grapas 22/6 24/6 y 26/6 color negro";12.44;petrus;papeleria;3;0;1;0
44733;"grapadora 222 de tenaza hasta 40 hojas grapado cerrado y abierto grapas 22/6-8 y 24/6-8 color cromado";32.06;petrus;papeleria;3;0;1;0
44743;"grapadora 200 liliput + 1 caja de 1000 grapas 23/6 hasta 12 hojas grapado cerredo y clavado";4.14;petrus;papeleria;7;0;1;0
44757;"grapadora 221 de tenaza hasta 20 hojas grapado cerrado grapas 23/6 color cromado";33.58;petrus;papeleria;3;0;1;0
44792;"grapadora 226 metalica hasta 30 hojas grapado cerrado abierto y clavado grapas 22/6 y 24/6 color negro";18.81;petrus;papeleria;3;0;1;0
44793;"grapadora 226 metalica hasta 30 hojas grapado cerrado abierto y clavado grapas 22/6 y 24/6 color rojo";22.57;petrus;papeleria;4;0;1;0
44794;"grapadora 226 metalica hasta 30 hojas grapado cerrado abierto y clavado grapas 22/6 y 24/6 color azul";22.57;petrus;papeleria;4;0;1;0
4480a002;"tinta bci-3 cian";9.19;canon;tinta;2;0;1;0
44813;"grapadora 435 golf de sobremesa grapas hasta 30 hojas grapado abierto y clavado grapas 22/6 24/6 y 26/6 color rojo";12.44;petrus;papeleria;3;0;1;0
44815;"grapadora 435 golf de sobremesa grapas hasta 30 hojas grapado abierto y clavado grapas 22/6 24/6 y 26/6 color azul";12.44;petrus;papeleria;3;0;1;0
4560001;"plastificadora ion a4 adecuada para fundas de plastificacion de 80 y 125 micras blanco";30.09;fellowes;papeleria;3;0;1;0
4621501;"destructora automax 80m capacidad de 80 hojas automatica y 8 hojas manual tipo corte en minicorte 4x12mm nivel de seguridad p-4 ciclo de trabajo de 7 minutos destruye grapas tarjetas de credito y clips cesto de 17 litros peso 8.80kg negro";155.1;fellowes;destructor;2;0;1;0
4629201;"destructora automax 100m capacidad de 100 hojas automatica y 10 hojas manual tipo corte en minicorte 4x10mm nivel de seguridad p-4 ciclo de trabajo de 15 minutos con 35 minutos de enfriamiento destruye grapas tarjetas de credito y clips peso 14kg negro";192.78;fellowes;destructor;0;0;1;0
4631101;"destructora 6m de 6 hojas manual de 70gr en minicorte de 4x12 mm (din p-4) destruye de manera continua durante 5 minutos con 30 minutos de enfriamiento cabezal extraible para vaciar la papelera de 13 litros de capacidad tambien destruye grapas, clips y tarjetas de credito color negro.";56.7;fellowes;destructora;4;0;1;0
4653601;"destructora automax 200c capacidad de 200 hojas automatica y 10 hojas manual tipo corte en particulas 4x38mm nivel de seguridad p-4 ciclo de trabajo de 25 minutos con 25 minutos de enfriamiento destruye grapas tarjetas de credito clips y cds peso 15.5kg negro";418;fellowes;destructor;1;0;1;0
4656301;"destructora automax 200m capacidad de 200 hojas automatica y 10 hojas manual tipo corte en microcorte 2x14mm nivel de seguridad p-4 ciclo de trabajo de 20 minutos con 25 minutos de enfriamiento destruye grapas y tarjetas de credito peso 15.74kg negro";457.6;fellowes;destructor;1;0;1;0
4657401;"destructora automax 600m capacidad de 600 hojas automatica y 14 hojas 70gr manual tipo corte en micro partculas  2x12mm nivel de seguridad p-5 ciclo de trabajo continuo destruye grapas clips y tarjetas de credito bloqueo inteligente papelera extrable de 83 litros peso 31.79kg negro";1145.1;fellowes;destructor;0;0;1;0
4680101;"destructora automax 150c capacidad de 150 hojas automatica y 8 hojas manual tipo corte en particulas 4x38mm nivel de seguridad p-4 ciclo de trabajo de 12 minutos con 25 minutos de enfriamiento destruye grapas tarjetas de credito clips y cds peso 15.5kg negro";375.19;fellowes;destructor;2;0;1;0
46879;"fuente alimentacion para: lector de codigo barras ms-9535";32.52;honeywell;fuente;2;0;1;0
4701001;"destructora p-25s capacidad de 5 hojas manual tipo corte en tiras 7mm nivel de seguridad p-1 ciclo de trabajo de 3 minutos con 25 minutos de enfriamiento peso 1.78kg negro";26.6;fellowes;destructor;4;0;1;0
4701801;"destructora m-7cm capacidad de 7 hojas manual tipo corte en particulas 4x35mm nivel de seguridad p-4 ciclo de trabajo de 5 minutos con 30 minutos de enfriamiento destruye grapas y tarjetas de credito peso 3kg negro";62.32;fellowes;destructor;2;0;1;0
48121-70;"reposapies ajustable ergonomico ajustable en altura de doble posicion con superficie auto masaje si se utiliza descalzo y con angulo de inclinacion ajustable negro";18.07;fellowes;ergonomia;2;0;1;0
49920;"pila alcalinas lr03 1.5v aaa pack 4 unidades";0.75;verbatim;pilas;21;50;1;0
49921;"pila alcalinas lr6 1.5v aa pack 4 unidades";0.76;verbatim;pilas;15;50;1;0
499q8f;"impresora multifuncion laser color laserjet pro mfp 3302fdw a4 600x600 usb ethernet wifi5 fax impresion monocromo 25ppm impresion color 25ppm  impresion duplex escaneado duplex adf 50 hojas bandeja de entrada de 250 hojas volumen mensual hasta 2.500 paginas peso 17.1kg";293.62;hp;imp multif;2;0;1;5.25
4k0u6ne;"tinta 924 negro 500 paginas aproximadamente";20.15;hp;tinta;4;0;1;0
4k0u7ne;"tinta 924 cian 800 paginas aproximadamente";19.82;hp;tinta;6;0;1;0
4k0u8ne;"tinta 924 magenta 800 paginas aproximadamente";19.82;hp;tinta;6;0;1;0
4k0u9ne;"tinta 924 amarillo 800 paginas aproximadamente";19.82;hp;tinta;6;0;1;0
4ra83f;"impresora multifuncion laser color pro mfp 4302dw a4 600x600ppp usb 2.0 ethernet wifi 5 impresion monocromo 33ppm impresion color 33ppm impresion duplex bandeja entrada papel 300 hojas airprint volumen mensual hasta 4.000 paginas peso 20 kg";299.44;hp;imp multif;2;0;1;5.25
4ra87f;"impresora laser color pro 4202dn a4 600x600ppp usb 2.0 ethernet impresion monocromo 33ppm impresion color 33ppm impresion duplex bandeja entrada papel 300 hojas airprint volumen mensual hasta 4.000 paginas peso 16 kg";289.21;hp;impresora;1;0;1;4
4ra88f;"impresora laser color pro 4202dw a4 600x600ppp usb 2.0 ethernet wifi 5 impresion monocromo 33ppm impresion color 33ppm impresion duplex bandeja entrada papel 300 hojas airprint volumen mensual hasta 4.000 paginas peso 16 kg";328.41;hp;impresora;3;0;1;4
4s6w2ne;"tinta 937 cian 800 paginas aproximadamente";19.79;hp;tinta;16;0;1;0
4s6w3ne;"tinta 937 magenta 800 paginas aproximadamente";19.79;hp;tinta;19;0;1;0
4s6w4ne;"tinta 937 amarillo 800 paginas aproximadamente";19.79;hp;tinta;18;0;1;0
4s6w5ne;"tinta 937 negro 1250 paginas aproximadamente";30.34;hp;tinta;16;0;1;0
4u561b;"impresora multifuncion tinta officejet pro 9130b a4 1200x1200ppp usb 2.0 wifi ethernet bluetooth impresion monocromo hasta 39ppm impresion color hasta 39ppm impresion duplex bandeja entrada papel 250 hojas adf 35 hojas fax volumen impresion mesual hasta 2.000 paginas peso 11.84kg un año de garantia, segundo año de garantia adicional registrandose en elige hp+ en los siete dias posteriores a la configuracion. y tercer año de garantia adicional registrandose en hp.com/eu/bonuswarranty dentro de los sesenta dias siguientes a la fecha de compra.";188.09;hp;imp multif;2;0;1;5.25
4v2n0b;"impresora multifuncion tinta officejet pro 9120b a4 600x600ppp usb 2.0 wifi ethernet bluetooth impresion monocromo hasta 20ppm impresion color hasta 16ppm impresion duplex bandeja entrada papel 250 hojas adf 35 hojas fax volumen impresion mesual hasta 1.500 paginas peso 11.35kg un año de garantia, segundo año de garantia adicional registrandose en elige hp+ en los siete dias posteriores a la configuracion. y tercer año de garantia adicional registrandose en hp.com/eu/bonuswarranty dentro de los sesenta dias siguientes a la fecha de compra.";148.09;hp;imp multif;3;0;1;5.25
4x71s00739;"memoria ram ddr5 5600mhz pc5-44800 16gb 288-pin dimm ";163.9;lenovo;memoria;4;0;1;0
4zb95a;"impresora laser color 150nw a4 600x600ppp usb 2.0 wifi ethernet impresion monocromo 18ppm impresion color 4ppm bandeja entrada papel 150 hojas volumen mensual hasta 1.000 paginas peso 13 kg";174.89;hp;impresora;1;0;1;4
4zb96a;"impresora multifuncion laser color m178nw a4 600x600ppp usb 2.0 wifi ethernet impresion monocromo 18ppm impresion color 4ppm bandeja entrada papel 150 hojas wifi direct volumen mensual hasta 500 paginas peso 16.5 kg";214.76;hp;imp multif;2;0;1;5.25
4zb97a;"impresora multifuncion laser color m179fnw a4 600x600ppp usb 2.0 wifi ethernet fax impresion monocromo 19ppm impresion color 4ppm bandeja entrada papel 150 hojas adf 40 hojas  wifi direct volumen mensual hasta 500 paginas peso 17.5 kg";205;hp;imp multif;1;0;1;5.25
50111;"grapadora para grapar hasta 20 hojas de 80 gramos para grapado abierto y cerrado blanca";6.58;fellowes;papeleria;1;0;1;0
5012501;"destructora p-42c  hasta 8 hojas manual 70gr en particulas de 4x34mm (din p-4) destruye de manera continua durante 3 minutos tambien destruye grapas y tarjetas de credito papelera con capacidad para 15 litros color negro";55.37;fellowes;destructor;2;0;1;0
5050101;"destructora lx201 capacidad de 15 hojas manual tipo corte en microcorte 2x12mm nivel de seguridad p-5 ciclo de trabajo de 10 minutos con 15 minutos de enfriamiento destruye grapas tarjetas de credito y clips peso 10kg blanco";264;fellowes;destructor;1;0;1;0
5074c036;"impresora multifuncion fotografica tinta pixma tr4755i  a4 4800x1200ppp usb 2.0 wifi fax impresion monocromo 8,8ppm impresion color 4,4ppm impresion duplex impresion sin bordes bandeja entrada papel 100 hojas  resolucion de scanner 600x1200 ppp adf 20 hojas volumen mensual hasta 1.200 paginas color negro";45.64;canon;imp multif;5;0;1;5.25
50pus7009/12;"televisor 50' 50pus7009 ultra hd 4k  resolucion 3840x2160 60hz smart tv 3xhdmi 2xusb wifi ethernet sallida de audio digital (optica) conector de satelite vesa 200x200 color negro";301.84;philips;televisor;3;0;1;0
50ua75006la.aeu;"televisor 50' uhd 4k ips resolucion 3840x2160 smart tv 3xhdmi ethernet wifi 5 bluetooth 5.1 usb dolby 20w (2x10w) control inteligente por voz  webos 25 chromecast alexa google assistant matter vesa 200x300 peso 9.5kg mando magic remote";286;lg;televisor;1;0;1;0
52017;"fuente de alimentacion 450w unykach sfx ventilador 80mm silencioso 20+4pin cpu 4pin hdd 1x4pin 2xsata 2xpata dimensiones 100 (l) x 125 (w) x 65 (h) mm";10.64;unyka;fuente;13;0;1;0
5224b001;"tinta pg-540l negro 11ml 300 paginas segun iso/iec 24711";19.08;canon;tinta;2;0;1;0
5225b004;"tinta pg-540 negro 180 paginas segun iso/iec 24711";15.32;canon;tinta;17;0;1;0
5225b013;"tinta pg-540 + cl-541 pack (negro, amarillo, magenta y cian) + 50 hojas de papel  fotografico 10x15";35.39;canon;tinta;7;0;1;0
5226b004;"tinta cl-541xl tricolor (amarillo, magenta y cian) 400 paginas segun iso/iec 24711";22.35;canon;tinta;5;0;1;0
5227b004;"tinta cl-541 tricolor (amarillo, magenta y cian) 180 paginas segun iso/iec 24711";19.08;canon;tinta;6;0;1;0
5306114;"funda de plastificar en acabado brillo a4 80 micras pack 100 unidades";5.25;fellowes;funda;2;0;1;0
5307407;"funda de plastificar en acabado brillo a4 125 micras pack 100 unidades";8.79;fellowes;funda;4;0;1;0
5328601;"funda de plastificar mate a3 125 micras pack 100 uds";68.12;fellowes;funda;1;0;1;0
5375901;"tapas para portadas de encuadernacion en a4 de pvc transparente pack 100 unidades";5.67;fellowes;papeleria;7;0;1;0
537p6b;"impresora multifuncion tinta officejet pro 9730e a3 4800x1200ppp usb 2.0, wifi, ethernet impresion monocromo 22ppm impresion color 18ppm impresion duplex escaneado duplex adf 35 hojas bandeja entrada papel 250 hojas volumen mensual hasta 3.000 paginas peso 19.5 kg";190.48;hp;imp multif;3;3;1;5.25
53810003;"alfombrilla antideslizante xl de fieltro 700x360mm /3mm grosor  transparente";7.87;leitz;alfombrilla;10;0;1;0
53820051;"alfombrilla antideslizante xl 800x400mm /2mm grosor color verde menta";7.7;leitz;alfombrilla;9;0;1;0
53820068;"alfombrilla antideslizante xl 800x400mm /2mm grosor color azul oscuro";7.7;leitz;alfombrilla;8;0;1;0
53820085;"alfombrilla antideslizante xl 800x400mm /2mm grosor color gris";7.7;leitz;alfombrilla;10;0;1;0
53820095;"alfombrilla antideslizante xl 800x400mm /2mm grosor color negro";7.7;leitz;alfombrilla;7;0;1;0
53830089;"alfombrilla antideslizante xl de fieltro 700x360mm /3mm grosor color gris oscuro ";8.93;leitz;alfombrilla;8;0;1;0
53840089;"alfombrilla antideslizante xl 1000x400mm /3mm grosor gris oscuro";10.79;leitz;alfombrilla;11;0;1;0
53n95b;"impresora multifuncion tinta officejet pro 9720e a3 4800x1200ppp usb 2.0, wifi, ethernet impresion monocromo 22ppm impresion color 18ppm impresion duplex adf 35 hojas bandeja entrada papel 250 hojas volumen mensual hasta 1.500 paginas peso 14.6 kg";153.7;hp;imp multif;2;0;1;5.25
5437c001;"tinta pixma pg-575xl negro";22.26;canon;tinta;7;0;1;0
5438c001;"tinta pixma ts pg-575 negro";11.13;canon;tinta;21;0;1;0
5441c001;"tinta pixma cl-576xl color";22.26;canon;tinta;9;0;1;0
5442c001;"tinta pixma ts cl-576 color";11.13;canon;tinta;19;0;1;0
5452103;"funda de plastificar mate a4 80 micras pack 100 uds";23.99;fellowes;funda;8;0;1;0
55721;"grapas de cobre de tiipo 22/6 grapas pack de 1000 unidades";0.54;petrus;papeleria;230;0;1;0
55pus7810/12;"televisor 55' 55pus7810 ultra hd 4k  qled resolucion 3840x2160 60hz smart tv 4xhdmi 2xusb wifi bluetooth sallida de audio digital (optica) control pot voz vesa 400x600 peso 17kg color gris";278.3;philips;televisor;2;0;1;0
55ua75006la.aeu;"televisor 55' uhd 4k ips resolucion 3840x2160 smart tv 3xhdmi ethernet wifi 5 bluetooth 5.0 2xusb dolby 20w (2x10w) control inteligente por voz  webos 25 chromecast vesa 200x300 peso 10.3kg mando magic remote";330;lg;televisor;2;0;1;0
5602101;"funda de plastificar admire mate a4 80 micras pack 25 uds";4.64;fellowes;funda;10;0;1;0
56ppi-15cc;"balanza 56ppi 15kg doble display lcd con digitos de 14.5mm conexion rs232 funcion tara funcion cambio precio unitario por kilo o cada 100 gramos teclado de 20 teclas plato acero inoxidable autonomia 120 horas sin blacklight bateria 44h indicador carga y bateria";190.17;minerva;balanza;0;0;1;0
5715601;"plastificadora lunar a4 adecuada para fundas de plastificacion de 80 y 125 micras blanco";34.36;fellowes;papeleria;1;0;1;0
5716701;"plastificadora lunar a3 adecuada para fundas de plastificacion de 80 y 125 micras blanco";49.5;fellowes;papeleria;0;0;1;0
5724801;"plastificadora saturn 3i a4 adecuada para fundas de plastificacion hasta 125 micras negro/gris";84.55;fellowes;papeleria;2;0;1;0
5736001;"plastificadora saturn 3i a3 adecuada para fundas de plastificacion hasta 125 micras negro/gris";107.72;fellowes;papeleria;-1;0;1;0
58740;"papel termico ancho 80mm rollo de 80metros pack 5 unidades";3.76;indefinida;papel;7;0;1;0
588k4b;"impresora multifuncion tinta deskjet 4220e a4 4800x1200ppp usb 2.0 wifi bluetooth impresion monocromo 8.5ppm impresion color 5.5ppm bandeja entrada papel impresora 60 hojas volumen mensual hasta 300 paginas peso 4.82 kg";34.37;hp;imp multif;9;0;1;5.25
588k9b;"impresora multifuncion tinta deskjet 2820e a4 4800x1200ppp usb 2.0 wifi impresion monocromo 7.5ppm impresion color 5.5ppm bandeja entrada papel 60 hojas volumen mensual hasta 100 paginas peso 3.42 kg";31.68;hp;imp multif;0;0;1;5.25
588s0b;"impresora multifuncion tinta deskjet 4210e a4 4800x1200ppp usb 2.0 wifi impresion monocromo 8.5ppm impresion color 5.5ppm bandeja entrada papel impresora 60 hojas volumen mensual hasta 300 paginas peso 4.82 kg";41.83;hp;imp multif;0;0;1;5.25
6008101;"destructora p-30c capacidad de 6 hojas manual tipo corte en particulas 4x34mm nivel de seguridad p-4 ciclo de trabajo de 3 minutos con 20 minutos de enfriamiento destruye grapas tarjetas de credito y clips peso 3.5kg negro";47.34;fellowes;destructor;6;0;1;0
6152c006;"impresora multifuncion fotografica tinta pixma ts8750  a4 4800x1200ppp usb 2.0 wifi impresion monocromo 15ppm impresion color 10ppm impresion duplex impresion sin bordes bandeja entrada papel 100 hojas  resolucion de scanner 2400x4800 ppp color negro";138.86;canon;imp multif;3;0;1;5.25
6204c001;"tinta cl-585xl negra 300 paginas segun iso/iec 24711";21.24;canon;tinta;9;0;1;0
6226c001;"tinta cl-586xl tricolor (amarillo, magenta y cian)  300 paginas segun iso/iec 24711";24.77;canon;tinta;9;0;1;0
62384;"alfombrilla con reposamuecas de espuma negra";9.55;kensington;alfombrilla;10;0;1;0
623896;"funda plasticas multitaladro en formato folio a4 60 micras transparente acabado piel de naranja pack 100 unidades";6;esselte;papeleria;2;0;1;0
625413;"cable de red desde rj45 macho a rj45 macho utp categoria 6 longitud 0.25 metros gris";0.7;equip;latiguillo;123;0;1;0
625415;"cable de red desde rj45 macho a rj45 macho utp categoria 6 longitud 7.5 metros gris";2.53;equip;latiguillo;26;0;1;0
625417;"cable de red desde rj45 macho a rj45 macho utp categoria 6 longitud 0.50 metros gris";0.78;equip;latiguillo;190;0;1;0
625420;"cable de red desde rj45 macho a rj45 macho utp categoria 6 longitud 1 metro rojo";0.84;equip;latiguillo;71;0;1;0
625421;"cable de red desde rj45 macho a rj45 macho utp categoria 6 longitud 2 metros rojo";1.02;equip;latiguillo;67;0;1;0
625422;"cable de red desde rj45 macho a rj45 macho utp categoria 6 longitud 3 metros rojo";1.26;equip;latiguillo;6;0;1;0
625423;"cable de red desde rj45 macho a rj45 macho utp categoria 6 longitud 0.25 metros rojo";0.66;equip;latiguillo;73;0;1;0
625427;"cable de red desde rj45 macho a rj45 macho utp categoria 6 longitud 0.50 metros rojo";0.78;equip;latiguillo;120;0;1;0
625430;"cable de red desde rj45 macho a rj45 macho utp categoria 6 longitud 1 metro azul";0.84;equip;latiguillo;65;0;1;0
625431;"cable de red desde rj45 macho a rj45 macho utp categoria 6 longitud 2 metros azul";1.02;equip;latiguillo;68;0;1;0
625432;"cable de red desde rj45 macho a rj45 macho utp categoria 6 longitud 3 metros azul";1.34;equip;latiguillo;35;0;1;0
625433;"cable de red desde rj45 macho a rj45 macho utp categoria 6 longitud 0.25 metros azul";0.7;equip;latiguillo;116;0;1;0
625437;"cable de red desde rj45 macho a rj45 macho utp categoria 6 longitud 0.50 metros azul";0.78;equip;latiguillo;68;0;1;0
625440;"cable de red desde rj45 macho a rj45 macho utp categoria 6 longitud 1 metro verde";0.84;equip;latiguillo;93;0;1;0
625441;"cable de red desde rj45 macho a rj45 macho utp categoria 6 longitud 2 metros verde";1.02;equip;latiguillo;92;0;1;0
625442;"cable de red desde rj45 macho a rj45 macho utp categoria 6 longitud 3 metros verde";1.34;equip;latiguillo;41;0;1;0
625443;"cable de red desde rj45 macho a rj45 macho utp categoria 6 longitud 0.25 metros verde";0.7;equip;latiguillo;50;0;1;0
625447;"cable de red desde rj45 macho a rj45 macho utp categoria 6 longitud 0.50 metros verde";0.74;equip;latiguillo;58;0;1;0
625450;"cable de red desde rj45 macho a rj45 macho utp categoria 6 longitud 1 metro negro";0.84;equip;latiguillo;3;0;1;0
625460;"cable de red desde rj45 macho a rj45 macho utp categoria 6 longitud 1 metro amarillo";0.91;equip;latiguillo;120;0;1;0
625461;"cable de red desde rj45 macho a rj45 macho utp categoria 6 longitud 2 metros amarillo";1;equip;latiguillo;116;0;1;0
625462;"cable de red desde rj45 macho a rj45 macho utp categoria 6 longitud 3 metros amarillo";1.34;equip;latiguillo;48;0;1;0
625463;"cable de red desde rj45 macho a rj45 macho utp categoria 6 longitud 0.25 metros amarillo";0.7;equip;latiguillo;104;0;1;0
625467;"cable de red desde rj45 macho a rj45 macho utp categoria 6 longitud 0.50 metros amarillo";0.78;equip;latiguillo;89;0;1;0
626510;"grapadora 226 wow metalica hasta 30 hojas grapado cerrado abierto y clavado grapas 22/6 y 24/6 + caja de 200 grapas color fucsia metalizado";22.57;petrus;papeleria;2;0;1;0
626511;"grapadora 226 wow metalica hasta 30 hojas grapado cerrado abierto y clavado grapas 22/6 y 24/6 + caja de 200 grapas color azul metalizado";22.57;petrus;papeleria;2;0;1;0
626513;"grapadora 226 wow metalica hasta 30 hojas grapado cerrado abierto y clavado grapas 22/6 y 24/6 + caja de 200 grapas color verde metalizado";22.57;petrus;papeleria;2;0;1;0
626514;"grapadora 226 wow metalica hasta 30 hojas grapado cerrado abierto y clavado grapas 22/6 y 24/6 + caja de 200 grapas color turquesa metalizado";22.57;petrus;papeleria;2;0;1;0
626515;"grapadora 226 wow metalica hasta 30 hojas grapado cerrado abierto y clavado grapas 22/6 y 24/6 + caja de 200 grapas color violeta metalizado";22.57;petrus;papeleria;2;0;1;0
626835;"grapadora para grapar hasta 30 hojas de 80 gramos para grapado abierto y cerrado negro";22.27;petrus;papeleria;1;0;1;0
627318;"funda de plastificar gloss en acabado cristalino de alto brillo a4 125 micras pack 100 unidades";5.83;ibico;funda;10;0;1;0
627321;"funda de plastificar gloss en acabado cristalino de alto brillo a3 125 micras pack 100 unidades";11.66;ibico;funda;5;0;1;0
650117;"soporte de monitor/tv para mesa desde 13' hasta 27' doble brazo articulado soporta 4 monitor/tv vesa estandar hasta 8kg negro";71.02;equip;soporte;1;0;1;0
650120;"soporte de monitor/tv para mesa desde 13' hasta 27' brazo articulado vesa 100x100 hasta 6.5kg negro";34.27;equip;soporte;3;0;1;0
650121;"soporte de monitor/tv para mesa desde 13' hasta 27' doble brazo articulado inclinable soporta 2 monitor/tv vesa estandar hasta 6.5kg negro";39.26;equip;soporte;8;0;1;0
650122;"soporte de monitor/tv para mesa desde 13' hasta 32' regulable en altura giratorio 180 inclinable 45 vesa 100x100 hasta 8kg negro";22;equip;soporte;5;0;1;0
650123;"soporte de monitor/tv para sobremesa desde 13' hasta 32' doble brazo articulado inclinable 45 giratorio 90 soporta 2 monitor/tv vesa 100x100 75x75 estandar hasta 8kg negro";30.54;equip;soporte;5;0;1;0
650151;"soporte de monitor/tv para mesa desde 13' hasta 32' brazo articulado giratorio 360 vesa 100x100 hasta 8kg negro";24.35;equip;soporte;4;0;1;0
650152;"soporte de monitor/tv para mesa desde 13' hasta 27' doble brazo articulado inclinable giratorio 360 soporta 2 monitor/tv vesa 100x100 hasta 8kg negro";40.66;equip;soporte;4;0;1;0
650166;"soporte de monitor/tv para mesa desde 17' hasta 32' brazo articulado giratorio 360 vesa 100x100 hasta 9kg color blanco";23.01;equip;soporte;2;0;1;0
650167;"soporte de monitor/tv para mesa desde 17' hasta 27' doble brazo articulado inclinable giratorio 360 soporta 2 monitor/tv vesa 100x100 hasta 9kg  color blanco";34.92;equip;soporte;0;0;1;0
650170;"soporte estacion de trabajo de montaje en pared con un solo monitor desde 17' hasta 32' capacidad maxima de carga: 8 kg capacidad de carga bandeja del teclado: 1 kg vesa max. 100 x 100 estructura con resorte de gas multiples angulos de visualizacion del monitor diseño de placa vesa desmontable visualizacion vertical u horizontal: se adapta a cualquier instalacion los clips para cables mantienen los cables organizados y protegidos soporte para cpu incluido ";110.54;equip;soporte;2;0;1;0
650171;"soporte suelo estacion de trabajo movil con un solo monitor desde 17' hasta 32' capacidad maxima de carga: 8 kg capacidad de carga de la bandeja para teclado: 2 kg vesa max.: 100 x 100 ruedas para movilidad, bloqueables para mayor seguridad compatible con estandares vesa diseño de placa vesa desmontable los clips para cables mantienen los cables organizados y protegidos. ";80.77;equip;soporte;1;0;1;0
650310;"soporte de monitor/tv para pared de montaje fijo desde 32' hasta 55' distancia desde el monitor/tv a la pared 25mm maximo vesa 400x400 hasta 20kg negro";8.71;equip;soporte;6;0;1;0
650311;"soporte de monitor/tv para pared de montaje fijo desde 32' hasta 55' inclinacion 14 distancia desde el monitor/tv a la pared 25mm maximo vesa 400x400 hasta 35kg negro";9.79;equip;soporte;5;0;1;0
650316;"soporte de monitor/tv para pared desde 37' hasta 70' doble brazo articulado inclinacion 20 giratorio 180 distancia desde el monitor/tv a la pared 62-475mm maximo vesa 600x400 hasta 50kg negro";39.4;equip;soporte;0;0;1;0
650320;"soporte de monitor/tv para pared de montaje fijo slim desde 32' hasta 55' distancia desde el monitor/tv a la pared 9mm maximo vesa 400x400 hasta 55kg negro";9.28;equip;soporte;3;0;1;0
650321;"soporte de monitor/tv para techo ajustable de 922mm hasta 1792mm desde 32' hasta 70' inclinacion y giro vesa 400x400 hasta 50kg negro";40.24;equip;soporte;2;0;1;0
650322;"soporte de monitor/tv para pared desde 60' hasta 100' inclinacion 15 distancia desde el monitor/tv a la pared 130mm maximo vesa 1000x800 hasta 100kg negro";64.69;equip;soporte;2;0;1;0
650327;"soporte de monitor/tv para pared desde 43' hasta 80' doble brazo largo articulado inclinacion +5 /-15 rango de giro +90/-90 distancia a la pared 82mm a 1015mm vesa 800x400 max. hasta 50kg color negro";88.06;equip;soporte;2;0;1;0
650328;"soporte de monitor/tv para pared para esquina desde 23' hasta 55' brazo articulado inclinacion -15+2 giratorio 45 distancia desde el monitor/tv a la pared 406-450mm maximo vesa 400x400 hasta 45kg negro";36.08;equip;soporte;1;0;1;0
650330;"soporte de monitor/tv para pared de montaje fijo slim desde 37' hasta 70' distancia desde el monitor/tv a la pared 23.5mm maximo vesa 600x400 hasta 50kg negro";12.32;equip;soporte;2;0;1;0
650340;"soporte de monitor/tv para pared de montaje fijo desde 37' hasta 70' inclinacion -15/+5 distancia desde el monitor/tv a la pared 57mm maximo vesa 600x400 hasta 50kg negro";18.33;equip;soporte;1;0;1;0
650341;"soporte de monitor/tv para pared desde 32' hasta 55' doble brazo largo articulado inclinacion +10 /-15  rango de giro +90/-90 distancia a la pared 63mm a 427mm vesa 400x400 max. hasta 35kg color negro";24.51;equip;soporte;3;0;1;0
650401;"soporte de monitor/tv para pared desde 23' hasta 42' inclinacion -12/+3 distancia desde el monitor/tv a la pared 35mm maximo vesa 200x200 hasta 20kg negro";9.68;equip;soporte;6;0;1;0
650402;"soporte de monitor/tv para pared desde 23' hasta 42' inclinacion -7.5/+7.5 giratorio 25 maximo vesa 200x200 hasta 25kg negro";9.61;equip;soporte;0;0;1;0
650603;"soporte de monitor/tv para suelo con ruedas desde 37' hasta 70' inclinacion con multiples angulos maximo vesa 600x400 incluye un estante para dvd hasta 50kg negro";116.08;equip;soporte;5;0;1;0
650607;"soporte de monitor/tv para suelo con ruedas desde 32' hasta 55' inclinacin de -10/+";86.78;equip;soporte;0;0;1;0
650608;"soporte de monitor/tv de suelo con ruedas para pantallas heavy-duty desde 37' hasta 80' fijo max vesa 600x400 hasta 80kg color negro";189.34;equip;soporte;1;0;1;0
650610;"soporte de monitor/tv para mesa motorizado desde 32' hasta 65' regulable en altura inclinable 35 vesa 400x400 hasta 50kg negro";252.71;equip;soporte;1;0;1;0
650611;"soporte de monitor/tv para mesa desde 32' hasta 55' regulable en altura inclinable 35 vesa 400x400 hasta 40kg negro";33.32;equip;soporte;4;0;1;0
650612;"soporte de monitor/tv para mesa desde 37' hasta 70' regulable en altura inclinable 35 vesa 600x400 hasta 40kg negro";42.41;equip;soporte;1;0;1;0
650700;"soporte de proyector para techo ajustable de 130 hasta 220mm hasta 10kg plata";17.33;equip;soporte;5;0;1;0
650702;"soporte de proyector para techo o pared ajustable de 430 hasta 650mm inclinable hasta 20kg negro";16.34;equip;soporte;3;0;1;0
650703;"soporte de proyector para techo o pared ajustable de 430 hasta 650mm inclinable hasta 20kg blanco";17.44;equip;soporte;4;0;1;0
651002;"silla de oficina con recubrimiento pu de alta calidad diseño ergonomico de imitacion piel acolchado de color negro";103.66;equip;sila;0;0;1;0
651003;"silla de oficina con recubrimiento pu de alta calidad diseño ergonomico de malla de color negro";57.2;equip;silla;1;0;1;0
651015;"silla de oficina con recubrimiento pu de alta calidad diseño ergonomico de malla de color gris claro";57.2;equip;silla;1;0;1;0
651016;"silla de oficina ergonomica con recubrimento de cuero de pu de alta calidad diseño -promo color negro.";90.34;equip;silla;3;0;1;0
651051;"silla de oficina ergonomica premium de tapiceria de malla 5 posiciones de color negro hasta 150 kg";407;equip;silla;0;0;1;0
65pus7000/12;"televisor 65' 65pus7000 ultra hd 4k  resolucion 3840x2160 60hz smart tv 3xhdmi 2xusb ethernet wifi bluetooth sallida de audio digital (optica) control por voz vesa 400x300 peso 14kg color negro";370.7;philips;televisor;1;0;1;0
65ua75006la.aeu;"televisor 65' uhd 4k resolucion 3840x2160 60hz smart tv webos 25 altavoces 20w 3xhdmi ethernet wifi 5 bluetooth 5.0 2xusb 2.0 dolby  vesa 200x300 peso 16.7kg";358.73;lg;televisor;2;0;1;0
6671c006;"impresora multifuncion tinta pixma ts3750i a4 4800x1200ppp usb 2.0 wifi impresion monocromo 7.7ppm impresion color 4ppm bandeja entrada papel 60 hojas negro peso 4 kg";37.21;canon;imp multif;3;0;1;5.25
6932554401610;"smartphone redmi note 14 pro+ nfc capacidad  256gb ram 8gb procesador snapdragon 7s gen3 pantalla 6.67' camara frontal 20 mp camara trasera triple 200mp + 8mp + 2mp bateria 5110mah 5g dual sim proteccion ip68* de gama alta color azul";250.81;xiaomi;smartphone;2;0;1;3.25
6932554405601;"smartphone redmi note 14 nfc capacidad  256gb ram 8gb procesador dimensity 7025-ultra pantalla 6.67' camara frontal 20 mp camara trasera triple 108mp + 8mp + 2mp bateria 5110mah 5g dual sim o mico sd proteccion ip54 color purpura";205.44;xiaomi;smartphone;1;0;1;3.25
6gw62f;"impresora laser monocromo m209dw a4 600x600ppp usb 2.0 wifi impresion duplex impresion hasta 29ppm bandeja de entrada hasta 150 hojas wifi direct conexion movil volumen mensual hasta 20000 paginas color blanco peso 5,6kg";72.72;hp;impresora;4;0;1;4
6gw99f;"impresora multifuncion laser monocromo m234dw a4 600x600ppp usb 2.0 wifi impresion duplex impresion hasta 29ppm bandeja entrada papel 150 hojas wifi direct conexion movil volumen mensual hasta 2.000 paginas color blanco peso 7,6kg";114.19;hp;imp multif;1;0;1;5.25
6gx01f;"impresora multifuncion laser monocromo m234sdw a4 1200x1200ppp usb 2.0 wifi ethernet impresion monocromo 29ppm impresion duplex bandeja entrada papel 150 hojas adf 40 hojas wifi direct eprint volumen mensual hasta 2.000 paginas peso 9.5 kg";106.81;hp;imp multif;4;0;1;5.25
6l6s6ue;"tinta 308 negro + 308 tricolor 160 paginas aproximadamente";27.17;hp;tinta;14;0;1;0
6leviscombov2;"teclado y raton inalambrico con receptor usb formato compacto blanco";17.67;tacens;teclado;4;0;1;0
6zc69ae;"tinta 953 pack 4 cartuchos (negro, cian, magenta y amarillo)";89.98;hp;tinta;9;0;1;0
6zc70ae;"tinta 963 serie 4 colores pack ahorro";82.95;hp;tinta;9;0;1;0
6zc73ae;"tinta 903 pack 4 cartuchos (negro, cian, magenta y amarillo)";49.74;hp;tinta;0;0;1;0
6zc74ae;"tinta 912 serie 4 colores pack ahorro";39.14;hp;tinta;4;0;1;0
6zd17ae;"tinta 305 negro + 305 tricolor pack ahorro";19.51;hp;tinta;6;0;1;0
7.4281;"caja externa para disco 2.5' sata usb 2.0 negro";18.77;roline;caja;2;0;1;0
7.4302;"cable desde euroconector macho a euroconector macho longitud 2 metros";1.68;value;cable;14;0;1;0
7120101;"destructora 12c capacidad de 12 hojas manual tipo corte en particulas 4x40mm nivel de seguridad p-4 ciclo de trabajo de 10 minutos con 30 minutos de enfriamiento destruye grapas y tarjetas de credito peso 8kg negro";100.27;fellowes;destructor;2;0;1;0
714l8b;"impresora multifuncion tinta envy 6120e a4 4800x1200ppp usb 2.0 wifi impresion monocromo hasta 10ppm impresion color hasta 7ppm impresion duplex bandeja entrada papel 100 hojas volumen impresion mesual hasta 1.000 paginas peso 5.13kg un año de garantia y segundo año de garantia adicional registrandose en elige hp+ en los siete dias posteriores a la configuracion";53.86;hp;imp multif;3;0;1;5.25
714n9b;"impresora multifuncion tinta envy 6520e a4 4800x1200ppp usb 2.0 wifi impresion monocromo hasta 10ppm impresion color hasta 7ppm impresion duplex bandeja entrada papel 100 hojas adf 35 hojas volumen impresion mesual hasta 1.000 paginas peso 6.14kg un año de garantia y segundo año de garantia adicional registrandose en elige hp+ en los siete dias posteriores a la configuracion.";59.07;hp;imp multif;3;0;1;5.25
7321;"limpiador jeltosec de contactos de secado rapido sin residuos 400ml";9.91;jeltosec;componente;8;0;1;0
75pus7000/12;"televisor 75' 75pus7000 ultra hd 4k  resolucion 3840x2160 60hz smart tv 3xhdmi 2xusb ethernet wifi bluetooth sallida de audio digital (optica) control por voz vesa 400x300 peso 22kg color negro";569.8;philips;televisor;1;0;1;0
7616a005;"toner 703 negro 2.000 paginas al 5% cobertura";56.18;canon;toner;0;0;1;0
77-89955;"funda de policarbonato defender para ipad a16 10ª generacion color negro";47.3;otterbox;funda;0;0;1;0
772c3aa;"altavoces 1.0 manos libres inteligente sync 10 usb-a usb-c ideal para salas de reuniones";57.2;poly;altavoces;2;0;1;0
77p35aa;"altavoces 1.0 manos libres inteligente sync 40 usb-a usb-c ideal para salas de reuniones";135.47;poly;altavoces;2;0;1;0
77y98aa;"auriculares de diadema con microfono voyager 4320 usb-a + bluetooth 700 dongle microsoft teams certified";85.93;poly;auricular;3;0;1;0
77z32aa;"auriculares de diadema con microfono voyager 4320-m bluetooth 700 dongle + stand de carga microsoft teams certified";108.9;poly;auricular;2;0;1;0
79201;"clip labiado metalico del n2 de 32mm caja de 100 unidades";0.54;dohe;papeleria;7;0;1;0
79202;"clip labiado metalico del n3 de 42mm caja de 100 unidades";0.91;dohe;papeleria;10;0;1;0
7990g-2usbx-1;"lector codigos de barras ms-7990u solaris  xp 2d sobremesa usb negro";374;honeywell;scanner cb;0;0;1;0
7fp20ue;"tinta 308 tricolor 120 paginas aproximadamente";12.87;hp;tinta;25;0;1;0
7fp21ue;"tinta 308 negro 160 paginas aproximadamente";14.3;hp;tinta;30;0;1;0
7fp22ue;"tinta 308e negro 320 paginas aproximadamente";28.62;hp;tinta;10;0;1;0
7md66f;"impresora laser monocromo m110w a4 600x600ppp usb 2.0 wifi impresion 20ppm bandeja entrada papel 150 hojas volumen mensual hasta 1.000 paginas wifi direct peso 3.7 kg";74;hp;impresora;1;0;1;4
7md72f;"impresora multifuncion laser monocromo m140w a4 600x600ppp usb 2.0 wifi impresion hasta 20ppm bandeja entrada papel 150 hojas volumen mensual hasta 1.000 paginas wifi direct peso 6.9kg";103.93;hp;imp multif;3;0;1;5.25
7ps84a;"impresora laser monocromo enterprise m611dn a4 1200x1200ppp usb ethernet impresion monocromo 61ppm impresion duplex bandeja entrada papel 650 hojas airprint volumen mensual hasta 25.000 paginas peso 21.6 kg";550.89;hp;imp profes;1;0;1;0
7zu81a;"impresora laser color enterprise m554dn a4 600x600ppp usb ethernet impresion monocromo 38ppm impresion color 33ppm impresion duplex bandeja entrada papel 650 hojas airprint volumen mensual hasta 8.500 paginas peso 27.5 kg";453.18;hp;impresora;2;0;1;4
800274-405;"etiquetas transferencia termica z-select 2000t 102x102mm etiquetas por rollo 700 unidades p/n 3006321 (unidad de venta caja de 12 rollos)";141.96;zebra;etiquetas;0;0;1;0
800294-605;"etiquetas zebra transferencia termica z-perform-1000t 102x152mm";134.33;zebra;etiquetas;0;0;1;0
80185;"corrector en cinta 5mm x 8m";1.05;milan;papeleria;8;0;1;0
8020101;"soporte de monitor/tv para sobremesa smart suites soporta monitores hasta 21' o 10kg regulable en altura 10-11.5-13cm negro";23.21;fellowes;soporte;3;0;1;0
8024602;"soporte elevador de portatil professional series para mesa soporta portatiles hasta 17' o 6kg regulable en altura desde 85mm hasta 245mm atril con clip para documentos 4 puertos usb 2.0 ranuras de ventilacion se puede plegar para ser transportado negro";42.23;fellowes;soporte;1;0;1;0
8026501;"cojin lumbar fusion plushtouch portatil se fija a traves de una correa ajustable negro";29.7;fellowes;ergonomia;4;0;1;0
8038101;"soporte de monitor/tv para sobremesa designer suite soporta monitores hasta 21' o 18kg regulable en altura 11-13-15cm bandeja de almacenamiento negro";23.5;fellowes;soporte;4;0;1;0
8038201;"soporte de monitor/tv para mesa desde 13' hasta 21' brazo articulado inclinable 45 giratorio 360 ajustable en altura en 5 posiciones soporta 1 monitor/tv vesa estandar hasta 9kg negro";37.02;fellowes;soporte;2;0;1;0
8038401;"soporte elevador de portatil designer suites para mesa soporta portatiles hasta 17' o 11kg regulable en altura desde 88mm hasta 184mm inclinacion 30 base antideslizante negro";20.21;fellowes;soporte;3;0;1;0
8066001;"reposapies refresh con dos posiciones para ajustar en altura ajustable en altura 95/135mm e inclinacion 22 negro";16.96;fellowes;ergonomia;3;0;1;0
8067001;"reposapies ultimate professional series ajustable en altura 100/135/165mm e inclinacion hasta 30 superficie efecto masaje favoreciendo la circulacion sanguinea negro";32.31;fellowes;ergonomia;4;0;1;0
80810;"soporte mesa estacion de trabajo capacidad maxima de carga: 15.8 kg ranura para la carga de dispositivos, gestion de cables, tension ajustable, tecnologia smooth lift, no requiere montaje, proteccion microban, carga inalambrica, puertos usb integrados";471.9;fellowes;soporte;0;0;1;0
820288-b21;"soporte de unidad disco optico mas cables para: servidor proliant ml gen9";28.45;hp;accesorio;1;0;1;0
8209153;"rotulador permanente de punta fibra acrilica 4.9mm trazo 1.7mm marking 2000 color negro";0.6;bic;papeleria;8;0;1;0
8210101;"soporte elevador de portatil i-spire series blanco";15.86;fellowes;soporte;2;0;1;0
8212001;"soporte elevador de portatil i-spire series negro";15.26;fellowes;soporte;4;0;1;0
8286b004;"tinta pg-545xl negro 400 paginas segun iso/iec 24711";19.33;canon;tinta;12;0;1;0
8287b001;"tinta pg-545 negro 180 paginas segun iso/iec 24734";13.66;canon;tinta;11;0;1;0
8287b008;"tinta pg-545 + cl-546 photo value pack (negro, amarillo, cian y magenta) + 50 hojas 10x15";31.79;canon;tinta;7;0;1;0
8288b004;"tinta cl-546xl tricolor (amarillo, magenta y cian) 300 paginas segun iso/iec 24711";19.8;canon;tinta;11;0;1;0
8289b004;"tinta cl-546 tricolor (amarillo, magenta y cian) 180 paginas segun iso/iec 24711";16.81;canon;tinta;6;0;1;0
8290352;"corrector tipp-ex easy correct en cinta 4.2mm x 12m";1.68;bic;papeleria;10;0;1;0
82yu0165sp;"portatil v15 g4 amn amd ryzen 3 7320u memoria ram 8gb ddr5-sdram 512gb ssd m.2 pcie 4.0 nvme 15.6' full hd 1920 x 1080 tn, grafica integrada amd radeon 610m, lan, wifi 6, bluetooth 5.2, webcam hd, 2xusb 3.2 usb-c compatible displayport y puerto de carga hdmi bateria 38wh sin sistema operativo peso 1.63kg color negro";310.98;lenovo;portatil;6;0;1;5.33
830863;"boligrafo de cristal con punta 1.0mm de color azul pack 10 unidades";4.04;bic;papeleria;10;0;1;0
83580000;"destructora iq optimax home office 225 6 hojas manual tipo corte microcorte nivel de seguridad p-5 tamaño de trituracion del papel 15mm ancho de trabajo 2mm ciclo de trabajo de 20 minutos destruye grapas y clips blanca";187.74;leitz;destructor;1;0;1;0
83590000;"destructora iq optimax pequeña oficina 350 8 hojas manual tipo corte microcorte nivel de seguridad p-5 tamaño de trituracion del papel 15mm ancho de trabajo 2mm ciclo de trabajo de 60 minutos destruye grapas y clips  blanca";228.8;leitz;destructor;1;0;1;0
83600000;"destructora iq optimax office 10 hojas manual tipo corte microcorte nivel de seguridad p-5 tamaño de trituracion del papel 15mm ancho de trabajo 2mm ciclo de trabajo de 120 minutos destruye grapas y clips peso 15kg blanca";273.39;leitz;destructor;1;0;1;0
8373611;"boligrafo de cristal con punta 1.0mm de color rojo";0.18;bic;papeleria;9;0;1;0
8373631;"boligrafo de cristal con punta 1.0mm de color negro";0.3;bic;papeleria;33;0;1;0
83a100w2sp;"portatil v15 g4 iru intel i3-1315u (10mb cache) memoria ram 8gb ddr4-sdram 512gb ssd m.2  15.6' full hd 1920 x 1080 tn, grafica integrada intel uhd graphics, lan, wifi 6, bluetooth 5.2, webcam hd, usb 2.0 usb 3.2 usb-c compatible displayport hdmi bateria 38wh freedos peso 1.65kg color negro";305.92;lenovo;portatil;8;0;1;5.33
86ur78006lb;"televisor 86'  ultra hd 4k resolucion 3840x2160 50hz smart tv wifi 5 3xhdmi 2xusb 2.0 bluetooth 5.0 ethernet vesa 600x400";902.07;lg;televisor;1;0;1;0
880026-127;"etiquetas transferencia termica z-perform 1000t 102x127mm para impresora industrial (caja 4 rollos)";75.4;zebra;etiquetas;0;0;1;0
88700;"quitagrapas 110 tipo tijera color cromado";3.07;petrus;papeleria;10;0;1;0
88701;"quitagrapas 110 tipo pinza colores";1.67;petrus;papeleria;10;0;1;0
89f97b;"impresora multifuncion tinta deskjet 2920 a4 4800x1200ppp usb 2.0 wifi impresion monocromo 7.5ppm impresion color 5.5ppm bandeja entrada papel 60 hojas volumen mensual hasta 100 paginas peso 3.42 kg";33.92;hp;imp multif;5;0;1;5.25
89f98b;"impresora multifuncion tinta deskjet 2910 a4 4800x1200ppp usb 2.0 wifi impresion monocromo 7.5ppm impresion color 5.5ppm bandeja entrada papel 60 hojas volumen mensual hasta 100 paginas peso 4.53 kg";28.15;hp;imp multif;11;0;1;5.25
8j9k4f;"impresora multifuncion laser monocromo  mfp 234d a4 600x600ppp usb 2.0 impresion monocromo 29ppm bandeja entrada papel 150 hojas impresion duplex airprint volumen mensual hasta 2.000 paginas peso 7,6 kg.";74.06;hp;imp multif;3;0;1;5.25
8j9l0f;"impresora laser monocromo m209d a4 600x600ppp usb 2.0 impresion duplex impresion hasta 29ppm y 18ppm a doble cara bandeja de entrada hasta 150 hojas volumen mensual hasta 20000 paginas color blanco peso 5,6kg";59.1;hp;impresora;4;0;1;4
8wx-00006;"pencil surface slim pen 2 - 8wx-00006 lapiz activo bluetooth 5.0 negro compatible con pro 11, surface laptop studio surface pro 8 - surface pro 9 surface pro x surface duo 2 surface hub 2s ";92.53;microsoft;pencil;2;0;1;0
8x214aa;"auriculares de diadema con microfono blackwire 3210 monoaural usb-c con adaptador a usb-a";21.66;poly;auricular;3;0;1;0
8x228a6;"auriculares de diadema con microfono blackwire 3220 estereo usb-c con adaptador a usb-a";21.57;poly;auricular;1;2;1;0
8x229a6;"auriculares de diadema con microfono blackwire 3225 estereo usb-c + mini jack 3.5mm y adaptador a usb-a";42.35;poly;auricular;4;0;1;0
8x231aa;"auriculares de diadema con microfono blackwire 5220 estereo usb-c + mini jack 3.5mm y adaptador a usb-a";52.23;poly;auricular;2;0;1;0
8x8-00152;"funda con teclado type + lapiz recomendado para surface pro 11, 10, 9, 8 negro";196.91;microsoft;;3;0;1;0
8xb-00150;"funda con teclado surface pro 10 con panel tactil, bandeja de carga y almacenamiento slim pen (no incluido) para surface pro 11, 10, 9, 8 color negro";128.1;microsoft;teclado;2;0;1;0
8xb-00197;"funda con teclado surface pro 10 con panel tactil, bandeja de carga y almacenamiento slim pen (no incluido) para surface pro 11, 10, 9, 8 color gris";126;microsoft;teclado;3;0;1;0
90-dq0435-ua221;"regrabadora dvd externa sdrw-08d2s-u slim usb 2.0 negro";24.54;asus;regrabador;10;0;1;1
90-dq0436-ua221;"regrabadora dvd externa sdrw-08d2s-u slim usb 2.0 blanca";25.24;asus;regrabador;5;0;1;1
90180000;"guillotina precision home a4 para corte de papel hasta 8 hojas cuchilla de acero inoxidable templado compacta y ligera color gris antracita";31.86;leitz;papeleria;1;0;1;0
90190000;"guillotina precision home office a4 para corte de papel hasta 10 hojas cuchilla de acero rectificado de precision color gris antracita";41.7;leitz;papeleria;1;0;1;0
90250000;"cizalla precision home a4 para corte de papel hasta 8 hojas cabezal de corte con cuchilla fija color gris";16.32;leitz;papeleria;3;0;1;0
90260000;"cizalla precision home a4 para corte de papel hasta 10 hojas cabezal de corte con cuchilla bypass color gris";32.68;leitz;papeleria;1;0;1;0
90270000;"cizalla precision office a4+ para corte de papel hasta 15 hojas cabezal de corte con cuchilla giratoria color gris";59.94;leitz;papeleria;1;0;1;0
90ab2wsh-mrd100;"nuc barebone 12wshv50000 kit intel i5 1250p sin memoria 2xddr4 so-dimm sin disco duro 2xm.2  hd 2.5' grafica integrada intel iris xe wifi ethernet 3xusb 2.0 usb 3.2 2xusb-c 2xhdmi  sin cable de corriente.";431.56;asus;barebone;2;0;1;0
90ar0031-m00090;"nuc barebone 13anki500002i slim kit intel core i5 1340p sin memoria 2xddr4 so-dimm (maximo 64gb) sin disco duro m.2 (dos  ranuras) grafica integrada intel iris xe wifi 6e ethernet bluetooth 5.3 usb 2.0 2xusb 3.2 tipo c thunderbolt 4 3xusb 3.2 tipo a  2xhdmi con cable de corriente incluido.";396;asus;barebone;4;0;1;0
90lm05m1-b01370;"monitor 23.8' be24eqk con webcam 1920x1080 a 60hz full hd ips 5ms 350cd/m2 10.000.000:1 16:9 hdmi displayport vga usb salida mini jack 3.5mm microfono altavoces 2x2w angulo vision h:178-v178 inclinacion +20/-5 soporte vesa 100x100 diseo sin marco dimensiones 540x426x195mm 6.5kg negro";146.26;asus;monitor;5;0;1;0
90lm07b0-b01470;"monitor 27' vz27ehf 1920x1080 a 100hz ips full hd 1ms 250cd/m2 1300:1 16:9 hdmi  angulo de vision  h:178-v:178 inclinacion -5/+23 sin parpadeos vesa 75 x 75 dimensiones 612.3x433.5x209.8 peso 3,5 kg color negro.";80.22;asus;monitor;5;0;1;0
90lm07b0-b02470;"monitor 27' vz27ehf-w 1920x1080 a 100hz ips full hd 1ms 250cd/m2 1300:1 16:9 hdmi  angulo de vision  h:178-v:178 inclinacion -5/+23 sin parpadeos vesa 75 x 75 dimensiones 613x435x210 peso 3,5 kg blanco";83.51;asus;monitor;2;0;1;0
90lm07c2-b01470;"monitor 23.8' vz24ehf-w 1920x1080 a 100hz ips full hd 1ms 250cd/m2 1300:1 16:09 2xhdmi  angulo de vision  h:178-v:178 inclinacion -5/+23 sin parpadeos vesa 75 x 75 dimensiones 540.2x393.9x210.1 peso 2,85 kg blanco";68.46;asus;monitor;1;0;1;0
90lm07d3-b01170;"monitor usb portatil zenscreen mb166c 15.6' resolucion de la pantalla 1920x1080 pixeles full hd tecnologia de visualizacion led 60hz tiempo de respuesta 5ms, tecnologia flicker free (reduce el parpadeo de la pantalla) relacion de aspecto nativa 16:9 angulo de vision horizontal 178° angulo de vision vertical 178° conector usb-c incorporado negro";98.7;asus;monitor;2;0;1;0
90lm0bh0-b01171;"monitor 23.8' tuf gaming vg249qe5a 1920x1080 a 144hz full hd ips 1ms 300cd/m2 1.500.000:1 16:9 hdmi displayport salida mini jack 3.5mm altavoces 2x2w angulo vision h:178-v178 inclinacion +23/-5 soporte vesa 100x100 3.3kg negro";77.76;asus;monitor;5;0;1;0
90lm0bj0-b01171;"monitor 27' tuf gaming vg279qe5a 1920x1080 a 144hz full hd ips 1ms 300cd/m2 1.500.000:1 16:9 hdmi displayport salida mini jack 3.5mm altavoces 2x2w angulo vision h:178-v178 inclinacion +23/-5 soporte vesa 100x100 4.4kg negro";89.94;asus;monitor;1;5;1;0
90mb18x0-m1eay0;"placa base prime b660-plus d4  intel lga 1700 12ª, 13ª y (14ª actulizando bios) generacion 4xddr4 hasta 128gb displayport hdmi vga ethernet 2xpciex1 1xpciex16 1xpciex4 3xm.2 4xsata 6gb/s 4xusb 3.2 4xusb 2.0 2xusb-c ";91.33;asus;placa base;8;0;1;0
90mb1jy0-m0eay0;"placa base prime b860m-a wifi intel lga 1851 4xddr5 hasta 256gb 2xdisplayport hdmi ethernet 2.5 gigabit wifi 6e bluetooth 5.3 pciex1 2xpciex16 2xm.2 4xsata 6gb/s 5xusb 3.2 4xusb 2.0 usb-c  micro atx";136.12;asus;placa base;2;0;1;0
90mb1k00-m0eayc;"placa base prime b860m-a csm intel lga 1851 4xddr5 hasta 256gb 2xdisplayport hdmi ethernet 2.5 gigabit pciex1 pciex16 2xm.2 4xsata raid sata 0/1/5/10 6gb/s 3xusb 3.2 4xusb 2.0 usb-c  micro atx";124.4;asus;placa base;4;0;1;0
90mb1khp-m0eayc;"placa base prime h810m-c-csm intel lga 1851 2xddr5 hasta 128gb displayport hdmi vga dvi-d ethernet 2.5 gigabit 2xpciex1 pciex16 2xm.2 4xsata  6gb/s 3xusb 3.2 2xusb 2.0 usb-c rs232 ps/2 micro atx";99;asus;placa base;3;0;1;0
90n512w11p014y0;"portatil vivobook go l1504fa-bq699x amd ryzen 5 7520u 2.8ghz hasta 4.3ghz memoria ram 8gb ddr5 3200mhz 512gb ssd m.2 nvme pcie 15.6' full hd ips grafica integrada radeon 610 wifi 6 bluetooth 5.3 usb 2.0 usb 3.2 hdmi usb-c windows 11 pro bateria 3 celdas 42wh color negro";435.58;asus;portatil;1;0;1;5.33
90nb13x1-m00u80;"portatil vivobook 17 x1704va-au979w intel core 5-120u hasta 5ghz memoria ram 16gb ddr5 1tb ssd m.2 nvme 17.3' fhd 1920x1080 grafica integrada intel graphics webcam hd con filtro de privacidad wifi 6 bluetooth 5.2 hdmi 1xusb 3.2 2xusb-c 1xusb 2.0 bateria 3 celdas 50wh windows 11 home plata";588.94;asus;portatil;5;0;1;5.33
90nb13x1-m00u90;"portatil vivobook 17 x1704va-au918w intel core 7-150u hasta 5.4ghz memoria ram 16gb ddr4 1tb ssd m.2 nvme 17.3' fhd 1920x1080 grafica integrada intel graphics webcam hd con filtro de privacidad wifi 6 bluetooth 5.2 hdmi 2xusb 3.2 2xusb-c 1xusb 2.0 lector de huella dactilares bateria 3 celdas 50wh windows 11 home plata";650.31;asus;portatil;3;0;1;5.33
90nb13y2-m01hf0;"portatil vivobook 15 f1504va-bq258w intel core 7-150u hasta 5.4ghz memoria ram 16gb ddr4 1tb ssd m.2 nvme 15.6' fhd 1920x1080 grafica integrada intel graphics webcam hd 1280x720p wifi 6 bluetooth 5.2 hdmi 2xusb 3.2 usb-c compatible displayport bateria 3 celdas 42wh windows 11 home plata";568.29;asus;portatil;2;0;1;5.33
90nb14y1-m00kt0;"portatil convertible vivobook flip tp3407sa-sg180w  intel core ultra 7-258v hasta 4.8ghz memoria ram 32gb lpddr5 1tb ssd m.2 nvme 14' oled wuxga 1920x1200 grafica integrada intel arc graphics 140v webcam fhd 1920x1080p wifi 7 bluetooth 5.4 hdmi 1xusb 3.2 1xusb-c compatible displayport 1xthunderbolt 4 bateria 4 celdas 70wh windows 11 home gris";1176.83;asus;portatil;0;0;1;5.33
90nb16k1-m001h0;"portatil gaming v16 v3607vm-rp011 intel core 7-240h hasta 5.2ghz memoria ram 16gb ddr5 512gb ssd m.2 nvme 16' wuxga 1920x1200 144hz grafica 8gb gddr7 nvidia geforce rtx 5060  dedicada webcam full hd 1920x1080p wifi 6 bluetooth 5.3 hdmi 2xusb 3.2 usb-c teclado retroiluminado bateria 63wh sin sistema operativo negro";955.3;asus;portatil;3;0;1;5.33
90nb16l1-m001b0;"portatil gaming v16 v3607vm-rp019 intel core 7-240h hasta 5.2ghz memoria ram 16gb ddr5 512gb ssd m.2 nvme 16' wuxga 1920x1200 144hz grafica 8gb gddr7 nvidia geforce rtx 5050  dedicada webcam full hd 1920x1080p wifi 6 bluetooth 5.3 hdmi 2xusb 3.2 usb-c teclado retroiluminado bateria 63wh sin sistema operativo negro";874.37;asus;portatil;2;0;1;5.33
90nb16t2-m002j0;"portatil vivobook s16 m3607ka-sh049w ai ryzen 5 330 hasta 4.4ghz ram 32gb ddr5 en placa no ampliable 1tb ssd m.2 nvme pcie 16' full hd oled 1920x1200 16:10 grafica integrada amd radeon graphics webcam wifi6  bluetooth 5.3 2xusb 3.2 2xusb c compatible con displayport y carga hdmi teclado retroiluminado bateria 4 celdas 70wh windows 11 home 64 bit peso 1.7kg  color plata";717.81;asus;portatil;6;0;1;5.33
90nr0nb1-m001x0;"portatil gaming tuf tuf608jmr-rv038 intel i7 14650hx (14a generacion) hasta 5.20ghz memoria ram 32gb ddr5 5200mhz (16gb x 2) 1tb ssd m.2 nvme 16' wuxga 1920x1200 165hz grafica 8gb gddr7 nvidia geforce rtx5060 wifi 6 ethernet bluetooth 5.3 webcam fhd 3xusb 3.2 usb-c soporta displayport thunderbolt hdmi ethernet teclado retroiluminado con copilot key bateria 4 celdas 90wh 2,2 kg sin sistema operativo gris";1251.77;asus;portatil;4;0;1;5.33
90nx0811-m06ed0;"portatil expertbook essential b1403cva-s65433x intel core 7 150u memoria ram 16gb ddr5 512gb ssd m.2 nvme pcie 14' full hd ips 1920x1080 grafica integrada intel uhd graphics webcam hd 1280x720 ethernet wifi 6 bluetooth 5.4 2xusb-c  3.2  2xusb-a 3.2 hdmi usb c  displayport bateria 3 celdas 50wh windows 11 pro 64 bit peso 1.4kg negro";701.83;asus;portatil;2;0;1;5.33
90nx0871-m00r10;"portatil expertbook p1 p1403cva-s60625x intel i5 13420h (13a generacion)  memoria ram 16gb ddr5 512gb ssd m.2 nvme pcie 14' full hd 1920x1080 grafica integrada intel uhd graphics webcam ethernet wifi 6 bluetooth 5.3 2xusb-c  3.2  compatible displayport y toma de carga 2xusb-a 3.2 hdmi bateria 50wh tres celdas windows 11 pro 64 bit peso 1.42kg gris";595.36;asus;portatil;1;0;1;5.33
90nx0881-m00ry0;"portatil expertbook p15 p1503cva-s70673x intel i5 13420h (13a generacion)  memoria ram 16gb ddr5 512gb ssd m.2 nvme pcie 15.6' full hd 1920x1080 grafica integrada intel uhd graphics webcam ethernet wifi 6 bluetooth 5.3 2xusb-c  3.2  2xusb-a 3.2 hdmi usb c  displayport bateria 50wh windows 11 pro 64 bit peso 1.63kg gris.";595.37;asus;portatil;0;0;1;5.33
90nx0881-m00s10;"portatil expertbook p15 p1503cva-s70676x intel i7 13620h (13a generacion)  memoria ram 16gb ddr5 512gb ssd m.2 nvme pcie 15.6' full hd 1920x1080 grafica integrada intel uhd graphics webcam hd ethernet wifi 6 bluetooth 5.3 2xusb-c  3.2  2xusb-a 3.2 hdmi usb c displayport bateria 50wh windows 11 pro 64 bit peso 1.63kg gris.";733.83;asus;portatil;-1;0;1;5.33
90nx08n1-m00e60;"portatil expertbook essential b3605cca-mb0387x intel core ultra 7 255h hasta 5.1ghz memoria ram 16gb ddr5 512gb ssd m.2 nvme pcie 4.0  16' 1920x1200 wuxga ips grafica integrada intel arc 140t wifi 6e 2xusb a 3.2 usb c hdmi windows 11 pro bateria 50wh peso 1.78kg color negro";936.52;asus;portatil;2;0;1;5.33
90nx09c1-m008b0;"portatil expertbook pm1403cda-s60231x amd ryzen 5 150 3.3ghz hasta 4.55ghz memoria ram 16gb ddr5 512gb ssd m.2 nvme pcie 4.0 14' full hd led grafica integrada radeon 680m wifi 6e bluetooth 5.4 2 x usb 3.2 hdmi 2 x usb-c windows 11 pro bateria 3 celdas 50wh color gris";531.43;asus;portatil;0;0;1;5.33
90pf04u1-m00s90;"pc expertcenter d901sdres-514500055x intel core i5 14500 (14a generacion) hasta 5ghz memoria ram 16gb ddr5 3200mhz 512gb ssd m.2 grafica integrada intel uhd graphics 770 hdmi vga 2xdisplaport 2xps2 ethernet 8xusb 3.2 2xusb 2.0 1xusb c windows 11 pro 64bit negro";539.96;asus;pc;17;0;1;5.33
90pf05a1-m01280;"pc expertcenter p500sv-07240h073x intel core 7 240h hasta 5.2ghz memoria ram 16gb ddr5 512gb ssd m.2 grafica integrada intel graphics hdmi displayport ethernet 2xusb 3.2 4xusb 2.0 usb-c wifi 6 teclado y raton con cable usb windows 11 pro 64bit negro";680.9;asus;pc;4;0;1;5.33
90pt03t2-m01vd0;"pc all in one e3402wvak-bpc142x 23.8' full hd 1920x1080 intel core i7-1355u (13a generacion) hasta 5ghz memoria ram 16gb ddr5 512gb ssd m.2 nvme grafica integrada iris xe graphics webcam hd wifi 6 ethernet 2xusb 2.0 3xusb-a 3.1 usb-c 3.1 2xhdmi combo mini jack 3.5 windows 11 pro teclado y raton alambrico  color negro";691.9;asus;pc;4;0;1;5.33
90pt03w1-m028m0;"pc all in one 27 v400 v470vak-wpe1030 27' full hd 1920x1080 intel core 5 210h hasta 4.8ghz memoria ram 16gb ddr5 so-dimm 512gb ssd m.2 nvme grafica integrada intel webcam fhd 1080p altavoces dobles 2w wifi 6 bluetooth 5.4 ethernetusb 2.0 3xusb 3.2 hdmi usb-c minijack auriculares y microfono  teclado y raton wireless  sin sistema operativo blanco";599.5;asus;pc;0;0;1;5.33
90pt03w1-m030u0;"pc all in one 27 v400 v470vak-wpe240w 27' full hd 1920x1080 intel core 5 210h hasta 4.8ghz memoria ram 16gb ddr5 so-dimm 512gb ssd m.2 nvme grafica integrada intel webcam fhd 1080p altavoces dobles 2w wifi 6 bluetooth 5.4 ethernetusb 2.0 3xusb 3.2 hdmi usb-c minijack auriculares y microfono  teclado y raton wireless  windows 11 home blanco";643.5;asus;pc;3;0;1;5.33
90pt03x1-m00ya0;"pc all in one v400 v440vak-wpc099w 23.8' full hd 1920x1080 i5-13420h (13a generacion) hasta 4.6ghz memoria ram 16gb ddr5 so-dimm (2x8gb) 512gb ssd m.2 nvme grafica integrada intel uhd graphics  webcam fhd 1080p altavoces dobles 2w wifi 6 bluetooth 5.4 ethernet 1xusb 2.0 3xusb 3.2 2xhdmi usb-c minijack auriculares y microfono  teclado y raton wireless  windows 11 home blanco";643.5;asus;pc;1;0;1;5.33
90yv0ala-m0na00;"tarjeta grafica geforce gt710-sl-2gd5-brk 2gb gddr5 64bit resolucion 3840x2160 hdmi dvi-d vga refrigeracion pasiva adaptador perfil bajo";49.5;asus;vga;0;0;1;0
90yv0h20-m0na00;"tarjeta grafica geforce gt730-4h-2gd5 2gb gddr5 64bit resolucion 3840x2160 4xhdmi refrigeracion pasiva";65.24;asus;vga;4;0;1;0
90yv0jh8-m0na00;"tarjeta grafica geforce rtx 4060 ti 16gb gddr6 dual fan reloj 2625 mhz velocidad de memoria 18gps cuda 4352 128-bit resolucion 7680 x 4320 entrada de alimentacion uno de 8 pines salidas displayport 1.4a (x3), hdmi 2.1a multipantalla 4 ";459.93;asus;vga;6;0;1;0
90yv0mf0-m0na00;"tarjeta grafica prime geforce rtx 5070 ti oc edition 16gb gddr7 256bit pci-e 5.0 3 x displayport 2 x hdmi 2.1b triple fan  resolucion máxima 7680 x 4320 8960 nucleos cuda conector de alimentacion de 16 pines pantallas soportadas cuatro.";973.5;asus;vga;1;0;1;0
90yv0mp2-m0na00;"tarjeta grafica geforce rtx 5060 ti  oc 8gb gddr7 dual fan reloj 2655 mhz 256-bit resolucion 7680 x 4320 entrada de alimentacion uno de 16 pines salidas displayport 2.1b (x3), hdmi 2.1b  multipantalla 4 ";319;asus;vga;3;0;1;0
910-001356;"presentador inalambrico r400 2.4ghz receptor usb puntero laser rojo alcance hasta 15 metros negro";17.43;logitech;puntero;2;0;1;0
910-001793;"raton m90 con cable usb optico 3 botones ambidiestro gris";2.82;logitech;raton;1;0;1;0
910-001949;"raton m705 inalambrico con receptor usb unifying nano laser 2.4ghz 7 botones gris/negro";25.63;logitech;raton;1;0;1;0
910-002201;"raton m235 inalambrico con receptor usb unifying nano optico 2.4ghz 3 botones negro/gris";14.71;logitech;raton;0;0;1;0
910-002235;"raton m185 inalambrico con receptor usb nano optico 2.4ghz 3 botones negro/gris";7.2;logitech;raton;8;0;1;0
910-002236;"raton m185 inalambrico con receptor usb nano optico 2.4ghz 3 botones negro/azul";7.24;logitech;raton;10;0;1;0
910-002237;"raton m185 inalambrico con receptor usb nano optico 2.4ghz 3 botones negro/rojo";9.24;logitech;raton;5;0;1;0
910-002731;"raton mini m187 inalambrico con receptor usb nano optico 2.4ghz 3 botones negro/blanco";13.52;logitech;raton;1;0;1;0
910-003357;"raton b100 con cable usb optico 3 botones ambidiestro oem negro";3.78;logitech;raton;39;0;1;0
910-003360;"raton b100 con cable usb optico 3 botones ambidiestro oem blanco";5.44;logitech;raton;8;0;1;0
910-004287;"raton m280 inalambrico con receptor usb nano optico 2.4ghz 3 botones negro";20.51;logitech;raton;2;0;1;0
910-004424;"raton m171 inalambrico con receptor usb nano optico 2.4ghz 3 botones ambidiestro negro/gris";6.47;logitech;raton;5;0;1;0
910-004640;"raton m171 inalambrico con receptor usb nano optico 2.4ghz 3 botones ambidiestro azul/negro";7.55;logitech;raton;4;0;1;0
910-004641;"raton m171 inalambrico con receptor usb nano optico 2.4ghz 3 botones ambidiestro rojo/negro";8.36;logitech;raton;8;0;1;0
910-004642;"raton m170 inalambrico con receptor usb nano optico 2.4ghz 3 botones ambidiestro oem negro/gris";6.52;logitech;raton;11;0;1;0
910-004798;"raton b170 inalambrico con receptor usb nano optico 2.4ghz 3 botones ambidiestro oem negro";6.52;logitech;raton;4;0;1;0
910-005448;"raton  ergonomico mx vertical 4000 dpi carga rapida con receptor usb unifying y bluetooth color negro";55.06;logitech;raton;3;0;1;0
910-005470;"raton gaming g502 hero hasta 25600 dpi con cable usb negro";39.59;logitech;raton;3;0;1;0
910-005823;"raton gaming g102 lightsync hasta 8000 dpi con cable usb negro";18.19;logitech;raton;4;0;1;0
910-005905;"raton m190 inalambrico con receptor usb nano optico 2.4ghz 3 botones ambidiestro gris marengo";7.45;logitech;raton;4;0;1;0
910-005906;"raton m190 inalambrico con receptor usb nano optico 2.4ghz 3 botones ambidiestro gris medio";8.14;logitech;raton;5;0;1;0
910-005907;"raton m190 inalambrico con receptor usb nano optico 2.4ghz 3 botones ambidiestro azul";9.7;logitech;raton;5;0;1;0
910-005908;"raton m190 inalambrico con receptor usb nano optico 2.4ghz 3 botones ambidiestro rojo";9.28;logitech;raton;3;0;1;0
910-006473;"raton ergonomico inalambrico bluetooth 2.4 ghz logitech lift vertical ergonomic mouse hasta 4000dpi grafito";41.17;logitech;raton;2;0;1;0
910-006474;"raton ergonomico inalambrico zurdo bluetooth 2.4 ghz logitech lift vertical ergonomic mouse hasta 4000dpi grafito ";46.12;logitech;raton;0;0;1;0
910-006475;"raton ergonomico inalambrico bluetooth + wireless lift vertical hasta 1000dpi blanco";64.2;logitech;raton;0;0;1;0
910-006520;"presentador inalambrico r500s puntero laser rojo alcance hasta 20 metros bluetooth y rf 2.4 ghz negro";28.89;logitech;puntero;1;0;1;0
910-006559;"raton inalambrico por bluetooth mx master 3s bateria recargable hasta 8000 dpi grafito";70.22;logitech;raton;0;0;1;0
910-007029;"raton m575s trackball inalambrico con receptor usb nano optico 2.4ghz 5 botones 2000dpi uso diestro color gris grafito";33.03;logitech;raton;-1;0;1;0
9112101;"alfombrilla con reposamuecas de gel crystal negro";12.12;fellowes;alfombrill;0;0;1;0
9112201;"reposamuecas para teclado de gel crystal negro";12.13;fellowes;ergonomia;4;0;1;0
9112301;"reposamuecas para raton de gel crystal negro";6.51;fellowes;ergonomia;2;0;1;0
9113709;"reposamuecas para teclado de gel crystal azul";12.12;fellowes;ergonomia;2;0;1;0
91141;"alfombrilla con reposamuecas de gel crystal azul";12.12;fellowes;alfombrill;2;0;1;0
914-000034;"pencil digital crayon para cualquier dispositivo ipad (a partir del 2018)";46.89;logitech;accesorio;2;0;1;0
9143703;"reposamuecas para teclado de gel crystal violeta";12.12;fellowes;ergonomia;4;0;1;0
9144104;"alfombrilla con reposamuecas de gel crystal violeta";12.12;fellowes;alfombrill;6;0;1;0
91450;"soporte de monitor/tv para sobremesa giratorio soporta monitores hasta 17' o 14kg regulable en altura entre 76mm hasta 114mm giratorio 45 bandeja de almacenamiento negro";25.1;fellowes;soporte;4;0;1;0
9169501;"soporte de monitor/tv para sobremesa plus soporta monitores hasta 21' o 36kg regulable en altura de 64mm hasta 165mm bandeja de almacenamiento atril negro";43.26;fellowes;soporte;2;0;1;0
9181201;"alfombrilla con reposamuecas de espuma con canal ergonomico negro";13.2;fellowes;alfombrilla;1;0;1;0
9190901;"respaldo de espuma ergonomico smart suites con correa ajustable gris";27.14;fellowes;ergonomia;5;0;1;0
9191301;"cojin lumbar mesh office suites se fija a traves de una correa ajustable se amolda a los contornos del cuerpo material de malla que permite la circulacion del aire negro";30.84;fellowes;ergonomia;4;0;1;0
920-0011426;"funda con teclado bluetooth slim folio para ipad 10.9' decima generacion y ipad a16 color gris";79.68;logitech;funda;0;0;1;0
920-002499;"teclado k120 con cable usb formato normal negro";9.71;logitech;teclado;24;0;1;0
920-002518;"teclado k120 con cable usb formato normal oem negro";9.79;logitech;teclado;11;0;1;0
920-002550;"teclado y raton mk120 con cable usb formato normal negro";14.91;logitech;teclado;1;30;1;0
920-003159;"teclado y raton mk220 inalambrico con receptor usb nano 2.4ghz formato compacto negro";16.46;logitech;teclado;10;0;1;0
920-003746;"teclado k270 inalambrico con receptor usb unifying formato normal negro";22.64;logitech;teclado;22;0;1;0
920-003978;"teclado y raton mk330 inalambrico con receptor usb unifying 2.4ghz formato normal negro";29.11;logitech;teclado;7;0;1;0
920-004513;"teclado y raton mk270 inalambrico con receptor usb nano 2.4ghz formato normal negro";19.9;logitech;teclado;7;10;1;0
920-007137;"teclado k400 inalambrico con receptor usb unifying para smart tv touch formato mini negro";23.72;logitech;teclado;0;0;1;0
920-007919;"teclado y raton mk235 inalambrico con receptor usb nano 2.4ghz formato normal negro";23.35;logitech;teclado;4;0;1;0
920-008336;"funda con teclado bluetooth folio para tablet universal de 9-10' y ipad air primera, segunda y tercera generacion ipad primera, tercera y cuarta generacion ipad 2  negro";35.37;logitech;funda;0;3;1;0
920-008680;"teclado y raton mk540 advanced inalambrico con receptor usb unifying 2.4ghz formato normal negro";40.23;logitech;teclado;9;0;1;0
920-009198;"teclado y raton mk470 inalambrico con receptor usb formato mini negro";36.71;logitech;teclado;4;0;1;0
920-009478;"funda con teclado bluetooth slim folio para ipad de septima octava y novena generacion";72.99;logitech;funda;-1;0;1;0
920-009798;"teclado y raton mk295 inalambrico con receptor usb nano 2.4ghz formato normal teclas silenciosas negro";27.13;logitech;teclado;12;0;1;0
920-009822;"teclado y raton mk295 inalambrico con receptor usb nano 2.4ghz formato normal teclas silenciosas blanco";28.73;logitech;teclado;5;0;1;0
920-010105;"teclado bluetooth ergo k860";76.51;logitech;teclado;4;0;1;0
920-010248;"teclado mx keys for business rf wireless + bluetooth español con bateria recargable grafito";89.88;logitech;teclado;3;0;1;0
920-011439;"funda con teclado retroiluminado con trackpad para ipad decima generacion y ipad a16 color gris";117.7;logitech;funda;2;0;1;0
920-012614;"funda combo touch con teclado para el ipad air 13' (m2 y m3)";183.52;logitech;funda;2;0;1;0
920-012667;"funda combo touch con teclado para el ipad pro 13' m4 y m5, esta funda no esta diseñada para usarla con con vidrio nanotexturizado.";204.37;logitech;funda;1;0;1;0
920-012772;"funda combo touch con teclado para el ipad pro 11' (m4) esta funda no esta disenyada para usarla con vidrio nanotexturizado.";176.55;logitech;funda;2;0;1;0
920-013384;"funda con teclado flip folio para ipad air de 13 pulgadas m2 y m3 ipad pro 13'  m4 ym5 ";136.96;logitech;funda;0;0;1;0
920-013399;"funda con teclado flip folio para ipad air de 10.9 pulgadas quinta generacion ipad air de 11 pulgadas m2 y m3 ipad pro 11'  m4 ym5 ";125.92;logitech;funda;5;0;1;0
922919;"funda plastica de tipo uero en formato folio pack de 100 unidades";3.74;5 estrellas;papeleria;6;0;1;0
92296u;"papel transp.hp laserjet a4 50 hojas";17.75;hp;papel;1;0;50;0
940279;"pila alcalinas lr6 1.5v aa pack 4 unidades";2.44;duracell;pilas;25;0;1;0
942796;"pila alcalinas lr03 1.5v aaa pack 4 unidades";2.55;duracell;pila;29;0;1;0
942799;"pila alcalina 9v 6lp3146 plus power mn1604b1 (6lr61)";2.34;duracell;pila;18;0;1;0
9472302;"soporte de monitor/tv para sobremesa i-spire series eleva el monitor a una altura de 8.5cm soporta hasta 5kg de peso negro";19.14;fellowes;soporte;5;0;1;0
960-000867;"webcam bcc950 conferencecam videoconferencias full hd 1080p (hasta 1920 x 1080 pxeles) campo visual diagonal: 78 horizontal: 70.42 vertical: 43.3 zoom hd 1.2x soporte extensor de 228 mm para elevar la cmara/colocarla a la altura de los ojos sistema manos libres integrado con dplex completo y cancelacion de eco y ruido controles para respuesta/finalizacin de llamadas, volumen silencio y";93.44;logitech;camara web;4;0;1;0
960-000972;"webcam c930e hd 1080p/30 full hd zoom digital hd 4x enfoque automatico lente cristal dos microfonos omnidireccionales con reduccion de ruido usb negro";65.52;logitech;camara web;2;0;1;0
960-001055;"webcam c920 pro hd 1080p full hd fotos 15 megapixeles video hasta 1920x1080 microfono integrado audio estereo seguimiento facial usb negro";48.82;logitech;camara web;3;0;1;0
960-001063;"webcam c270 hd 720p fotos 3megapixeles microfono integrado usb negro";14.12;logitech;camara web;13;0;1;0
960-001065;"webcam c310 hd 720p fotos 5megapixeles video hasta 1280x720 microfono integrado usb negro";19.17;logitech;camara web;6;0;1;0
960-001076;"webcam c925e pro hd 1080p full hd fotos video hasta 1080p 30fps dos microfonos estereofonicos integrados usb negro";45.24;logitech;camara web;9;0;1;0
960-001106;"webcam brio ultra hd pro videoconferencias 4k ultra hd vision diagonal 90 horizontal 82.1 vertical 52.2 zoom digital 5x full hd dos microfonos omnidireccionales con cancelacion de eco y ruido sensor con tecnologia infrarroja tapa de privacidad clip extraible bolsa protectora usb 3.0 negro";135.73;logitech;camara web;3;0;1;0
960-001360;"webcam c920e full hd 1920x1080 y hasta 30fps con enfoque automatico  microfono estereo omnidireccional campo de vision diagonal de 78º clip universal para portatil o monitores lcd usb negro";58.99;logitech;camara  web;3;0;1;0
960-001372;"webcam c505e hd 720p y hasta 30fps con enfoque automatico video hasta 1280x720 microfono estereo omnidireccional enfoque automatico campo de vision diagonal de 60 clip universal para portatil o monitores lcd usb negro";33.62;logitech;camara web;-1;0;1;0
961010;"boligrafo de tinta de gel con punta 0.7mm de color azul";0.35;5 estrellas;papeleria;3;0;1;0
980-000029;"altavoces 2.0 s150 usb 1.2w rms oem negro";11.33;logitech;altavoz;4;0;1;0
980-000413;"altavoces 2.1 z313 mini jack 3.5mm 25w rms subwoofer negro";31.96;logitech;altavoz;2;0;1;0
980-000814;"altavoces 2.0 z150 mini jack 3.5mm 6w rms negro";19.86;logitech;altavoz;13;0;1;0
980-000815;"altavoces 2.0 z150 mini jack 3.5mm 6w rms blanco";21.83;logitech;altavoz;4;0;1;0
981-000271;"auriculares de diadema h110 con microfono mini jack 3.5mm gris";6.79;logitech;auricular;0;10;1;0
981-000350;"auriculares de diadema h150 con microfono y control de volumen mini jack 3.5mm blanco";10.96;logitech;auricular;11;0;1;0
981-000406;"auriculares de diadema h390 con microfono y control de volumen usb negro";18.19;logitech;auricular;9;0;1;0
981-000475;"auriculares de diadema h340 con microfono usb negro";15.91;logitech;auricular;14;0;1;0
981-000480;"auriculares de diadema h540 con microfono y control de volumen usb negro";25.98;logitech;auricular;11;0;1;0
981-000589;"auriculares de diadema h151 con microfono y control de volumen mini jack 3.5mm negro";12.21;logitech;auricular;22;0;1;0
981-000593;"auriculares de diadema h111 con microfono mini jack 3.5mm gris";6.95;logitech;auricular;10;0;1;0
981-000770;"auriculares de diadema gaming g432 con microfono y control de volumen mini jack 3.5mm usb 2.0 negro";39.89;logitech;auricular;2;0;1;0
981-000818;"auriculares de diadema gaming pro x con microfono de varilla de 6mm pro con ecualizacion de audio optimizado y control de volumen + silenciamiento de microfono mini jack 3.5mm  negro";68.61;logitech;auricular;1;0;1;0
981-000978;"auriculares de diadema gaming g335 con microfono y control de volumen mini jack 3.5mm negro";37.45;logitech;auricular;1;0;1;0
981-001050;"auriculares de diadema gaming inalambricos g435 con microfono y control de volumen bluetooth  negro y amarillo";40.26;logitech;auricular;3;0;1;0
9821502;"boligrafo con peana y cadena contra robo ideal para mostradores y lugares publicos incluye una recarga en color azul";4.68;fellowes;papeleria;6;0;1;0
9894701;"raton penguin vertical ergonomico inalambrico con receptor usb laser formato mediano ambidiestro negro/plata";74.09;fellowes;raton;2;0;1;0
9894801;"raton penguin vertical ergonomico con cable usb laser formatp pequeo ambidiestro negro/plata";53.69;fellowes;raton;2;0;1;0
9929801;"organizador de cables zip 20mm de diametro 2 metros de longitud gris";5.45;fellowes;accesorio;6;0;1;0
9929901;"organizador de cables zip 20mm de diametro 2 metros de longitud blanco";5.5;fellowes;accesorio;11;0;1;0
9933501;"toallitas para limpieza de pantallas tactiles pack de 20 toallitas";1.21;fellowes;papeleria;1;0;1;0
99439;"organizador de cables zip 20mm de diametro 2 metros de longitud negro";5.45;fellowes;accesorio;6;0;1;0
9970330;"toallitas para limpieza de pantallas pack de 100 toallitas";2.92;fellowes;papeleria;7;0;1;0
9974804;"limpiador spray de aire a presion de 200ml se puede utilizar en multiples posiciones y angulos libre de hfc";4.04;fellowes;papeleria;10;0;1;0
9974905;"limpiador spray de aire a presion de 350ml se puede utilizar solo en vertical libre de hfc";5.21;fellowes;papeleria;12;0;1;0
9977804;"limpiador spray de aire a presion de 400ml se puede utilizar en multiples posiciones y angulos libre de hfc";4.2;fellowes;papeleria;9;0;1;0
9d0m9ea;"portatil 17-cn3004ns intel i5-1334u (hasta 4,6ghz) memoria ram 16gb ddr4 3200mhz 512gb ssd m.2 nvme 17.3' ips full hd 1920x1080 grafica integrada intel iris x webcam wifi 6 bluetooth 5.3 hdmi usb-c 2xusb 3.2 bateria 41wh windows 11 home 64 bit peso 2.94 kg plata";571.9;hp;portatil;0;0;1;5.33
9m8r0at;"pc pro sff 400 g9 intel core i5 14500 (14a generacion) 5ghz memoria ram 16gb ddr5 4800mhz 512gb ssd m.2 grafica integrada intel uhd graphics 770 ethernet 6xusb 3.2 usb-c 2xusb 2.0 hdmi displayport teclado y raton usb windows 11 pro 64bit";857.07;hp;pc;0;0;1;5.33
9mb76ms34-00-10;"placa base b760m ds3h micro atx intel lga 1700 12ª, 13ª y 14ª generacion 4xddr4 hasta 128gb 2xm.2 4 x sata 6gb/s raid 0, 1, 5 y 10 usb-c 3+2 x usb 3.2 2+2 x usb 2.0 vga hdmi 2 x displayport ethernet  2.5 gbe ps/2.";76.52;gigabyte;placa;8;0;1;0
9mb86mds3-00-g10;"placa base b860m ds3h micro atx intel lga 1851 4xddr5 hasta 256gb a 9066mhz 2xm.2 4 x sata 6gb/s 4+2 x usb 3.2 4+2 x usb 2.0  hdmi displayport ethernet  2.5 gbe ps/2.";114.08;gigabyte;placa base;5;0;1;0
9mh61mk52-00-g10;"placa base h610m k v2 intel lga 1700 12ª, 13ª y 14ª  generacion 2xddr5 hasta 64gb hdmi displaport 1xpciex1 1xpciex16 1xm.2 2xsata 6gb/s ethernet 2xusb 3.2 4xusb 2.0 ";53.9;gigabyte;placa base;4;0;1;0
9u5j5ut;"monitor 23.8' serie 3 pro 324pf 1920x1080 a 100hz full hd ips 5ms 250cd/m2 16:9 hdmi vga  displayport angulo vision h178-v178 inclinacion +23/-5 soporte vesa 100x100 color negro";117.66;hp;monitor;5;0;1;0
9vn5060eo-00-g10;"tarjeta grafica geforce rtx 5060 eagle oc 8gb gddr7 dual fan reloj 2550 mhz velocidad de memoria 28gps 128-bit resolucion 7680 x 4320 entrada de alimentacion uno de 8 pines salidas displayport 1.4a (x3), hdmi 2.1a multipantalla 4 ";319.76;gigabyte;vga;6;0;1;0
9vn5070wo-00-g10;"tarjeta grafica geforce rtx 5070 windforce oc sff 12gb gddr7 192 bits pci-e 5.0 2542mhz core clock 6144 nucleos cuda 3 x displayport 1 x hdmi 2.1b triple fan resolucion máxima 7680 x 4320 conector de alimentacion 1 x 16 pin pantallas soportadas cuatro.";625.78;gigabyte;vga;3;0;1;0
9vn507tao-00-g10;"tarjeta grafica geforce rtx 5070ti aero oc 16gb gddr7 256 bits pci-e 5.0 2588mhz core clock 8960 nucleos cuda 3 x displayport 1 x hdmi 2.1b triple fan resolucion máxima 7680 x 4320 conector de alimentacion 1 x 16 pin pantallas soportadas cuatro.";957;gigabyte;vga;2;0;1;0
9vn507teoi-00-g10;"tarjeta grafica geforce rtx 5070ti eagle oc ice sff 16gb gddr7 256 bits pci-e 5.0 2542mhz core clock 8960 nucleos cuda 3 x displayport 1 x hdmi 2.1b triple fan resolucion máxima 7680 x 4320 conector de alimentacion 1 x 16 pin pantallas soportadas cuatro.";909.7;gigabyte;vga;2;0;1;0
9vn507tgo-00-g10;"tarjeta grafica geforce rtx 5070ti gaming oc 16g 16gb gddr7 256 bits pci-e 5.0 2588mhz core clock 8960 nucleos cuda 3 x displayport 1 x hdmi 2.1b triple fan resolucion máxima 7680 x 4320 conector de alimentacion 1 x 16 pin pantallas soportadas cuatro.";940.5;gigabyte;vga;2;0;1;0
9vn5080ami-00-g10;"tarjeta grafica aorus geforce rtx 5080 master ice 16gb gddr7 256 bits pci-e 5.0 2805mhz core clock 10752 nucleos cuda 3 x displayport 1 x hdmi 2.1b triple fan resolucion máxima 7680 x 4320 conector de alimentacion 1 x 16 pin pantallas soportadas cuatro.";1335.4;gigabyte;vga;1;0;1;0
9vn5080ao-00-g10;"tarjeta grafica geforce rtx 5080 aero oc sff 16gb gddr7 256 bits pci-e 5.0 2730mhz core clock 10752 nucleos cuda 3 x displayport 1 x hdmi 2.1b triple fan resolucion máxima 7680 x 4320 conector de alimentacion 1 x 16 pin pantallas soportadas cuatro.";1278.2;gigabyte;vga;1;0;1;0
a103-0037;"adaptador desde usb 2.0 hembra a usb 2.0 hembra";0.41;aisens;adaptador;15;0;1;0
a104-0039;"cable desde usb-a macho a serie rs232 db9m/db25m";5.54;aisens;adaptador;6;0;1;0
a129-0149;"soporte de montaje para discos duros de 2,5' a 3,5' con tornillos incluidos, permite instalara un discos de 2.5' en bahia de 3.5'";1.15;aisens;accesorio;6;0;1;0
a129-0150;"soporte de montaje para discos duros de 2,5' a 3,5' con tornillos incluidos, permite instalara dos discos de 2.5' en bahia de 3.5'";1.72;aisens;accesorio;12;0;1;0
a132-0167;"cable desde schuko macho a iec hembra longitud 1.5 metros";1.97;aisens;cable;19;0;1;0
a132-0467;"cable desde iec macho a schuko hembra longitud 0.25 metros color negro";2.45;aisens;cable;16;0;1;0
a142-0311;"crimpadora universal rj10 rj11 rj12 rj45";7.95;aisens;herramienta;5;0;1;0
a146-0665;"cable de red desde rj45 macho a rj45 macho sftp awg23 lszh cpr dca categoria 7 longitud 305 metros azul";183.02;aisens;cable;0;0;1;0
a147-0352;"adaptador desde dvi-d macho a vga hembra";4.41;aisens;adaptador;5;0;1;0
a2293;"caja externa para dvd de 5.25' ide con conexion usb 2.0 plata";44.26;thermaltake;caja;4;0;1;0
a24hmb;"impresora multifuncion tinta deskjet 4320 a4 4800x1200ppp usb 2.0 wifi impresion monocromo 8.5ppm impresion color 5.5ppm bandeja entrada papel impresora 60 hojas adf 35 hojas volumen mensual hasta 300 paginas peso 4.81 kg";41.34;hp;imp multif;3;0;1;5.25
a24hpb;"impresora multifuncion tinta deskjet 4310 a4 4800x1200ppp usb 2.0 wifi impresion monocromo 8.5ppm impresion color 5.5ppm bandeja entrada papel impresora 60 hojas adf 35 hojas volumen mensual hasta 300 paginas peso 4.81 kg";39.22;hp;imp multif;7;0;1;5.25
a4s16g32clybdaa-1;"memoria ram ddr4 3200mhz cl20 16gb 260-pin so-dimm nox ";115.5;apacer;memoria;3;0;1;0
aacov-001;"accesorio camara deportiva repuesto de lente protectora compatible hero 5 y 6";16.44;gopro;accesorio;7;0;50;0
aafrm-001;"accesorio camara deportiva the frame para hero7 hero (2018) hero6 black hero5 black";22.75;gopro;accesorio;3;0;1;0
aaiod-001;"accesorio camara deportiva puerta de repuesto hero5 black";16.27;gopro;accesorio;3;0;1;0
aaptc-001;"accesorio camara deportiva protectores de pantalla para hero5 black color claro";16.62;gopro;accesorio;10;0;1;0
abbrd-001;"accesorio camara deportiva soporte para tabla de bodyboard y soft-top compatible con todas las camaras gopro";16.31;gopro;soporte;1;0;1;0
abby01b;"adaptador desde usb 3.0 macho a sata 2.5' macho compatible con discos ssd de 2.5' soporta uasp usb 3.0 superspeed (5gb/s) instalacion plug and play";6.85;conceptronic;adaptador;5;0;1;0
abby02b;"adaptador desde usb-c macho a sata 2.5' macho compatible con discos ssd de 2.5' soporta uasp usb 3.2 superspeed (5gb/s) instalacion plug and play";7.34;conceptronic;adaptador;5;0;1;0
abby03b;"adaptador desde usb-c macho a hdmi hembra resolucion hasta 4k 30hz";9.54;conceptronic;adaptador;12;0;1;0
abby05b;"adaptador desde usb-c macho a vga hembra resolucion hasta 1080p 60hz";9.24;conceptronic;adaptador;3;0;1;0
abby06b;"adaptador desde usb 2.0 macho a bluetooth 5.0 con distancia maxima 20 metros";7.43;conceptronic;adaptador;5;0;1;0
abjqr-001;"accesorio camara deportiva soporte giratorio compatible gopro max, hero 5, 6, 7 8, 9, 10, 11 y 12";19.24;gopro;soporte;2;0;50;0
abssc-001;"accesorio camara deportiva estuche semirrigido para camara casey compatible con todas las camaras gopro";42.43;gopro;accesorio;1;0;1;0
ack-710;"teclado con cable ps/2 de 105 teclas con lector de banda magnetica hasta 3 pistas formato normal negro";83.62;mustek;teclado;3;0;1;0
ack-710un;"teclado con cable usb de 105 teclas formato reducido con lector de banda magnetica 3 pistas integrado negro";96.71;mustek;teclado;2;0;1;0
acmfn-001;"accesorio camara deportiva gooseneck soporte flexible compatible con todas las camaras gopro";19.43;gopro;soporte;4;0;1;0
ad-ak-5300;"adaptador desde dim 5p hembra a mini dim 6p macho (at/ps/2 latiguillo)";0.58;l-link;adaptador;40;0;1;0
ad-mm-1153;"adaptador desde usb 2.0 macho a usb 2.0 macho multiconector usb-b 2.0, mini usb-b 2.0, mini usb 5 pines, mini usb 4 pines y mini usb-b 4 pines.";2.47;media magic;adaptador;10;0;1;0
ad2ide;"adaptador desde ide 2.5 hembra a ide 3.5 macho para disco duro 2.5' ide roline";4.39;roline;adaptador;1;0;1;0
adogm-001;"accesorio camara deportiva fetch dog harness compatible con gopro fusion, max, hero 2018, hero 5, 6, 7, 8, 9, 10, 11 y 12.";28.34;gopro;soporte;4;0;50;0
ads1300;"escaner documental ads-1300 a4 usb 2.0-3.0 duplex velocidad 50ppm adf 20 hojas ranura delantera dni o tarjetas hasta 1.000 exploraciones por dia alimentacion y datos por un unico cable usb-c (precisa usb-c en pc) peso 3.5 kg";191.86;brother;scann pro;1;0;1;0
ads1800;"escaner documental ads-1800w a4 usb-c wifi duplex velocidad 50ppm adf 20 hojas ranura delantera dni o tarjetas pantalla tactil wifi direct hasta 1.000 exploraciones por dia (precisa usb-c en pc) peso 2 kg";239.56;brother;scann pro;2;0;1;0
ads4100;"escaner documental ads-4100 a4 usb 3.0 duplex velocidad 35ppm adf 60 hojas hasta 5.000 exploraciones por dia peso 2.6 kg";257.76;brother;scanner profes;2;0;1;0
ads4300n;"escaner documental ads-4300n a4 usb 2.0-3.0 ethernet duplex velocidad 80ppm adf 80 hojas hasta 6.000 exploraciones por dia peso 2.64 kg";278.18;brother;scann pro;3;0;1;0
ads4550w;"escaner documental ads-4550w a4 usb 3.0 wifi ethernet duplex velocidad 70ppm adf 60 hojas pantalla tactil hasta 105.000 exploraciones por mes peso 2.7 kg";332.69;brother;scann pro;-1;0;1;0
ads4700w;"escaner documental ads-4700w a4 usb 2.0-3.0 wifi ethernet velocidad 80ppm duplex adf 80 hojas pantalla tactil hasta 6.000 exploraciones por dia peso 2.75 kg";391.66;brother;scann pro;1;0;1;0
af12;"refrigeracion por aire adicional para chasis 12x12mm";2.28;tacens;ventilador;11;0;1;0
af8;"refrigeracion por aire adicional para chasis 8x8mm";1.69;tacens;ventilador;10;0;1;0
aflty-004;"accesorio camara deportiva floaty flotador para puerta trasera compatible con hero 3, 4, y 5";19.52;gopro;accesorio;12;0;50;0
afras-301;"accesorio camara deportiva deportes de accion black para hero4 hero3+ hero3";14.75;gopro;accesorio;1;0;50;0
agbag-001;"accesorio camara deportiva kit de repuestos compatible con todas las camaras gopro";16.04;gopro;soporte;5;0;1;0
agimb-004;"accesorio camara deportiva karma grip para hero7 black hero6 black hero5 black";296.56;gopro;accesorio;5;0;50;0
agtsm-001;"accesorio camara deportiva soporte para manillar tija del sillin canya compatible con todaas las camaras gopro";22.81;gopro;soporte;11;0;1;0
ah4u16g32c28ytbaa-1;"memoria ram ddr4 3200mhz cl16/20/20/38 16gb 1.35v 288-pin dimm";116.6;apacer;memoria;8;0;1;0
ah5u16g60c622mbaa-1;"memoria ram ddr5 6000mhz 16gb dimm pro cl38 1.25v";176;apacer;memoria;7;0;1;0
ahdaf-302;"accesorio camara deportiva aadidos antiniebla para gopro hero 10, 11 y 12";16.48;gopro;accesorio;18;0;50;0
ahwbm-001;"accesorio camara deportiva correa de mano y mueca compatible con todas las camaras  gopro";42.46;gopro;soporte;4;0;50;0
althea04b;"cargador de pared a usb 25w cuatro puertos";11.41;conceptronic;cargador;5;0;1;0
althea07w;"cargador de pared a usb-c 20w blanco";7.43;conceptronic;cargador;55;0;1;0
althea08w;"cargador de pared a usb-c 100w con 2 puertos";52.18;conceptronic;cargador;3;0;1;0
althea10w;"cargador de pared a usb-c 25w";8.42;conceptronic;cargador;11;0;1;0
althea11w;"cargador de pared a usb-c + usb-a 33w";12.38;conceptronic;cargador;24;0;1;0
amdis02b;"webcam amdis02b super hd 2k 2592x1944 a 30fps enfoque automatico microfono integrado con reduccion de ruido angulo de vision 72 cobertura de privacidad incluida usb 2.0 negro";52.37;conceptronic;camara web;10;0;1;0
amdis04r;"webcam amdis04r full hd 1920x1080 30fps microfono integrado con reduccion de ruido angulo de vision 65 cobertura de privacidad incluida usb 2.0 negro";8.26;conceptronic;camara web;12;0;1;0
amiod-001;"accesorio camara deportiva puerta de repuesto hero5 session";16.44;gopro;accesorio;11;0;1;0
amlrk-001;"accesorio camara deportiva kit de repuesto de lente hero 5 session";16.48;gopro;accesorio;8;0;50;0
amp13eu;"presentador inalambrico amp13eu 2.4ghz receptor usb puntero laser alcance hasta 15 metros negro";23.47;targus;puntero;1;0;1;0
ap1tbas350xr-1;"disco interno ssd 2.5' as350 serial ata 1tb 6gbit/s velocidad lectura hasta 560mb/s velocidad escritura hasta 540mb/s";97.45;apacer;ssd int1;9;0;1;1.5
ap1tbas724c-1;"disco duro externo ssd as724 1tb usb-c color crema";105.6;apacer;disco ext;3;0;1;4
ap1tbas724m-1;"disco duro externo ssd as724 1tb usb-c color purpura";105.6;apacer;disco ext;4;0;1;4
ap2tbas724m-1;"disco duro externo ssd as724 2tb usb-c color purpura";191.95;apacer;ssd ext1+;5;0;1;6.45
ap32gah333b-1;"pen drive 32gb ah333 mysterious black usb 2.0 negro";4.55;apacer;pendrive;269;0;1;0.24
ap32gah333w-1;"pen drive 32gb ah333 chic ivory blanco usb 2.0";4.17;apacer;pendrive;120;0;1;0.24
ap512gas2280p4-1;"disco interno ssd pcie nvme m.2 2280 512gb velocidad lectura hasta 3000mb/s velocidad escritura hasta 2000mb/s";84.7;apacer;ssd int1;8;0;1;1.5
ap512gas2280q4x-1;"disco interno ssd pcie nvme m.2 2280 512gb velocidad lectura hasta 5000mb/s velocidad escritura hasta 4400mb/s pcie gen4 x4";92.4;apacer;ssd int1;13;0;1;1.5
ap512gas350xr-1;"disco interno ssd 2.5' as350x sata iii 512gb 6gbit/s velocidad lectura hasta 560mb/s velocidad escritura hasta 540mb/s";72.6;apacer;ssd int1;14;0;1;1.5
ap512gas724c-1;"disco duro externo ssd as724 512gb usb-c color crema";63.25;apacer;disco ext;4;0;1;4
apcrbc106;"bateria apc repuesto 106 diseñado para:be400-cp,be400-fr,be400-gr,be400-it,be400-kr,be400-rs,be400-sp,be400-uk,bge90m,bge90m-ca ";53.34;apc;bateria;2;0;1;0
apcrbc123;"ups bateria intercambiable en caliente diseñado para	p/n: bn1080g, bn1350g, br1000g, br1000g-cn, br900g-ar, br900g-fr, br900g-gr, br900gi, br900g-rs, bx1000g, bx1000g-ca, bx1300g, bx1300g-ca, bx1350m, bx1350m-lm60, smartcell-xr, smt750r2-nmc, smt750r2x122, smt750rm2u, smt750rm2uc, smt750rm2unc, smt750rmi2u, smt750rmi2uc, smt750rmi2unc, sua3000xlt";85.41;apc;bateria;3;0;1;0
apiii500si;"fuente de alimentacion 500w anima ventilador 120mm 20+4pin cpu 4pin hdd 1x4pin 2xsata 1xpata";8.8;tacens;fuente;6;0;1;0
aplx-75-eu-1;"pizarra interactiva activpanel lx  75' pantalla multitactil 4k uhd 3840x2160 rendimientotiempo de respuesta de 8 ms dimensiones 171,6 cm x 11 cm x 103.3 cm peso 50 kg entradas 3xhdmi 3xusb 2.0 usb-c rj45 rs232 vga mini jack mando a distancia 2xaltavoces de 20w  vesa 800x400";1368.85;promethean;pizarra;0;0;1;0
aplx-86-eu-1;"pizarra interactiva activpanel lx  86' pantalla multitactil 4k uhd 3840x2160 rendimientotiempo de respuesta de 8 ms dimensiones 196,2 cm x 11 cm x 117.1 cm peso 64.6 kg entradas 2xhdmi 3xusb 2.0 usb-c rj45 rs232 vga mini jack mando a distancia 2xaltavoces de 20w  vesa 800x600";1306.8;promethean;pizarra;0;0;1;0
appc14v4;"prolongador hdmi 1080p 3d y sonido dts y dolby truehd por rj45 cat 6 hasta 30m";21.39;approx;accesorio;0;0;1;0
appm32b;"monitor 32' grado a mate hva full hd 1920x1080 a 75hz 4ms 250cd/m2 3000m:1 16:9 hdmi vga jack 3.5mm altavoces 2x3w soporte vesa 100x100 color negro.";113.8;approx;monitor;5;0;1;0
apsiii500;"fuente de alimentacion microatx 500w anima ventilador 80mm 1xatx 20+4 1x4pin 2xsata 2xpata 1xfdd dimensiones (alxanxpr) 6.35x125x100mm";16.5;tacens;fuente;12;0;1;0
apthp6001ae;"toner compatible q6001a-lj color 1600/2600/2065/cm1015mfp cian 2.000 paginas agfaphoto";36.87;agfa;toner;1;0;1;0
apthp6003ae;"toner compatible q6003a-lj color 1600/2600/2065/cm1015mfp magenta 2.000 paginas agfaphoto";36.95;agfa;toner;1;0;1;0
archer ax53;"router ax53 wifi 6 gigabit ax3000 dual band 2.4ghz hasta 574mbps 5ghz hasta 2402mbps 4 antenas externas 4 puertos lan 10/100/1000mbps 1 puerto wan 10/100/1000mbps ";43.04;tp-link;router;10;0;1;0
archer c6;"router ac1200 wifi gigabit dual band 2.4ghz hasta 300mbps 5ghz hasta 867mbps 4 antenas externas 1 antena interna 4 puertos lan 10/100/1000mbps 1 puerto wan 10/100/1000mbps";34.67;tp-link;router;14;0;1;0
archer mr200;"router ac750 wifi 4g lte hasta 150mbps gigabit dual band 2.4ghz hasta 300mbps 5ghz hasta 867mbps 2 antenas externas desmontables 4g lte 3 antenas internas wifi 3 puertos lan 10/100/1000mbps 1 puerto wan 10/100/1000mbps 1 ranura para tarjeta nano sim";56.65;tp-link;router;5;0;1;0
archer t2u;"usb inalambrico ac600 2.4ghz hasta 150mbps 5ghz hasta 433mbps usb 2.0";11.4;tp-link;wifi;10;0;1;0
archer t2unano;"usb inalambrico nano ac600 2.4ghz hasta 200mbps 5ghz hasta 433mbps usb 2.0";11.11;tp-link;wifi;6;0;1;0
archer t3u plus;"usb inalambrico ac1300 2.4ghz hasta 400mbps 5ghz hasta 867mbps usb 3.0 con antena";14.52;tp-link;wifi;0;10;1;0
archer t4e;"tarjeta de red inalambrica pci express ac1200 dual band 5ghz 867mbps + 2.4ghz 300mbps 2 antenas extraibles soporte perfil bajo";20.24;tp-link;wifi;20;0;1;0
archer t4u v2;"usb inalambrico ac1300 2.4ghz hasta 400mbps 5ghz hasta 867mbps usb 3.0";19.64;tp-link;wifi;6;0;1;0
archer tx50e;"tarjeta de red inalambrica pci express ax3000 wifi 6 dual band 5ghz 2402mbps + 2.4ghz 574mbps con bluetooth 5.0 2 antenas 5dbi soporte perfil bajo";30.48;tp-link;wifi;13;0;1;0
arflt-001;"accesorio camara deportiva floaty para la  hero session compatible hero 3 y 4";16.31;gopro;accesorio;11;0;50;0
athan01b;"auriculares de diadema con microfono usb para gaming con sonido 7.1 luces led 7 colores compatible con ps4 ps3 y pc negro";21.97;conceptronic;auricular;11;0;1;0
athan03b;"auriculares de diadema con microfono mini jack 3.5mm para gaming con sonido 7.1 luces led rgb compatible con ps5 xbox one y pc mando a distancia incluido negro";24.61;conceptronic;auricular;2;0;1;0
atria;"chasis semitorre atria con fuente 500w soporta atx micro atx bahias internas 2x3.5' hdd 2x2.5' bahias externas 1x5.25' 1x3.5' 2xusb 2.0 1xusb 3.0 salida audio y microfono dimensiones (prxalxan) 410x410x180mm peso 5 kg negro";26.27;l-link;chasis;18;0;1;0
atswr-301;"accesorio camara deportiva the tool llave para tornillo moleteado y abrebotellas";3.06;gopro;accesorio;2;0;50;0
auc005btbk;"auriculares intrauditivo true wireless soundform con microfono play bluetooth color negro";9.15;belkin;auricular;12;0;1;0
auc005btbl;"auriculares intrauditivo true wireless soundform con microfono play bluetooth color azul";10.05;belkin;auricular;8;0;1;0
auc005btwh;"auriculares intrauditivo true wireless soundform con microfono play bluetooth color blanco";10.05;belkin;auricular;6;0;1;0
auc012btwh;"auriculares intrauditivo true wireless soundform rythm con microfono bluetooth color blanco";16.82;belkin;;1;0;1;0
aud006btblk;"auriculares de diadema soundform inspire con microfono y cancelacion de ruido bluetooth para niños color negro ";33.92;belkin;auricular;14;0;1;0
aud008hqbk;"auriculares de diadema circumaurales con microfono y cancelacion de ruido bluetooth color negro carga usb-c";27.36;belkin;auricular;0;0;1;0
aud008hqsa;"auriculares de diadema circumaurales con microfono y cancelacion de ruido bluetooth color beige ";24.98;belkin;auricular;5;0;1;0
auf001vfbk;"cargador inalambrico qi 10w de potencia y altavoz bluetooth para ios y android, una compacta solucin de carga rpida inalmbrica de manera que tu dispositivo se cargar rpidamente mientras escuchas msica o haces llamadas, ya que tambin incorpora micrfono.";36.15;belkin;cargador;4;0;1;0
avatar;"chasis semitorre avatar sin fuente soporta atx micro atx mini itx bahias internas 2x3.5' hdd 3x2.5' 1xventilador trasero 120mm led azul 3xventilador frontal 120mm led azul  2xventilador superior 120mm led azul  1xusb 2.0 2xusb 3.0 salida audio y microfono ventana lateral dimensiones (prxalxan) 405x435x192mm peso 6 kg negro";36.29;l-link;chasis;17;0;1;0
avc008btsgy;"docking station desde usb-c macho a ethernet hembra 10/100/1000mbps, usb-c hembra, usb a, hdmi y sd color gris";39.82;belkin;adaptador;6;0;1;0
avc009btsgy;"docking station desde usb-c macho a usb-c hembra, 2xusb a, jack 3.5, lector sd, lector micro sd, hdmi 4k y carga 100w color gris";25.44;belkin;adaptador;5;0;1;0
awalc-002-es;"accesorio camara deportiva supercharger cargador de puerto dual internacional";41.01;gopro;cargador;3;0;1;0
awrmk-001;"accesorio camara deportiva kit soporte wi-fi remote negro";16.31;gopro;soporte;9;0;50;0
b11b259401;"escaner documental workforce ds-730n a4 usb resolucion optica de 600 dpi velocidad de escaneo duplex  40 ppm adf 100 hojas hasta 4.500 exploraciones por dia  ";315.88;epson;scann pro;1;0;1;0
b11b261401;"escaner documental workforce ds-530ii a4 usb resolucion optica de 600 dpi velocidad de escaneo duplex  35 ppm adf 50 hojas hasta 4000 exploraciones por dia  ";280.9;epson;scann pro;0;1;1;0
b11b272401;"escaner documental ds-c330 a4 usb resolucion optica de 600 dpi adf 20 hojas duplex hasta 5.000 exploraciones por dia  ";207.92;epson;scann pro;1;0;1;0
b12u0000rs;"impresora de sublimacion modelo 100 de tarjetas identificativas, incluye 100 tarjetas.";506;badgy;impre prof;0;0;1;0
b2a075-c00;"maletin para portatil hasta 11' air protect always-on ideal para chromebooks color negro";12.05;belkin;maletin;2;0;1;0
b2b075-c00;"maletin para portatil hasta 14' de neopreno ideal para macbook air de 13 y 14 pulgadas color negro";8.63;belkin;maletin;13;0;1;0
b39rrat 16gb 1tb;"portatil 255 g10 ryzen 5 7530u hasta 4.5 ghz memoria ram 16gb ddr4 3200 1tb ssd pcie nvme m.2 15.6' fhd 1920x1080 grafica integrada amd radeon usb-c 2xusb-a hdmi wifi 6 bluetooth 5.3 bateria de 3 celdas 41wh windows 11 home color negro";469.66;hp;portatil;3;0;1;5.33
b39s1at;"portatil 250r g9  intel i5-1334u hasta 4.6ghz memoria ram 8gb ddr4 3200 mt/s 512gb ssd m.2 nvme grafica integrada intel iris xe graphics 15.6' full hd 1920x1080 60hz  wifi 6 bluetooth 5.2 hdmi 2xusb 3.2 usb-c compatible displayport y energia  bateria 41wh freedos color negro";394.05;hp;portatil;2;0;1;5.33
b39s1at 16gb v2;"portatil 250r g9  intel core 5 120u hasta 5ghz memoria ram 16gb ddr4 3200 mt/s 512gb ssd m.2 nvme grafica integrada intel iris xe graphics 15.6' full hd 1920x1080 60hz  wifi 6 bluetooth 5.2 hdmi 2xusb 3.2 usb-c compatible displayport y energia  bateria 41wh freedos color negro";415.35;hp;portatil;4;0;1;5.33
b3af0at;"portatil 250r g9  intel core 5 120u hasta 5ghz memoria ram 16gb ddr4 3200 mt/s 512gb ssd m.2 nvme grafica integrada intel iris graphics 15.6' full hd 1920x1080 wifi 6 bluetooth 5.2 hdmi 2xusb 3.2 usb-c bateria 3 celdas 41wh windows 11 pro color negro";641.1;hp;portatil;3;0;1;5.33
b61l5ea;"pc all in one omnistudio 27-cs0010ns 27' ips full hd 1920x1080 ultra 5 hasta 4.5ghz memoria ram 32gb ddr5 5600mhz 1tb ssd m.2 nvme grafica integrada intel arc webcam 5mp altavoces 5w wifi 7 bluetooth 5.4 ethernet 2xusb a 3.2  usb-c hdmi teclado y raton usb  windows 11 home plata";1103.74;hp;pc;3;0;1;5.33
ban;"cargador para portatil universal manual 90w";15.88;ngs;cargador;5;0;1;0
bat-scn01;"bateria lector de codigo barras para: ms-1202 hs-1902 3820i 4820i";49.81;honeywell;bateria;1;0;1;0
bbz010sp;"teclado y raton wireless combo 2.4ghz con nano receptor usb color negro";9.17;belkin;teclado;6;0;1;0
be650g2-sp;"ups back 650 650va 400w 230v off line formato regleta con 8 conectores schuko peso 4 kg";109;apc;ups;2;0;1;0
be850g2-gr;"ups back 800 850va 520w 230v off line formato regleta con 8 conectores schuko salida de carga usb peso 5 kg";122.48;apc;ups;1;0;1;0
bh5g6ea;"portatil convertible omnibook 5 flip 14-fp0021ns intel core 7-150u ram 16gb ddr5 5200 1tb ssd pcie gen4 nvme m.2 14' tactil 2k ips 1920x1200 grafica integrada intel 2xusb-c compatible displayport 1.4 2xusb-a  hdmi ethernet wifi 6 bluetooth 5.4 teclado retroiluminado webcam fhd 1080 con reduccion de ruido bateria de 4 celdas 65w windows 11 home color gris";924.42;hp;portatil;1;0;1;5.33
bh5h9ea 32gb;"portatil gaming victus 15-fb3709ns amd ryzen 7 8845hs hasta 5.1ghz memoria ram 32gb ddr5 5600mhz 1tb ssd m.2 nvme 15.6' 1920x1080 144hz ips grafica 6gb gddr6 nvidia geforce rtx 4050  dedicada webcam 720p wifi 6 ethernet bluetooth 5.4 hdmi 2xusb 3.2 usb-c teclado retroiluminado sonido dts x ultra bateria 70wh freedos 3.0 gris";1099.08;hp;portatil;2;0;1;5.33
bhr07psgl;"pulsera smart band 10 bluetooth 5.4 pantalla amoled tactil 1.72' sensor de frecuencia cardiaca, acelerometro, giroscopio, brujula electronica,luz ambiental y pulsioximetro resistente al agua 5 atm notificaciones bateria 233mah duracion bateria hasta 21 dias plata";34.24;xiaomi;pulsera;3;0;1;0
bhr07pygl;"pulsera smart band 10 bluetooth 5.4 pantalla amolñed tactil 1.72' sensor de frecuencia cardiaca, acelerometro, giroscopio, brujula electronica,luz ambiental y pulsioximetro resistente al agua 5 atm notificaciones bateria 233mah duracion bateria hasta 21 dias negro medianoche";32.1;xiaomi;pulsera;2;0;1;0
bhr08gjgl;"auriculares intrauditivo redmi buds 8 pro autonomia hasta 8 horas con microfono y estuche de carga bluetooth blanco";54.57;xiaomi;auricular;0;0;1;0
bhr08gmgl;"auriculares intrauditivo redmi buds 8 pro autonomia hasta 8 horas con microfono y estuche de carga bluetooth azul";52.43;xiaomi;auricular;0;0;1;0
bhr08gogl;"auriculares intrauditivo redmi buds 4 pro autonomia hasta 9 horas con microfono y estuche de carga bluetooth negro";52.43;xiaomi;auricular;0;0;1;0
bhr08svgl;"camara videovigilancia smart c302 interior 2k uhd vision nocturma a color motorizada 360 proteccion fisica de la lente para proteger la privacidad al maximo, ip wifi 6, vision nocturna, deteccion de sonidos inusuales, vallado virtual, deteccion de personas y mascotas, deteccion de llanto de bebe. control desde app, capacidad de uso tarjeta micro sd hasta 256gb, seguimiento de humanos por ia color blanco";23.54;xiaomi;camara vid;0;0;1;0
bhr4927gl;"cargador de carga rapida usb-c 20w blanco";6.14;xiaomi;cargador;12;0;1;0
bhr4975eu;"monitor 27' mi desktop 1920x1080 a 75hz ips full hd 6ms 300cd/m2 1000:1 16:9 hdmi vga angulo vision h:178-v178 dimensiones 613.2x205.3x476mm 4.3kg negro";131.81;xiaomi;monitor;5;0;1;0
bhr5039gl;"monitor 27' gaming mi 2k 2560x1440 a 165hz 1ms imbc 2xhdmi displyport mini jacj 3.5mm 2xusb 3.0 1000:1 angulo vision h:178-v:178 pivotante regulable altura vesa 75x75 dimensiones 609.44x200x461.25mm 6.53kg negro";217.45;xiaomi;monitor;5;0;1;0
bhr5510gl;"juego de herramientas destornillador destornillador taladro max brushless cordless drill par de torsion potente 30nm 30 velocidades 3 modos funcionamiento pantalla inteligente 24 brocas de acero s2 usb-c";82.67;xiaomi;destornill;2;0;1;0
bhr5846gl;"auriculares intrauditivo redmi buds 4 autonomia hasta 6 horas con microfono y estuche de carga bluetooth blanco";43.91;xiaomi;auricular;1;0;1;0
bhr5847gl;"auriculares intrauditivo redmi buds 4 autonomia hasta 6 horas con microfono y estuche de carga bluetooth azul";45.8;xiaomi;auricular;4;0;1;0
bhr5896gl;"auriculares intrauditivo redmi buds 4 pro autonomia hasta 9 horas con microfono y estuche de carga bluetooth negro";58;xiaomi;auricular;4;0;1;0
bhr6099gl;"raton wireless mouse lite inalambrico con receptor usb nano optico 2.4ghz 2 botones negro";6.66;xiaomi;raton;2;0;1;0
bhr6143eu;"comedero de mascotas inteligente smart pet food feeder control desde app";77.01;xiaomi;accesorio;1;0;1;0
bhr6814gl;"cargador usb  67w para coche 1 x usb-c 1 x usb-a compatible con carga para smartphone";17.52;xiaomi;cargador;2;0;1;0
bhr6958gl;"auriculares intrauditivo redmi buds 4 pro  con microfono autonomia hasta 36 horas con el estuche de carga bluetooth 5.3 blanco";47.83;xiaomi;auricular;11;0;1;0
bhr7848gl;"smartwatch redmi watch 4 reloj pantalla amoled 1.97' bluetooth - autonomia hasta 20 dias - resistencia al agua 5 atm - color plata";69.01;xiaomi;watch;4;0;1;2.5
bhr8088gl;"camara videovigilancia c500 pro interior motorizada 360 3k, hdr 5mp vision nocturna, control desde app,conexion wifi bluetooth 5.2 capacidad de uso tarjeta micro sd hasta 256gb, reconocimiento de mascotas areas principales y ruidos fuertes llamadas bidireccionales color blanco";40.46;xiaomi;camara vid;5;0;1;0
bhr8391gl;"auriculares intrauditivo redmi buds 6 bluetooth 5.4 microfono integrado y estuche de carga autonomia hasta 6 horas control tactil color blanco";12.06;xiaomi;auricular;3;0;1;0
bhr8396gl;"auriculares intrauditivo redmi buds 6 bluetooth 5.4 microfono integrado y estuche de carga autonomia hasta 6 horas control tactil color negro";11.77;xiaomi;auricular;0;0;1;0
bhr8755eu;"camara videovigilancia smart c500 dual interior motorizada 360 2k ip wifi, vision nocturna, control desde app, capacidad de uso tarjeta micro sd hasta 256gb, seguimiento de humanos por ia color blanco";56.24;xiaomi;camara vid;0;0;1;0
bhr8773gl;"auriculares intrauditivo redmi buds 6 bluetooth 5.4 microfono integrado y estuche de carga autonomia hasta 7 horas resistencia ipx4 control tactil color blanco";7.87;xiaomi;auricular;10;0;1;0
bhr8776gl;"auriculares intrauditivo redmi buds 6 bluetooth 5.4 microfono integrado y estuche de carga autonomia hasta 7 horas resistencia ipx4 control tactil color negro";9.63;xiaomi;auricular;13;0;1;0
bhr8784gl;"smartwatch redmi watch 5 active reloj pantalla  2' bluetooth 5.3 - autonomia hasta 18 dias en modo de uso tipico cable de carga magnetico - resistencia ipx8 - color negro";24.49;xiaomi;watch;3;0;1;2.5
bhr8789gl;"smartwatch redmi watch 5 lite reloj pantalla amoled 1.96' bluetooth 5.3- autonomia hasta 18 dias - resistencia al agua 5 atm - color negro";36.38;xiaomi;watch;2;0;1;2.5
bhr8790gl;"smartwatch redmi watch 5 active reloj pantalla  2' bluetooth 5.3 - notificaciones frecuencia cardiaca autonomia hasta 18 dias en modo de uso tipico cable de carga magnetico - resistencia ipx8 - color plata";23.54;xiaomi;watch;3;0;1;2.5
bhr8791gl;"smartwatch redmi watch 5 lite reloj pantalla  1.96' bluetooth 5.3 - notificaciones frecuencia cardiaca acelerometro giroscopio gps autonomia hasta 18 dias en modo de uso tipico cable de carga magnetico - resistencia ipx8 - color  dorado";37.03;xiaomi;watch;1;0;1;2.5
bhr8975gl;"powerbank 20000mah 33w incluye cable de carga rapida usb c bateria de iones de litio color azul ";20.3;xiaomi;power bank;3;0;1;0
bhr9126gl;"powerbank 30000mah 18w carga rapida inteligente puede cargar hasta tres dispositivos simultaneamente dos puerto s usb a y uno usb c todos compatibles con carga rapida de 18w bateria de iones de litio cable de carga usb c incluido color negro";22.38;xiaomi;power bank;3;0;1;0
bhr9166eu;"camara videovigilancia smart c300 dual interior motorizada 360 ip wifi, vision nocturna, control desde app, capacidad de uso tarjeta micro sd hasta 256gb, seguimiento de humanos por ia color blanco";38.89;xiaomi;camara vid;3;0;1;0
bhr9341gl;"powerbank 10000mah 33w incluye cable de carga rapida usb c bateria de iones de litio color azul ";16.85;xiaomi;power bank;5;0;1;0
bhr9381gl;"smartwatch redmi watch 5 pantalla  2.07' bluetooth 5.3 - notificaciones frecuencia cardiaca gps autonomia hasta 24 dias en modo de uso tipico cable de carga magnetico - resistencia ipx8 - color plata";74.16;xiaomi;watch;3;0;1;2.5
bhr9388gl;"smartwatch redmi watch 5 reloj pantalla  2.07' bluetooth 5.3 - notificaciones frecuencia cardiaca autonomia hasta 24 dias en modo de uso tipico cable de carga magnetico color violeta lavanda ";74.9;xiaomi;watch;1;0;1;2.5
bhr9389gl;"smartwatch redmi watch 5 reloj pantalla  2.07' bluetooth 5.3 - notificaciones frecuencia cardiaca autonomia hasta 24 dias en modo de uso tipico cable de carga magnetico color negro";75.41;xiaomi;watch;2;0;1;2.5
bhr9444gl;"pulsera mi smart band 9 bluetooth 5.3 pantalla tactil 1.47' sensor de frecuencia cardiaca mas de 100 modos deportivos resistente al agua 5 atm notificaciones bateria 300mah duracion bateria hasta 18 dias negro";18.19;xiaomi;pulsera;4;0;1;0
bhr9462eu;"cargador de pared a usb-a 120w + cable identificacion inteligente de dispositivos blanco  para smartphone";16.43;xiaomi;cargador;7;0;1;0
bhr9465eu;"cargador de pared a usb-a 67w + cable identificacion inteligente de dispositivos blanco  para smartphone";11.4;xiaomi;cargador;14;0;1;0
bhr9956eu;"cargador de pared a usb-a 33w + cable identificacion inteligente de dispositivos color blanco";7.49;xiaomi;cargador;15;0;1;0
bhr9970gl;"powerbank 25000mah 212w carga rapida inteligente puede cargar hasta tres dispositivos simultaneamente dos puertos usb c y uno usb a todos compatibles con carga rapida de 50w bateria de iones de litio cable de carga incluido color negro";67.09;xiaomi;power bank;1;0;1;0
bjorn01b;"altavoces 2.0 bjorn mini jack 3.5mm y bluetooth 10w negro";12.21;conceptronic;altavoz;8;0;1;0
bjorn02b;"altavoces 2.0 bjorn mini jack 3.5mm y bluetooth 6w negro";7.23;conceptronic;altavoz;7;0;1;0
bk500ei;"ups back cs500 500va 300w 230v line interactive formato torre 2xiec 320 c13 proteccion conta subidas de tension 3xiec 320 c13 bateria de reserva 2xiec jumpers contra subida de tension usb rs232 peso 7.5 kg";133.99;apc;ups;1;0;1;0
bk5x6ea;"portatil gaming omen 16-ap0024ns amd ryzen ai 9-365 hasta 5.0ghz memoria ram 32gb ddr5 5600mhz 1tb ssd m.2 nvme 16' 2560x1600 240hz ips grafica 8gb gddr7 nvidia geforce rtx 5070  dedicada webcam true vision 1080p con reduccion temporal de ruidos wifi 6 ethernet bluetooth 5.4 hdmi usb 3.2 usb-c compatible dispalyport 1.4a 2xusb-c teclado retroiluminado sonido dts x ultra bateria 83wh freedos 3.0 negro sombra";1467.19;hp;portatil;3;0;1;5.33
bk650ei;"ups back cs650 650va 400w 230v line interactive formato torre 1xiec 320 c13 proteccion conta subidas de tension 3xiec 320 c13 bateria de reserva 2xiec jumpers contra subida de tension usb rs232 peso 8 kg";161.4;apc;ups;0;0;1;0
bl-g2-7-b;"boligrafo de tinta de gel g2 con punta 0.7mm de color negro";1.03;pilot;papeleria;5;0;1;0
bl-g2-7-l;"boligrafo de tinta de gel g2 con punta 0.7mm de color azul";1.12;pilot;papeleria;24;0;1;0
bl2b7ea 32gb;"portatil gaming victus 15-fa2039ns intel core 7 240h hasta 5.2ghz ram 32gb ddr5 5600mhz 1tb ssd m.2 nvme 15.6' 1920x1080 144hz ips grafica 8gb gddr7 nvidia geforce rtx 5060  dedicada webcam 720p wifi 6 ethernet bluetooth 5.4 hdmi 2xusb 3.2 usb-c compatible dispalyport 1.4a teclado retroiluminado sonido dts x ultra bateria 70wh freedos 3.0 gris";1230.08;hp;portatil;3;0;1;5.33
bp4r6ea;"portatil gaming omen 16-am0036ns intel core ultra 7-255h hasta 5.1ghz memoria ram 32gb ddr5 5600mhz 1tb ssd m.2 nvme 16' 1920x1200 144hz ips grafica 8gb gddr7 nvidia geforce rtx 5060  dedicada webcam true vision 1080p con reduccion temporal de ruidos wifi 6 ethernet bluetooth 5.4 hdmi 2xusb 3.2 usb-c compatible dispalyport 1.4a teclado retroiluminado sonido dts x ultra 83wh freedos 3.0 negro";1251.02;hp;portatil;1;0;1;5.33
bp71ga4;"papel fotografico glossy premium a4 260g/m2 pack 20 hojas";7.56;brother;papel;-3;0;1;0
bpb011btbk;"powerbank 10000mah carga rapida 15w puerto de salidad 2xusb-a usb-c negro";14.84;belkin;power bank;13;0;1;0
bpb011btbl;"powerbank 10000mah carga rapida 15w puerto de salidad 2xusb-a usb-c azul";11.24;belkin;power bank;10;0;1;0
bpb012btbk;"powerbank 20000mah carga rapida 15w puerto de salidad 2xusb-a usb-c negro";21.2;belkin;power bank;3;0;1;0
bpb012btbl;"powerbank 20000mah carga rapida 15w puerto de salidad 2xusb-a usb-c azul";17.57;belkin;power bank;9;0;1;0
bpb024hqbk;"powerbank 20000mah carga rapida 30w puerto de salidad usb-a usb-c negro";20.44;belkin;power bank;7;0;1;0
bpb024hqbl;"powerbank 20000mah carga rapida 30w puerto de salidad usb-a usb-c azul";26.69;belkin;power bank;5;0;1;0
bpb024hqpk;"powerbank 20000mah carga rapida 30w puerto de salidad usb-a usb-c rosa";18.55;belkin;power bank;2;0;1;0
bpd004btbk;"powerbank boost charge 5000mah wireless y magnetica para iphone (compatible con magsafe) negra";17.52;belkin;power bank;7;0;1;0
bpd004btwh;"powerbank boost charge 5000mah wireless y magnetica para iphone (compatible con magsafe) blanca";18.6;belkin;power bank;6;0;1;0
bpd006btbk;"powerbank boost charge 5000mah magnetica con qi2 de 15w negra";20.14;belkin;power bank;7;0;1;0
bpd008btbk;"powerbank boost charge 10000mah magnetica con qi2 de 15w negra";34.98;belkin;power bank;3;0;1;0
bpd008btwh;"powerbank boost charge 10000mah magnetica con qi2 de 15w blanca";34.98;belkin;power bank;1;0;1;0
bpgp-10r-m-b;"boligrafo super grip con punta de 0.4mm de color negro";0.77;pilot;papeleria;10;0;1;0
br1300mi;"ups pro 1300 1300va 780w 230v line interactive formato torre lcd 6xiec 320 c13 bateria de reserva 2xiec jumpers peso 12 kg";348.06;apc;ups;1;0;1;0
br1500g-gr;"ups pro 1500 1500va 865w 230v line interactive formato torre lcd 3xschuko cee 7 proteccion contra subida de tension 5xschuko cee 7 bateria de reserva usb rs232 peso 14 kg";439.91;apc;ups;1;0;1;0
br650mi;"ups back-ups pro br 650va 390w 230v line interactive formato torre 6x iec peso 6.4kg";174.06;apc;ups;2;0;1;0
br900mi;"ups pro 900 900va 540w 230v line interactive formato torre lcd 6xiec 320 c13 peso 17 kg";231.17;apc;ups;1;0;1;0
brendan01b;"auriculares intrauditivo bluetooth 5.0 dsp ipx4 -offer";9.35;conceptronic;auricular;37;0;1;0
bsv400vf2m-v2;"regleta de proteccion contra sobretensiones con cuatro tomas de enchufe con interruptor de encendido/apagado cable de 2 metros color blanco/gris";11.45;belkin;regleta;7;0;1;0
bsv401vf2m-v2;"regleta de proteccion contra sobretensiones con cuatro tomas de enchufe, dos puertos usb a 2.4  con interruptor de encendido/apagado cable de 2 metros color blanco/gris";16.96;belkin;regleta;5;0;1;0
bsv603vf2m-v2;"regleta seis tomas schuko con interruptor y con proteccion contra sobretensiones cable 2 metros blanco y gris";13.29;belkin;regleta;6;0;1;0
bsv604vf2m;"regleta de proteccion contra sobretensiones con seis tomas de enchufe, dos puertos usb a 2.4 a con interruptor de encendido/apagado cable de 2 metros color blanco/gris";16.91;belkin;regleta;2;0;1;0
bt-dr2510;"tambor dr2510  generico 15000 paginas aproximada. hll2400dw, hll2445dw, dcpl2620dw, dcpl2627dwxl, dcpl2660dw, mfcl2800dw, mfcl2827dwxl, mfcl2860dw";7.1;mcc;tambor;11;0;1;0
bt-dr3400;"tambor generico dr-3400 30.000 paginas";9.44;mcc;tambor;0;10;1;0
bt-tn248xlbk;"toner compatible brother tn248xl negro";7.6;mcc;toner;8;0;1;0
bt-tn248xlcy;"toner compatible brother tn248xl cyan";7.51;mcc;toner;1;5;1;0
bt-tn248xlmg;"toner compatible brother tn248xl magenta";7.55;mcc;toner;0;5;1;0
bt-tn248xly;"toner compatible brother tn248xl amarillo ";8.42;mcc;toner;3;0;1;0
bt7j8ea;"portatil 17-cn3026ns intel i5-1334u hasta 4.6 ghz memoria ram 16gb ddr4 3200 512gb ssd pcie nvme m.2 17.3' fhd 1920x1080 grafica integrada intel iris x graphics usb-c 2xusb-a hdmi 1.4b wifi 6 bluetooth 5.4 webcam 720 hd con reduccion de ruido temporal bateria 3 celdas 41wh windows 11 home color plata";559.12;hp;portatil;0;0;1;5.33
bu220cl;"cinturon de arrastre 50.000 paginas";82.71;brother;componente;0;0;1;0
bu229cl;"cinturon de arrastre 50.000 paginas aproximadamente. hll3220cw,hll3240cdw, dcpl3520cdw, dcol3560cdw, mfcl3740cdw, mfcl3760cdw, hll8230cdw, hll8240cdw, mfcl8340cdw, mfcl8390cdw";82.71;brother;componente;0;0;1;0
bu330cl;"cinturon de arrastre 50.000 paginas";41.52;brother;componente;0;0;1;0
bv1000i-gr;"ups back-ups 1000va 600w 230v line interactive formato regleta 4x schuko peso 5.7kg";84.59;apc;ups;1;0;1;0
bv500i-gr;"ups easy ups 500va 300w 230v line interactive formato regleta 4x schuko peso 4.2kg";58.66;apc;ups;5;0;1;0
bvx1200li;"ups easy ups 1200va 650w 230v line interactive formato torre 6x iec 60320 c13 peso 7.5kg";119.9;apc;ups;4;0;1;0
bvx1200li-gr;"ups easy ups 1200va 650w 230v line interactive formato torre 4x schuko peso 7.5kg";97.88;apc;ups;3;0;1;0
bvx1600li;"ups easy ups 1600va 900w 230v line interactive formato torre 6x iec 60320c13 peso 10.2kg";135.36;apc;ups;3;0;1;0
bvx1600li-gr;"ups easy ups 1600va 900w 230v line interactive formato torre 4x schuko peso 10.2kg";130.84;apc;ups;3;0;1;0
bvx700li;"ups easy ups 700va 360w 230v line interactive formato torre 4 iec 320 c13 peso 4.2kg";75.07;apc;ups;4;0;1;0
bvx700li-gr;"ups easy ups 700va 360w 230v line interactive formato torre 2x schuko peso 4.2kg";78.33;apc;ups;3;0;1;0
bvx900li;"ups easy ups 900va 480w 230v line interactive formato torre 4x iec sockets peso 6kg";92.86;apc;ups;3;0;1;0
bvx900li-gr;"ups easy ups 900va 480w 230v line interactive formato torre 2x schuko peso 6kg";79.18;apc;ups;3;0;1;0
bx1600mi;"ups back bx1600ui 1600va 900w 230v line interactive formato torre 6xiec 320 c13 bateria de reserva 2xiec jumpers bateria de reserva peso 11.68 kg";182.43;apc;ups;2;0;1;0
bx500mi;"ups back bx500mi 500va 300w 230v line interactive formato torre 3xiec 60320 c13 proteccion de sobrevoltaje para rj45  y puerto de datos usb-b peso 4,2 kg";71.94;apc;ups;3;0;1;0
bx750mi;"ups back-ups 750va 410w 230v line interative formato torre 4xiec peso 5.4kg";78.48;apc;ups;2;0;1;0
bx750mi-gr;"ups back-ups 750va 410w 230v line interactive formato torre 4x schuko peso 5.4kg";84.55;apc;ups;5;0;1;0
bx8070110100;"cpu i3 10100 10a generacion 3.6ghz cache 6mb socket 1200";78.06;intel;cpu;1;0;1;0
bx8071512400;"cpu i5 12400 12a generacion 2.5ghz hasta 4.40ghz cache 18mb 6 nucleos socket 1700";179.35;intel;cpu;5;0;1;0
bx8071512400f;"cpu i5 12400f 12a generacion 2.5ghz hasta 4.40ghz cache 18mb 6 nucleos socket 1700 precisa tarjeta grafica";126.48;intel;cpu;4;0;1;0
bx8071512600k;"cpu i5 12600k 12a generacion 3.7ghz hasta 4.90ghz cache 20mb 10 nucleos socket 1700 sin disipador integrado";189.91;intel;cpu;2;0;1;0
bx8071512600kf;"cpu i5 12600kf 12a generacion 3.7ghz hasta 4.90ghz cache 20mb 10 nucleos socket 1700 sin graficos sin disipador integrado";149.5;intel;cpu;4;0;1;0
bx8071512700;"cpu i7 12700 12a generacion 3.6ghz hasta 4.90ghz cache 25mb 12 nucleos socket 1700";281.69;intel;cpu;4;0;1;0
bx8071512700k;"cpu i7 12700k 12a generacion 3.6ghz hasta 5.00ghz cache 25mb 12 nucleos socket 1700 sin disipador integrado";269.45;intel;cpu;1;0;1;0
bx8071512900kf;"cpu i9 12900kf 12a generacion 3.2ghz hasta 5.20ghz cache 30mb 16 nucleos socket 1700 sin graficos sin disipador integrado";260.52;intel;cpu;2;2;1;0
bx8071513900kf;"cpu i9 13900kf 13a generacion 3ghz hasta 5.8ghz cache 36mb 8 nucleos socket 1700 sin graficos integrados sin disipador ";434.29;intel;cpu;3;0;1;0
bx8071514400f;"cpu i5 14400f 14a generacion  2.5ghz hasta 4.7ghz cache 20mb 10 nucleos socket 1700 precisa tarjeta grafica.";154.95;intel;cpu;5;0;1;0
bx8071514600kf;"cpu i5 14600kf 14a generacion  3.5ghz hasta 5.3ghz cache 24mb 6 nucleos socket 1700 sin disipador integrado y precisa tarjeta grafica.";196;intel;cpu;5;0;1;0
bx8071514700k;"cpu i7 14700k 14a generacion  3.0ghz hasta 5.6ghz cache 33mb 20 nucleos socket 1700 sin disipador integrado.";348.06;intel;cpu;1;2;1;0
bx8071514700kf;"cpu i7 14700kf 14a generacion  3.0ghz hasta 5.6ghz cache 33mb 20 nucleos socket 1700 sin disipador integrado y precisa tarjeta grafica.";300.09;intel;cpu;2;1;1;0
bx8071514900k;"cpu i9 14900k 14a generacion  3.2ghz hasta 6ghz cache 36mb 24 nucleos socket 1700 sin disipador integrado";425.07;intel;cpu;2;0;1;0
bx8071514900kf;"cpu i9 14900kf 14a generacion  3.2ghz hasta 6ghz cache 36mb 24 nucleos socket 1700 sin disipador integrado precisa tarjeta grafica";381.91;intel;cpu;2;0;1;0
bx80768225f;"cpu ultra 5 225f 2.7ghz hasta 4.9ghz cache 22mb 10 nucleos socket 1851 precisa tarjeta grafica.";132.88;intel;cpu;4;0;1;0
bx80768245kf;"cpu ultra 5 245kf 3.9ghz hasta 5.2ghz cache 26mb 14 nucleos socket 1851 sin disipador integrado y precisa tarjeta grafica.";160.28;intel;cpu;3;0;1;0
bx80768265k;"cpu ultra 7 265k 3.9ghz hasta 5.5ghz cache 36mb 20 nucleos socket 1851 sin disipador integrado";270.08;intel;cpu;3;0;1;0
bx80768265kf;"cpu ultra 7 265kf 3.9ghz hasta 5.5ghz cache 36mb 20 nucleos socket 1851 sin disipador integrado y precisa tarjeta grafica.";257.42;intel;cpu;2;0;1;0
bx950mi;"ups back bx950mi 950va 520w 230v line interactive formato torre 6xiec 320 c13 bateria de reserva 1xiec 320 c14 peso 6.1 kg";100.29;apc;ups;2;0;1;0
c-7.230;"conector rg59 mini para crimpar en cable 2x0.5";1.14;indefinida;conector;14;0;1;0
c.7.195n;"cable desde rg59 + alimentacion de corriente 2x 0.5 longitud 100 metros color negro";61.9;indefinida;cable;1;0;1;0
c11c480141;"impresora matricial lq-630 usb 2.0 paralelo bidireccional 24 agujas 80 columnas 4 copias + 1 original peso 5.5 kg";408.96;epson;imp profes;0;0;1;0
c11cc24031;"impresora matricial lx-350 usb 2.0 paralelo bidireccional rs-232 9 agujas 80 columnas 4 copias + 1 original peso 5.5 kg";232.98;epson;imp profes;3;0;1;0
c11cc25001;"impresora matricial lq-350 usb 2.0 paralelo bidireccional rs-232 24 agujas 80 columnas 3 copias + 1 original peso 5.5 kg";235.67;epson;imp profes;5;0;1;0
c11cf37401;"impresora matricial fx-890ii usb 2.0 paralelo bidireccional 9 agujas 80 columnas 6 copias + 1 original peso 8.5 kg";588.04;epson;imp profes;0;0;1;0
c11cf38401;"impresora matricial fx-2190ii usb 2.0 paralelo bidireccional 9 agujas 136 columnas 6 copias  + 1 original peso 8.37kg.";799;epson; imp profes;0;0;1;0
c11cf39401;"impresora matricial lq-590ii usb 2.0 paralelo bidireccional 24 agujas 80 columnas 6 copias + 1 original peso 8.5 kg";493.82;epson;imp profes;1;0;1;0
c11ch44401;"impresora ecotank et-m1170 inyeccion de tinta monocromo a4 usb wifi 1200x2400ppp impresion monocromo 20ppm bandeja entrada papel 250 hojas impresion duplex volumen mensual hasta 5.000 paginas peso 4.3kg negro";199.14;epson;impresora;1;0;1;4
c11ch96401;"impresora multifuncion ecotank et-15100 inyeccion de tinta color a3+ usb, ethernet, wifi, wifi direct 4800x1200ppp impresion monocromo 17ppm impresion color 9ppm bandeja entrada papel 200 hojas impresion duplex adf de 35 paginas escanea, copia y fax ";542.95;epson;imp multif;0;0;1;5.25
c11cj18401;"impresora multifuncion ecotank et-m2120 inyeccion de tinta monocromo a4 usb wifi 1440x720ppp impresion monocromo 15ppm color bandeja entrada papel 150 hojas wifi direct airprint lcd peso 5kg blanca";202.44;epson;imp multif;1;0;1;5.25
c11cj65402;"impresora multifuncion ecotank et-4800 inyeccion de tinta color a4 usb wifi ethernet fax 5760x1440ppp impresion monocromo 10ppm impresion color 5ppm bandeja entrada papel 100 hojas adf 30 hojas wifi direct airprint lcd peso 5.00kg negra";209.06;epson;imp multif;1;2;1;5.25
c11cj66421;"impresora multifuncion ecotank et-2870 inyeccion de tinta color a4 usb wifi 5760x1440ppp impresion monocromo 10ppp impresion color 5ppp impresion duplex bandeja entrada papel 100 hojas wifi direct airprint lcd peso 4.8kg negro";149.84;epson;imp multif;4;0;1;5.25
c11cj67417;"impresora multifuncion ecotank et-2815 inyeccion de tinta color a4 usb wifi 5760x1440ppp impresion monocromo 10ppm impresion color 5ppm bandeja entrada papel 100 hojas usb 2.0 wifi direct peso 3.90kg negro";191.02;epson;imp multif;1;0;1;5.25
c11cj67428;"impresora multifuncion ecotank et-2860 inyeccion de tinta color a4 usb wifi wifi direct 5760x1440ppp impresion monocromo 10ppm impresion color 5ppm bandeja entrada papel 100 hojas peso 3.90kg negro";133.78;epson;imp multif;0;0;1;5.25
c11cj82401;"impresora matricial lq-690ii usb 2.0 paralelo bidireccional 24 agujas 106 columnas 6 copias + 1 original peso 6.8 kg";414.46;epson;imp profes;0;0;1;0
c11cj88402;"impresora multifuncion ecotank et-5170 inyeccion de tinta color a4 usb wifi ethernet fax 4800x1200ppp impresion monocromo 17ppm impresion color 9.5ppm impresion duplex bandeja entrada papel 250 hojas adf 35 hojas volumen mensual hasta 1.600 paginas wifi direct airprint lcd peso 7.3kg blanca";353.02;epson;imp multif;3;0;1;5.25
c11ck39401;"impresora ecotank et-14100 inyeccion de tinta color a3+ usb wifi wifi direct  4800x1200ppp impresion monocromo 15ppm impresion color 8ppm bandeja entrada papel 100 hojas negro";537.42;epson;impresora;0;0;1;4
c11ck66403;"impresora multifuncion tinta expression home xp-3200 a4 5760x1400ppp usb 2.0 wifi impresin duplex impresion monocromo 10ppm impresion color 5ppm bandeja entrada papel 100 hojas wifi wifi direct apple airprint, epson smart panel app, epson creative print app, epson connect (email print, remote print driver) peso 4,3 kg negro";57.58;epson;imp multif;5;0;1;5.25
c11ck67403;"impresora multifuncion tinta expression home xp-2200 a4 5760x1400ppp usb 2.0 wifi impresion monocromo 8ppm impresion color 4ppm bandeja entrada papel 50 hojas wifi wifi direct epson smart panel app, epson creative print app, epson connect (email print, remote print driver) peso 4 kg negro";47.3;epson;imp multif;8;0;1;5.25
c11cl40402;"impresora multifuncion ecotank et-4950 inyeccion de tinta color a4 fax usb wifi ethernet  wifi direct 4800x1200ppp impresion monocromo 18ppm impresion color 9ppm volumen mensual hasta 10.000 paginas impresion duplex escaneado duplex bandeja entrada papel 250 hojas adf 30 hojas lcd peso 7.3kg";344.9;epson;imp multif;2;0;1;5.25
c11cl41404;"impresora multifuncion ecotank et-2950 inyeccion de tinta color a4 usb wifi wifi direct 4800x1200ppp impresion monocromo 33ppm impresion color 20ppm impresion duplex bandeja entrada papel 100 hojas adf 30 hojas lcd peso 5.2kg";239.56;epson;imp multif;2;0;1;5.25
c11cl43402;"impresora multifuncion ecotank et-3950 inyeccion de tinta color a4 usb wifi ethernet  wifi direct 4800x1200ppp impresion monocromo 18ppm impresion color 9ppm impresion duplex bandeja entrada papel 250 hojas adf 30 hojas lcd peso 7.2kg";303.75;epson;imp multif;3;0;1;5.25
c14q4et;"portatil 250r g10  intel core 5 120u hasta 5ghz memoria ram 16gb ddr5 5200 mt/s 512gb ssd m.2 nvme grafica integrada intel iris graphics 15.6' full hd 1920x1080 wifi 6 bluetooth 5.2 hdmi 2xusb 3.2 usb-c bateria 3 celdas 41wh windows 11 pro color negro";662.39;hp;portatil;3;0;1;5.33
c2p04ae;"tinta 62 negro 200 paginas aproximadamente";18.13;hp;tinta;5;0;1;0
c2p05ae;"tinta 62xl negro 600 paginas aproximadamente";44.84;hp;tinta;10;0;1;0
c2p06ae;"tinta 62 tricolor 165 paginas aproximadamente";21.57;hp;tinta;5;0;1;0
c2p07ae;"tinta 62xl tricolor 415 paginas aproximadamente";45.74;hp;tinta;3;0;1;0
c2p23ae;"tinta 934xl negro 1.000 paginas aproximadamente";37.78;hp;tinta;6;0;1;0
c2p24ae;"tinta 935xl cian 825 paginas aproximadamente";23;hp;tinta;0;0;1;0
c2p25ae;"tinta 935xl magenta 825 paginas aproximadamente";23;hp;tinta;0;0;1;0
c2p26ae;"tinta 935xl amarillo 825 paginas aproximadamente";23;hp;tinta;0;0;1;0
c31c412465lg;"impresora de tickets termica tm l90 bicolor (monocromatico) corte automatico usb 2.0 y ethernet negro";497.04;epson;imp etique;0;0;1;0
c31cd38025a0;"impresora de tickets termica tm-t70ii usb serial negro";185.65;epson;imp etique;3;0;1;0
c31cd38025c0;"impresora de tickets termica tm-t70ii usb + ethernet negro";202.87;epson;imp etique;0;0;1;0
c31cj57112;"impresora de tickets termica tm-t88vii usb rs232 ethernet negro";289.33;epson;imp etique;0;0;1;0
c31cl47101;"impresora de tickets termica tm-t20iv usb rs232 negra.";132.98;epson;imp etique;6;0;1;0
c31cl47102;"impresora de tickets termica tm-t20iv usb rs232 y ethernet negro";158.05;epson;imp etique;9;0;1;0
c32c824621;"interface bluetooth para impresoras epson no compatible: tm-t295 tm-tu950 tm-t20ii";74.3;epson;componente;1;0;1;0
c3832a;"papel transp.hp premium a4 20 hojas";14.47;hp;papel;8;0;50;0
c3837a;"papel fotografico premium a4 brillante 50 hojas 210x297 mm 230 g/m2";32.78;hp;papel;4;0;50;0
c4pusb2;"usb hub desde usb 2.0 con cuatro puertos usb 2.0";5.63;conceptronic;hub;7;0;1;0
c4pusb3;"usb hub desde usb 3.0 con cuatro puertos usb 3.0";12.96;conceptronic;hub;9;0;1;0
c4usb3exi;"adaptador desde pci express a usb 3.0 hembra (tres) y usb 3.0 interno (uno)";18.7;conceptronic;tarjeta;6;0;1;0
c6020b;"papel para plotter recubierto mate 914 mm x 45.7 m 90 g/m2";53.06;hp;papel;6;0;50;0
c6042a;"papel fotografico tarjeta de felicitacion a4 mate 20 tarjetas y sobres 210 x 297 mm plegable 105x148 mm 160 g/m2";5.74;hp;papel;13;0;50;0
c7sj3ea;"pc all in one 27-cr2013ns 27' full hd 1920x1080 ips intel core ultra 5 hasta 4.8ghz memoria ram 16gb ddr5 5600mhz 1tb ssd m.2 nvme grafica integrada intel uhd  webcam hd 720 altavoces dobles 2w wifi 6 bluetooth 5.3 ethernet 2xusb 2.0 2xusb 3.2 hdmi 1xusb-c minijack auriculares y microfono  teclado y raton wireless  hp 510sp  windows 11 home  color blanco";861.35;hp;pc;3;0;1;5.33
c7sj4ea;"pc all in one 27-cr2014ns 27' full hd 1920x1080 ips intel core ultra 5 225u hasta 4.8ghz memoria ram 16gb ddr5 5600mhz 512gb ssd m.2 nvme grafica integrada intel uhd  webcam hd 720 altavoces dobles 2w wifi 6 bluetooth 5.3 ethernet 2xusb 2.0 2xusb 3.2 hdmi 1xusb-c minijack auriculares y microfono  teclado y raton wireless  hp 510sp  windows 11 home  color blanco";788.01;hp;pc;3;0;1;5.33
c7sj7ea;"pc gaming hp omen 16l tg03-0105ns intel i5-14400f hasta 4.7ghz memoria ram 16gb ddr5 5600mhz 1tb ssd m.2 nvme grafica 8gb gddr7 nvidia geforce rtx 5050 wifi 6 bluetooth 5.4 7xusb 3.2 1xusb-c 1xhdmi 3xdisplayport freedos";877.4;hp;pc;3;0;1;5.33
c9351ae;"tinta 21 negro 190 paginas aproximadamente";20.1;hp;tinta;3;0;1;0
c9352ae;"tinta 22 tricolor 165 paginas aproximadamente";28.48;hp;tinta;6;0;1;0
ca-hd6p-10cu-00;"adaptador desde molex macho doble a btx hembra 6 pin 0.15 metros para tarjeta grafica";0.76;lanberg;cable;8;0;1;0
ca-hdsa-10cu-0015;"adaptador desde molex macho a sata hembra";0.56;lanberg;adaptador;4;0;1;0
caa003bt1mbk;"cable desde usb-c macho a lightning macho boost charge logintud 1 metro color negro.";11.66;belkin;cable;4;0;1;0
caa003bt1mwh;"cable desde usb-c macho a lightning macho boost charge logintud 1 metro color blanco";11.66;belkin;cable;10;0;1;0
caa004bt1mbk;"cable desde usb-c macho a lightning macho trenzado boost charge longitud 1 metro color negro.";12.36;belkin;cable;9;0;1;0
cab-psu-2sata;"adaptador desde molex macho a sata hembra dos conectores";0.69;l-link;adaptador;63;0;1;0
cab001bt1mbk;"cable desde usb-c macho a usb-a macho longitud 1 metro carga rapida color negro.";2.47;belkin;cable;6;0;1;0
cab001bt1mwh;"cable desde usb-c macho a usb-a macho longitud 1 metro carga rapida color blanco";2.4;belkin;cable;10;0;1;0
cab004bt1mbk;"cable desde usb-c macho a usb-c macho longitud 1 metro exterior trenzado carga rapida color negro";5.83;belkin;cable;10;0;1;0
cab004bt1mwh;"cable desde usb-c macho a usb-c macho longitud 1 metro exterior trenzado carga rapida color blanco";5.83;belkin;cable;13;0;1;0
cab004bt1mwh2pk;"cable pack de dos desde usb-c macho a usb-c macho longitud 1 metro trenzado carga rapida color blanco";5.25;belkin;cable;6;0;1;0
cab011bt1mbk;"cable desde usb-c macho a usb-c macho longitud 1 metro exterior de doble trenzado compatible con usb-c pd incluye correa magnetica y placa de metal que facilitan la organizacion y recogida optimas color negro.";5.68;belkin;cable;1;0;1;0
cab011bt1mbw2pk;"cable pack de dos desde usb-c macho a usb-c macho longitud 1 metro exterior de doble trenzado compatible con usb-c pd incluye correa magnetica y placa de metal que facilitan la organizacion y recogida optimas color negro y blanco";6.65;belkin;cable;8;0;1;0
cab011bt1mpk;"cable desde usb-c macho a usb-c macho longitud 1 metro exterior de doble trenzado compatible con usb-c pd incluye correa magnetica y placa de metal que facilitan la organizacion y recogida optimas color rosa.";5.68;belkin;cable;4;0;1;0
cam2;"cable desde vga macho a vga hembra longitud 2 metros con ferrita";5.54;roline;cable;11;0;1;0
carden01b;"cargador usb 5v para coche con dos salidas 1.5a y 2.4a";5.95;conceptronic;cargador;6;0;1;0
causb;"cable desde usb-a macho a usb-b macho 2.0 longitud 1 metro para impresora";0.35;indefinida;componente;492;0;1;0
cb25mh;"cable desde db25 macho a db25 hembra longitud 2 metros";1;value;cable;8;0;1;0
cb335ee;"tinta 350 negro 200 paginas aproximadamente";21.95;hp;tinta;8;0;1;0
cb435a;"toner 35a negro 1.500 paginas segun iso/iec 19752";70.26;hp;toner;3;0;1;0
cc-9011252-ww;"chasis semitorre 3000d airflow sin fuente soporta atx micro atx mini itx bahias internas 2x3.5' 2x2.5' 1xventilador trasero 120mm1xventilador frontal 120mm rgb 2xusb 3.2  salida audio y microfono ventana lateral transparente dimensiones (prxalxan) 466x462x230mm peso 8.6 kg blanco";68.2;corsair;chasis;2;0;1;0
cc-9011255-ww;"chasis semitorre 3000d rgb airflow sin fuente soporta atx micro atx mini itx bahias internas 2x3.5' 3x2.5' 3xventilador frontal 120mm rgb 2xusb3.2 combo audio y microfono ventana lateral cristal templado dimensiones (prxalxan) 462x466x230mm negro";77.81;corsair;chasis;1;0;1;0
cc-9011334-ww;"chasis semitorre 3200d sin fuente soporta atx eatx micro atx mini itx bahias internas 3.5' y 2.5' 1xusb 2.0 1xusb-c combo audio y microfono ventana lateral negro";63.53;corsair;chasis;3;0;1;0
cc364a;"toner 64a negro 10.000 paginas segun iso/iec 19752";180.13;hp;toner;0;0;1;0
cc640ee;"tinta 300 negro 200 paginas aproximadamente";20.78;hp;tinta;0;0;1;0
cchatstar2 v2;"auriculares de diadema con microfono mini jack 3.5mm plata";5.87;conceptronic;auricular;24;0;1;0
cchatstaru2r;"auriculares de diadema con microfono usb con control de volumen y silencio cable de 2 metros negro/rojo";10.35;conceptronic;auricular;0;0;1;0
cd36040u00;"lector codigos de barras cd-3600iv laser omnidireccional sobremesa vertical lectura automatica o manual  1d, 2d y ocr usb negro";79.46;posiflex;scanner cb;0;0;1;0
cds-810s;"tablet grafica bamboo slate large a4 con boligrafo";126.41;wacom;tableta;1;0;1;0
ce254a;"bote residual de recogida de toner para color laserjet mfp m575,m570";23.32;hp;kit;-1;0;1;0
ce255a;"toner 55a negro 6.000 paginas segun iso/iec 19752";152.85;hp;toner;0;0;1;0
ce255x;"toner 55x negro 12.500 paginas segun iso/iec 19752";235.39;hp;toner;0;0;1;0
ce278a;"toner 78a negro 2.100 paginas segun iso/iec 19752";81.28;hp;toner;5;0;1;0
ce285a;"toner 85a negro 1.600 paginas segun iso/iec 19752";71.8;hp;toner;0;0;1;0
ce285ad;"toner 85a negro pack ahorro 2 unidades";135.97;hp;toner;4;0;1;0
ce310a;"toner 126a negro 1.200 paginas segun iso/iec 19798";52;hp;toner;5;0;1;0
ce314a;"tambor 126a laserjet color cp1025 cp1025nw 14.000 paginas aproximadamente";85.64;hp;tambor;0;0;1;0
ce505a;"toner 05a negro 2.300 paginas segun iso/iec 19752";93.24;hp;toner;0;0;1;0
ce505d;"toner 05a negro pack ahorro 2 unidades";176.48;hp;toner;0;0;1;0
cf210a;"toner 131a negro 1.600 paginas segun iso/iec 19798";71.28;hp;toner;1;0;1;0
cf210x;"toner 131x negro 2.400 paginas segun iso/iec 19798";90.42;hp;toner;2;0;1;0
cf211a;"toner 131a cian 1.800 paginas segun iso/iec 19798";89.21;hp;toner;0;0;1;0
cf212a;"toner 131a amarillo 1.800 paginas segun iso/iec 19798";89.21;hp;toner;2;0;1;0
cf213a;"toner 131a magenta 1.800 paginas segun iso/iec 19798";89.21;hp;toner;1;0;1;0
cf217a;"toner 17a negro 1.600 paginas segun iso/iec 19752";64.94;hp;toner;9;0;1;0
cf219a;"tambor 19a laserjet pro m102 m104 mfp m130 mfp m132 12.000 paginas aproximadamente";73.07;hp;tambor;-1;0;1;0
cf226a;"toner 26a negro 3.100 paginas segun iso/iec 19752";118.42;hp;toner;6;0;1;0
cf226x;"toner 26x negro 9.000 paginas segun iso/iec 19752";206.71;hp;toner;0;0;1;0
cf230a;"toner 30a negro 1.600 paginas segun iso/iec 19752";64.45;hp;toner;3;0;1;0
cf230x;"toner 30x negro 3.500 paginas segun iso/iec 19752";96.27;hp;toner;3;0;1;0
cf232a;"tambor 32a laserjet  pro m203 pro mfp m227 m206 mfp m230 23.000 paginas aproximadamente";85.69;hp;tambor;6;0;1;0
cf244a;"toner 44a negro 1.000 paginas segun iso/iec 19752";45.87;hp;toner;5;0;1;0
cf259a;"toner 59a negro 3.000 paginas segun iso/iec 19752";97.68;hp;toner;5;0;1;0
cf259x;"toner 59x negro 10.000 paginas segun iso/iec 19752";206.87;hp;toner;6;0;1;0
cf279a;"toner 79a negro 1.000 paginas segun iso/iec 19752";57.9;hp;toner;4;0;1;0
cf280a;"toner 80a negro 2.560 paginas segun iso/iec 19752";107.26;hp;toner;0;0;1;0
cf283a;"toner 83a negro 1.500 paginas segun iso/iec 19752";67.08;hp;toner;5;0;1;0
cf283ad;"toner 83a negro pack ahorro 2 unidades";127.45;hp;toner;0;0;1;0
cf289a;"toner 89a negro 5.000 paginas segun iso/iec 19752";142.98;hp;toner;0;0;1;0
cf289x;"toner 89x negro 10.000 paginas segun iso/iec 19752";218.37;hp;toner;-2;0;1;0
cf294a;"toner 94a negro 1.200 paginas segun iso/iec 19752";45.48;hp;toner;4;0;1;0
cf294x;"toner 94x negro 2.800 paginas segun iso/iec 19752";82.42;hp;toner;4;0;1;0
cf350a;"toner 130a negro 1.300 paginas segun iso/iec 19798";58.87;hp;toner;6;0;1;0
cf351a;"toner 130a cian 1.000 paginas segun iso/iec 19798";60.66;hp;toner;0;0;1;0
cf352a;"toner 130a amarillo 1.000 paginas segun iso/iec 19798";60.86;hp;toner;5;0;1;0
cf353a;"toner 130a magenta 1.000 paginas segun iso/iec 19798";60.66;hp;toner;0;0;1;0
cf360a;"toner 508 negro 6.000 paginas segun iso/iec 19798";160.85;hp;toner;0;0;1;0
cf360x;"toner 508x negro 12.500 paginas segun iso/iec 19798";224.84;hp;toner;0;0;1;0
cf380a;"toner 312a negro 2.280 paginas segun iso/iec 19798";101.01;hp;toner;1;0;1;0
cf400a;"toner 201a negro 1.420 paginas segun iso/iec 19798";71.05;hp;toner;6;0;1;0
cf401a;"toner 201a cian 1.330 paginas segun iso/iec 19798";83.69;hp;toner;2;0;1;0
cf402a;"toner 201a amarillo 1.330 paginas segun iso/iec 19798";83.62;hp;toner;4;0;1;0
cf403a;"toner 201a magenta 1.330 paginas segun iso/iec 19798";84;hp;toner;3;0;1;0
cf410a;"toner 410a negro 2.300 paginas segun iso/iec 19798";88.48;hp;toner;3;0;1;0
cf411a;"toner 410a cian 2.300 paginas segun iso/iec 19798";113.45;hp;toner;4;0;1;0
cf412a;"toner 410a amarillo 2.300 paginas segun iso/iec 19798";115.23;hp;toner;1;0;1;0
cf413a;"toner 410a magenta 2.300 paginas segun iso/iec 19798";115.23;hp;toner;5;0;1;0
cf530a;"toner 205a negro 1.100 paginas segun iso/iec 19798";46.33;hp;toner;8;0;1;0
cf531a;"toner 205a cian 900 paginas segun iso/iec 19798";50.74;hp;toner;3;0;1;0
cf532a;"toner 205a amarillo 900 paginas segun iso/iec 19798";50.74;hp;toner;5;0;1;0
cf533a;"toner 205a magenta 900 paginas segun iso/iec 19798";50.74;hp;toner;5;0;1;0
cf540a;"toner 203a negro 1.400 paginas segun iso/iec 19798";58.85;hp;toner;8;0;1;0
cf540x;"toner 203x negro 3.200 paginas segun iso/iec 19798";87.92;hp;toner;0;0;1;0
cf541a;"toner 203a cian 1.300 paginas segun iso/iec 19798";69.36;hp;toner;4;0;1;0
cf542a;"toner 203a amarillo 1.300 paginas segun iso/iec 19798";71.94;hp;toner;7;0;1;0
cf542x;"toner 203x amarillo 2.500 paginas segun iso/iec 19798";92.69;hp;toner;0;0;1;0
cf543a;"toner 203a magenta 1.300 paginas segun iso/iec 19798";68.67;hp;toner;4;0;1;0
cfac;"refrigeracion por aire para chasis 8x8";1.8;l-link;componente;28;0;1;0
ch561ee;"tinta 301 negro 190 paginas aproximadamente";17.43;hp;tinta;13;0;1;0
ch562ee;"tinta 301 tricolor 165 paginas aproximadamente";21.69;hp;tinta;7;0;1;0
ch563ee;"tinta 301xl negro 480 paginas aproximadamente";38.06;hp;tinta;13;0;1;0
ch564ee;"tinta 301xl tricolor 330 paginas aproximadamente";36.52;hp;tinta;8;0;1;0
chd2musb3b;"caja externa para disco 2.5' sata usb 3.0 formato slim negro";8.42;conceptronic;caja;14;0;1;0
chd2muw;"caja externa para disco 2.5' sata usb 2.0 blanco";5.61;conceptronic;caja;2;0;1;0
chd3su;"caja externa para disco 3.5' sata usb 2.0 negro";20.66;conceptronic;caja;5;0;1;0
ci2510;"cable desde db25 macho a db25 macho longitud 10 metros";3.91;media magic;cable;11;0;1;0
ci252;"cable desde db25 macho a db25 macho longitud 2 metros";1.36;media magic;cable;28;0;1;0
ci253;"cable desde db25 macho a db25 macho longitud 3 metros";1.17;agiler;cable;27;0;1;0
ci255;"cable desde db25 macho a db25 macho longitud 5 metros";1.52;agiler;cable;27;0;1;0
cj11132680;"chasis semitorre gaming ax20 rgb sin fuente soporta atx micro atx mini itx bahias internas 2x3.5' 3x2.5' 3xventilador frontal 120mm rgb 2xusb2.0 1xusb 3.1 salida audio y microfono iluminacion rgb ventana lateral transparente dimensiones (prxalxan) 451x358x207mm peso 4 kg negro";29.87;antec;chasis;3;0;1;0
cjc3300mg;"toner compatible 43459330 para oki c3300/3400/3450 magenta 2500 paginas coraljet";11.52;coraljet;toner;2;0;1;0
cjc3300yl;"toner compatible 43459329 para oki c3300/3400/3450 amarillo 2500 paginas coraljet";10.04;coraljet;toner;4;0;1;0
cjc8061x;"toner compatible c8061x-lj 4100 negro 10.000 paginas  coraljet";24.35;mundocopy;toner;2;0;1;0
cjcb540a;"toner compatible cb540a-lj color cp1215/cp1515n/cm1312 negro 2.200 paginas coraljet";12.57;mundocopy;toner;1;0;1;0
cjcb543a;"toner compatible cb543a-lj color cp1215/cp1515n/cm1312 magenta 1.400 paginas coraljet";13;mundocopy;toner;7;0;1;0
cjcc530a;"toner compatible cc530a-lj color cp2025/cm2320mfp negro 3.500 paginas coraljet";8.62;mundocopy;toner;6;0;1;0
cjcc532a;"toner compatible cc532a-lj color cp2025/cm2320mfp amarillo 2.800 paginas coraljet";8.61;mundocopy;toner;5;0;1;0
cjcc533a;"toner compatible cc533a-lj color cp2025/cm2320mfp magenta 2.800 paginas coraljet";8.88;mundocopy;toner;8;0;1;0
cjce321a;"toner compatible ce321a-lj color 128a cp1525/cm1415 cian 1.300 paginas coraljet";8.23;mundocopy;toner;1;0;1;0
cjfx10;"toner compatible 0263b002 para canon fax l100/s120 negro 2000 paginas coraljet";6.54;mundocopy;toner;14;0;1;0
cjq6001a;"toner compatible q6001a-lj color 1600/2600/2065/cm1015mfp cian 2.000 paginas coraljet";23.22;coraljet;toner;1;0;1;0
ckbesmartid;"teclado con cable usb con lector de dni 3.0 y tarjeta sanitaria formato normal negro";25.89;conceptronic;teclado;37;0;1;0
cllm5btrvwl;"raton inalambrico con receptor usb nano optico 2.4ghz 1.600dpi 5 botones ambidiestro negro/gris";6.63;conceptronic;raton;48;0;1;0
cllmeasy;"raton con cable usb optico ambidiestro negro";4.47;conceptronic;raton;26;0;1;0
clp-m660b/els;"toner clp-m660b magenta";103.52;samsung;toner;1;0;1;0
clp-y660b/els;"toner clp-y660b amarillo";103.53;samsung;toner;1;0;1;0
clt-m4092s/el;"toner clt-m4092s magenta alrededor de 1.000 paginas";40.13;samsung;toner;1;0;1;0
cn045ae;"tinta 950xl negro 2.300 paginas aproximadamente";50.83;hp;tinta;6;0;1;0
cn046ae;"tinta 951xl cian 1.500 paginas aproximadamente";35.39;hp;tinta;5;0;1;0
cn047ae;"tinta 951xl magenta 1.500 paginas aproximadamente";35.4;hp;tinta;7;0;1;0
cn048ae;"tinta 951xl amarillo 1.500 paginas aproximadamente";35.4;hp;tinta;5;0;1;0
cn053ae;"tinta 932xl negro 1.000 paginas aproximadamente";39.51;hp;tinta;7;0;1;0
cn054ae;"tinta 933xl cian 825 paginas aproximadamente";19.11;hp;tinta;5;0;1;0
cn055ae;"tinta 933xl magenta 825 paginas aproximadamente";18.86;hp;tinta;8;0;1;0
cn056ae;"tinta 933xl amarillo 825 paginas aproximadamente";18.92;hp;tinta;7;0;1;0
cn8y4ea;"pc gaming hp omen gt16-0118ns intel core 5-225f hasta 4.9ghz memoria ram 32gb ddr5 6000mhz 1tb ssd m.2 nvme grafica 8gb gddr7 nvidia geforce rtx 5060 wifi 6 bluetooth 5.3 7xusb 3.2 usb-c 1xhdmi 3xdisplayport sin sistema operativo";1257.25;hp;pc;3;0;1;5.33
cn8z1ea;"pc gaming hp omen 16l tg03-0088ns intel core ultra 5 225f hasta 4.9ghz memoria ram 16gb ddr5 5600mhz (2x16gb) 1tb ssd m.2 nvme grafica 8gb gddr7 nvidia geforce rtx 5060 wifi 6 bluetooth 5.3 3xusb 3.2 usb-c hdmi displayport freedos color blanco";1026.01;hp;pc;5;0;1;5.33
cnb65;"cargador para portatil  universal 65w 18.5v a 20v";20.7;conceptronic;cargador;5;0;1;0
cnbcoolpadl4f;"base de refrigeracion para portatil hasta 17' 4 ventiladores";11.8;conceptronic;accesorio;4;0;1;0
cnbslock15;"candado de seguridad longitud 1.5 metros para portatil con llave";3.84;conceptronic;cable segu;37;0;1;0
cnbslock15t;"candado de seguridad longitud 1.5 metros para portatil con doble cabezal con llave";9.68;conceptronic;cable segu;2;0;1;0
col3d-lmd031b;"impresora 3d x3045 material impresion abs/pla volumen construccion 450x300x300mm (al x an x pr) 1xboquilla diametro boquilla 0.4m diametro filamento 1.75mm lector tarjetas sd usb peso 43 kg";1899.52;colido;imp 3d;0;0;1;0
col3d-lmd101x;"impresora 3d 3.0 material impresion pla abs tpu nylon-carbon poly volumen construccion 225x145x140mm (al x an x pr) 1xboquilla diametro boquilla 0.4m diametro filamento 1.75mm lcd lector tarjeta sd usb + licencia dibuprint3d basic peso 18 kg";964.32;colido;imp 3d;0;0;1;0
col3d-lmd127x;"impresora 3d compac material impresion pla abs tpu nylon-carbon poly volumen construccion 130x150x115mm (al x an x pr) 1xboquilla diametro boquilla 0.4m diametro filamento 1.75mm usb peso 10 kg";399;colido;imp 3d;0;0;1;0
col3d-lmd265w;"impresora 3d m2030 material impresion abs/pla volumen construccion 200x200x300mm (al x an x pr) 1xboquilla diametro boquilla 0.4m diametro filamento 1.75mm usb peso 30 kg";1260;colido;imp 3d;0;0;1;0
coo-tec02dni;"teclado con cable usb con lector de dni 3.0 y smartcard formato normal negro";23.83;coolbox;teclado;2;0;1;0
cp-410mn;"cajon portamonedas lb-410t 8 compartimientos de monedas y 5 de billetes apertura manual por pulsacion dimensiones 410x415x99mm negro";38.5;mustek;cajon;3;0;1;0
cp-9020271-eu;"fuente de alimentacion rm1000x 80+ oro full modular 1000w ventilador 120mm 1xatx 20+4 2x4+4pin 4xmolex 7xsata 6xpcie 6+2 pin";153.18;corsair;fuente;4;0;1;0
cp-9020279-eu;"fuente de alimentacion serie cx cx750 750w 80+ bronce ventilador 120mm 1xatx 20+4 1x4+4pin 2xmolex 3xsata 3xpcie 6+2 pin";57.06;corsair;fuente;4;0;1;0
cp-9020296-eu;"fuente de alimentacion rm850e cybenetics oro full modular atx 3.0 850w ventilador 120mm 1xatx 20+4 2x4+4pin 2xmolex 6xsata 3xpcie 6+2 pin 1xpcie 12+4 pin";108.63;corsair;fuente;0;0;1;0
cp-9020297-eu;"fuente de alimentacion rm1000e (2025) 80+ oro full modular atx 3.0 1000w ventilador 120mm 1xatx 20+4 2x4+4pin 4xmolex 7xsata 6xpcie 6+2 pin";135.1;corsair;fuente;3;0;1;0
cp16g56c46u5t;"memoria ram ddr5 5600mhz 16gb dimm pro cl46 1.1v";174.9;crucial;memoria;0;0;1;0
cp16g60c36u5b;"memoria ram ddr5 6000mhz 16gb dimm oc gaming cl36 1.35v";207.9;crucial;memoria;6;0;1;0
cp16g60c48u5;"memoria ram ddr5 6000mhz 16gb dimm pro cl48 1.1v";172.7;crucial;memoria;0;0;1;0
cpe210;"punto acceso inalambrico 300mbps 2.4ghz cpe exterior 2 antenas 9dbi direccionales adaptador poe pasivo 24v 0.6a 10/100mbps";28.58;tp-link;wifi;3;5;1;0
cpuh10000;"refrigeracion por aire c12 pwm ventilador de 120mm refrigeracion 130w nivel sonoro: 9-36dba socket: intel lga 1700/1200/1156/1155/1151/1150/1366 y amd am4/am3+/am3/am2";21.02;hiditec;ventilador;8;0;1;0
cr1143;"silla gaming serie phoenix altura regulable con piston de gas clase 2 cojin lumbar y cervical reclinable hasta 180º color negro/verde";106.01;cromad;silla;2;0;1;0
cr1146;"silla gaming serie dragon premium altura regulable con piston de gas clase 2 cojin lumbar y cervical reclinable hasta 180º ruedas de nilon  de 60mm color negro/rojo";102.12;cromad;silla;1;0;1;0
cr757a;"papel fotografico everyday a6 satinado 100 hojas 10x15 cm 200 g/m2";6.98;hp;papel;9;0;1;0
crg59b;"conector rg59 macho para crimpar en cable 2x0.81";0.99;indefinida;conector;36;0;1;0
crownbr;"silla gaming crown diseño premium cuero sintetico aeroweave elevador de gas clase 4 reposabrazos 2d cojin lumbar giratoria 360 soporta 150kg color negro con detalles en rojo";144.35;aerocool;silla;1;0;1;0
cs62a;"conmutador kvm cs62s 2 pcs vga - ps/2 con cables incluidos";19.25;aten;kvm;1;0;1;0
ct-cp-fliptop;"gaveta interna con tapa para: cajon portamonedas cp- fliptop negro";18.7;mustek;cajon;0;0;1;0
ct1000bx500ssd1;"disco interno ssd 2.5' bx500 serial ata 1tb 6gbit/s velocidad lectura hasta 540mb/s velocidad escritura hasta 500mb/s";114.4;crucial;ssd int1;9;0;1;1.5
ct16g4dfra32a;"memoria ram ddr4 3200mhz pc4-25600 16gb 288-pin dimm";116.6;crucial;memoria;2;0;1;0
ct16g4sfra32a;"memoria ram ddr4 3200mhz 16gb 260-pin so-dimm";110.77;crucial;memoria;0;4;1;0
ct16g56c46u5;"memoria ram ddr5 5600mhz pc5-44800 16gb 288-pin dimm cl46";198.45;crucial;memoria;8;0;1;0
ct32g4dfd832a;"memoria ram ddr4 3200mhz pc4-25600 32gb 288-pin dimm ";187;crucial;memoria;2;0;1;0
ct32g4sfd832a;"memoria ram ddr4 3200mhz 32gb 260-pin so-dimm";247.5;crucial;memoria;5;0;1;0
ct500bx500ssd1;"disco interno ssd 2.5' bx500 serial ata 500gb 6gbit/s velocidad lectura hasta 550mb/s velocidad escritura hasta 500mb/s";84.7;crucial;ssd int1;3;0;1;1.5
ct58s-bmfs9wnsex0;"comandero terminal pda 5.5" procesador mt8768 2.2ghz octa core, 4gb ram, 64gb micro sd hasta 256gb sdxc nano sim (esim opcional), ip67, android 12, soporta internacional estandar 1d y 2d barcode, wifi 5, bluetooth 5 y 4g bateria 5000mah";240.9;urovo;pda;1;0;1;0
ct58s-xmfs9wnsex0;"comandero terminal pda 5.5" procesador mt8768 2.2ghz octa core, 4gb ram, 64gb micro sd hasta 256gb sdxc nano sim (esim opcional), ip67, android 12, wifi 5, bluetooth 5 y 4g bateria 5000mah";181.5;urovo;pda;1;0;1;0
ct8g4dfra32a;"memoria ram ddr4 3200mhz pc4-25600 8gb 288-pin dimm";65.47;crucial;memoria;7;0;1;0
ctc4110wlw2b;"tablet grafica one s tamao area activa 152x95mm tamao tableta 188x141x8mm incluye lapiz usb color blanco y negro";79.57;wacom;tableta;2;0;1;0
ctc6110wlw2b;"tablet grafica one m tamao area activa 216x135mm tamao tableta 252x181x8mm incluye lapiz usb blanco y negro";113.36;wacom;tableta;1;0;1;0
ctl-4100k-s;"tablet grafica intuos s tamao area activa 152x95mm tamao tableta 200x160x8.8mm incluye lapiz con 3 puntas usb negro";69.24;wacom;tableta;2;0;1;0
ctl-4100wle-s;"tablet grafica intuos s con bluetooth tamao area activa 152x95mm tamao tableta 200x160x8.8mm incluye lapiz con 3 puntas usb verde pistacho";86.44;wacom;tableta;1;0;1;0
cusbcar2akit;"cargador usb 5v para coche 12v a 24v con 2 salidas usb 2a con soporte para smartphone";3.51;conceptronic;cargador;29;0;1;0
cusbcarmicu2a;"cargador usb 5v para coche 12v a 24v con cable micro usb 2.4a";1;conceptronic;cargador;33;0;1;0
custodio01bn;"candado de seguridad nano longitud 1.8 metros para portatil con candado numerico";8.9;conceptronic;cable segu;12;0;1;0
custodio02bn;"candado de seguridad nano longitud 1.8 metros para portatil candado con llave";8.6;conceptronic;cable segu;2;0;1;0
custodio02bs;"candado de seguridad longitud 1.8 metros para portatil candado con llave";8.6;conceptronic;cable segu;2;0;1;0
cv-25;"mascarillas quirurgicas 3 capas de proteccion pack 50 unidades azul";3.74;cn;mascarilla;3;0;1;0
cv-25-1-ma;"mascarillas quirurgicas 3 capas iir club nautico pack 50 unidades azul marino";4.11;cn;mascarilla;2;0;1;0
cv-41-rs;"mascarillas ffp2 5 capas de proteccion pack 25 unidades en bolsa individual rosa";13.66;cn;mascarilla;3;0;1;0
cz992a;"impresora multifuncion tinta officejet 250 portatil a4 4800x1200ppp usb 2.0 wifi impresion monocromo 10ppm impresion color 7ppm impresion monocromo con bateria 9ppm impresion color con bateria 6ppm bandeja entrada papel 50 hojas usb frontal wifi direct volumen mensual hasta 300 paginaspeso 5 kg";245.31;hp;imp multif;1;0;1;5.25
cz993a;"impresora multifuncion tinta officejet 200 portatil a4 4800x1200ppp usb 2.0 wifi impresion monocromo 10ppm impresion color 7ppm impresion monocromo bateria 9ppm impresion color bateria 6ppm bandeja entrada papel 50 hojas direct eprint volumen mensual hasta 300 paginas peso 4 kg";208.14;hp;impresora;1;0;1;4
d40psea;"pc all in one omnistudio 24-cu0005ns 23.8' full hd 1920x1080 ips uwva 100hz intel core 5 120u hasta 5.0ghz memoria ram 16gb ddr5 5200mhz 512gb ssd m.2 nvme grafica integrada intel webcam fhd 1080 con hdr altavoces dobles 3w wifi 6 bluetooth 5.4 ethernet 2xusb 2.0 1xusb 3.2 2xusb-c minijack auriculares y microfono  teclado y raton wireless  hp 275c  windows 11 home  color blanco";711.55;hp;pc;3;0;1;5.33
d40ptea;"pc all in one omnistudio 24-cu0006ns 23.8' full hd 1920x1080 ips uwva 100hz intel core 5 120u hasta 4.6ghz memoria ram 16gb ddr5 5200mhz 512gb ssd m.2 nvme grafica integrada intel webcam fhd 1080 con hdr altavoces dobles 3w wifi 6 bluetooth 5.4 ethernet 2xusb 2.0 1xusb 3.2 2xusb-c minijack auriculares y microfono  teclado y raton wireless  hp 275c  freedos color blanco";604.55;hp;pc;1;0;1;5.33
d45btea;"pc all in one 27-cu0002ns 27' full hd 1920x1080 ips 100hz intel core 5 120u hasta 4.6ghz memoria ram 16gb ddr5 5200mhz 1tb ssd m.2 nvme grafica integrada intel iris xe webcam fhd 1080 altavoces dobles 3w wifi 6 bluetooth 5.4 ethernet 2xusb 2.0 1xusb 3.2 hdmi 1xusb-c minijack auriculares y microfono  teclado y raton wireless  hp 275c  windows 11 home  color blanco";743.65;hp;pc;2;0;1;5.33
d45bvea;"pc all in one 27-cu0003ns 27' full hd 1920x1080 ips 100hz intel core 5 120u hasta 4.6ghz memoria ram 16gb ddr5 5200mhz 512gb ssd m.2 nvme grafica integrada intel iris xe webcam fhd 1080 altavoces dobles 3w wifi 6 bluetooth 5.4 ethernet 2xusb 2.0 1xusb 3.2 hdmi 2xusb-c minijack auriculares y microfono  teclado y raton wireless  hp 275c  sin sistema operativo  color blanco";612.15;hp;pc;4;0;1;5.33
d9;"detector / contador d9 de billetes falsos 4 divisas euro libra esterlina franco suizo y zloty polaco con luz uv";61.24;mustek;detector;8;0;1;0
dante03t;"caja externa para disco 2.5' sata usb 3.0 sin tornillos transparente";8.67;conceptronic;caja;12;0;1;0
dante04b;"caja externa dante hd m.2 sata/nvme ssd usb-c 3.2 gen 2 / usb-a";23.22;conceptronic;caja;4;0;1;0
dap-1325;"range extender wifi n 2.4ghz 300mbps 2 antenas omnidireccionales 1 puerto ethernet 10/100mbps";15.16;d-link;wifi;2;0;1;0
dap-x2810;"punto acceso interior wifi 6 de techo gigabit dual band 2.4ghz a 575 mbit/s + 5ghz a 1200 mbit/s 2 puerto ethernet 10/100/1000mbps alimentacion poe 12v 2.5a 19.44w dos antenas internas 4.3dbi color blanco";94.61;d-link;wifi;2;0;1;0
dap-x3060;"punto acceso interior wifi 6 ax3000 de techo gigabit dual band 2.4ghz a 574 mbit/s + 5ghz a 2402 mbit/s 1 puerto ethernet 10/100/1000mbps alimentacion poe 16.7w cuatro antenas internas 3dbi color blanco";114.95;d-link;wifi;1;0;1;0
dap-x3060ou;"punto acceso exterior wifi 6 gigabit dual band 2.4ghz a 574 mbit/s + 5ghz a 2402 mbit/s 1 puerto ethernet 10/100/1000mbps alimentacion poe 16.7w cuatro antenas internas 7,9dbi color blanco";223.83;d-link;wifi;1;0;1;0
db4032tnr-w;"soporte de monitor/tv para mesa desde 17' hasta 32'  brazo articulado inclinable vesa 75 x 75 y 100 x 100 hasta 9kg / brazo blanco.";22.19;tooq;soporte;3;0;1;0
db4132tnr-g;"soporte de monitor/tv para mesa desde 17' hasta 32' doble brazo articulado inclinable soporta 2 monitor/tv vesa 75 x 75 y 100 x 100 hasta 9kg / brazo gris";38.5;tooq;soporte;0;0;1;0
db4132tnr-w;"soporte de monitor/tv para mesa desde 17' hasta 32' doble brazo articulado inclinable soporta 2 monitor/tv vesa 75 x 75 y 100 x 100 hasta 9kg / brazo blanco.";35;tooq;soporte;2;0;1;0
dc.22018.006;"fuente de alimentacion 220w con pfc activo fsp220-50aana";48.54;acer;fuente;3;0;0.25;0
dcpj1200w;"impresora multifuncion tinta dcp-j1200w a4 1200x6000ppp usb 2.0 wifi impresion 16ppm monocromo impresion color 9ppm bandeja entrada papel 150 hojas wifi direct conexion movil volumen mensual hasta 1.000 paginas peso 6.5 kg";84.13;brother;imp multif;1;0;1;5.25
dcpj1260w;"impresora multifuncion tinta dcp-j1260w a4 1200x6000ppp usb 2.0 wifi wifi direct conectividad movil y web impresion 16ppm monocromo impresion color 9ppm bandeja entrada papel 150 hojas volumen mensual hasta 1.000 paginas peso 6.3 kg";84.8;brother;imp multif;2;0;1;5.25
dcpj1310dw;"impresora multifuncion tinta dcp-j1310dw a4 1200x6000ppp usb 2.0 wifi wifi direct conexion movil y web impresion 16ppm monocromo impresion color 9ppm impresion duplex bandeja entrada papel 150 hojas  volumen mensual hasta 1.000 paginas peso 6.3 kg";89.07;brother;imp multif;4;0;1;5.25
dcpj1360dw;"impresora multifuncion tinta dcp-j1360dw a4 1200x6000ppp usb 2.0 wifi wifi direct conexion movil y web impresion 16ppm monocromo impresion color 9ppm impresion duplex bandeja entrada papel 150 hojas adf volumen mensual hasta 1.000 paginas peso 6.3 kg";99.74;brother;imp multif;3;0;1;5.25
dcpl1640w;"impresora multifuncion laser monocromo dcp-l1640w a4 2400x600ppp 20ppm usb 2.0 ethernet wifi  wifi direct conectividad movil y web bandeja entrada papel 150 hojas volumen mensual hasta 2.000 paginas peso 13.5 kg";119.78;brother;imp multif;2;0;1;5.25
dcpl1660w;"impresora multifuncion laser monocromo dcp-l1660w a4 2400x600ppp 20ppm usb 2.0 ethernet wifi  wifi direct conectividad movil y web bandeja entrada papel 150 hojas  adf 10 hojas volumen mensual hasta 2.000 paginas peso 8.2 kg";131.44;brother;imp multif;2;0;1;5.25
dcpl2627dwe;"impresora multifuncion laser monocromo dcp-l2627dwe a4 1200x1200ppp 32ppm usb 2.0 wifi impresion duplex bandeja entrada papel 250 hojas wifi direct conexion movil  volumen mensual hasta 2.500 paginas peso 10.1kg";134.12;brother;imp multif;2;0;1;5.25
dcpl2627dwxl;"impresora multifuncion laser monocromo dcp-l2627dwxl a4 1200x1200ppp 32ppm usb 2.0 wifi impresion duplex bandeja entrada papel 250 hojas wifi direct conexion movil  volumen mensual hasta 2.500 paginas consumibles xl  peso 11.20kg";226.74;brother;imp multif;2;0;1;5.25
dcpl2660dw;"impresora multifuncion laser monocromo dcp-l2660dw a4 1200x1200ppp 34ppm usb 2.0 wifi y ethernet impresion duplex bandeja entrada papel 250 hojas adf 50 hojas wifi direct conexion movil y cloud  pantalla tactil volumen mensual hasta 2.500 paginas peso 11.40kg";179.55;brother;imp multif;1;0;1;5.25
dcpl3520cdwe;"impresora multifuncion laser led color dcp-l3520cdwe a4 600x600ppp 18ppm usb 2.0 wifi impresion duplex bandeja entrada papel 250 hojas wifi direct conexion movil  y cloud volumen mensual hasta 3.000 paginas peso 18.60kg";257.17;brother;imp multif;2;0;1;5.25
dcpl3560cdw;"impresora multifuncion laser led color dcp-l3560cdw a4 600x600ppp 26ppm usb 2.0 wifi ethernet impresion duplex bandeja entrada papel 250 hojas adf 50 hojas wifi direct conexion movil  y cloud volumen mensual hasta 3.000 paginas peso 20kg";287.33;brother;imp multif;1;0;1;5.25
dcpl5510dw;"impresora multifuncion laser monocromo dcp-l5510dw a4 1200x600ppp 48ppm usb 2.0 wifi ethernet impresion duplex bandeja entrada papel 250 hojas adf 50 hojas conexion movil  volumen mensual hasta 5.000 paginas peso 16.9 kg";314.26;brother;imp multif;2;0;1;5.25
dcpl8410cdw;"impresora multifuncion laser color dcp-l8410cdw a4 1200x600ppp 31ppm usb 2.0 compatible 3.0 wifi ethernet impresion duplex bandeja entrada papel 250 hojas adf 50 hojas fax wifi direct conexion movil volumen mensual hasta 4.000 paginas peso 33.5 kg";407.04;brother;imp multif;1;0;1;5.25
dcpt580dw;"impresora multifuccion tinta dcp-t580dw tankbenefit con deposito de tinta a4 1200 x 6000 dpi imprime hasta 16 ppm impresion duplex wifi 5 ghz y usb bandeja de entrada de papel 150 hojas volumen mensual hasta 1000 paginas";183.38;brother;imp multif;2;0;1;5.25
dcpt780dw;"impresora multifuccion tinta dcp-t780dw tankbenefit con deposito de tinta a4 1200 x 6000 dpi imprime hasta 16 ppm impresion duplex wifi 5 ghz y usb bandeja de entrada de papel 150 hojas adf 20 hojas volumen mensual hasta 1000 paginas";243.8;brother;imp multif;1;0;1;5.25
dcs-6100lhv2;"camara videovigilancia interior fija ip wifi full hd 120º  vision nocturna soporta microsd hasta 256gb ";36.6;d-link;camara vid;3;0;1;0
dcs-6501lhec1;"camara videovigilancia interior motorizada 355º giro 180º fullhd 2k ip wifi, vision nocturna, control desde app, capacidad de uso tarjeta micro sd hasta 128gb color blanco";30.47;d-link;camara vid;3;0;1;0
deco e4 2-pack;"punto acceso interior deco e4 ac1200 wifi 2.4ghz 5ghz hasta 1167mbps amplia seal hasta 260 metros cuadrados 2 puertos por cada deco 10/100mbps wan/lan conexiones hasta 100 dispositivos pack 2 unidades";57.78;tp-link;wifi;6;0;1;0
deco m4 2pack;"punto acceso interior deco m4 ac1200 wifi 2.4ghz 5ghz hasta 1167mbps amplia seal hasta 260 metros cuadrados 2 puertos por cada deco gigabit 10/100/1000mbps wan/lan conexiones hasta 100 dispositivos pack 2 unidades";67.25;tp-link;wifi;3;0;1;0
deco m4 3pack;"punto acceso interior deco m4 ac1200 wifi 2.4ghz 5ghz hasta 1167mbps amplia seal hasta 260 metros cuadrados 2 puertos por cada deco gigabit 10/100/1000mbps wan/lan conexiones hasta 100 dispositivos pack 3 unidades";112.08;tp-link;wifiw;4;0;1;0
deco s7 2-pack;"punto acceso interior sistema mesh deco s7 1900mbps 2.4ghz y 5ghz 3 puertos gigabits por unidad pack de 2 unidades";100.48;tp-link;wifi;3;0;1;0
deco x10 2u;"punto acceso interior sistema mesh deco x10 1500mbps 2.4ghz y 5ghz 2 puertos gigabits por unidad pack de 2 unidades";89.92;tp-link;wifi;6;0;1;0
deco x50-outdoor 1-pack;"punto acceso exterior mesh wifi 6 ai ax3000 2402 mbps 5 ghz + 574 mbps 2.4 ghz color blanco";112.35;tp-link;wifi;2;0;1;0
dgs-1005d;"switch 5 puertos rj45 10/100/1000mbps sobremesa";13.49;d-link;switch;7;0;1;0
dgs-1005p;"switch 5 puertos rj45 10/100/1000mbps sobremesa con 4 puertos poe (60w)";42.27;d-link;switch;6;0;1;0
dgs-1008d;"switch 8 puertos rj45 10/100/1000mbps sobremesa";18.27;d-link;switch;5;0;1;0
dgs-1008mp;"switch 8 puertos rj45 10/100/1000mbps con 8 puertos poe 140w sobremesa";91.52;d-link;switch;3;0;1;0
dgs-1008p;"switch 8 puertos rj45 10/100/1000mbps con 4 puertos poe sobremesa";60.05;d-link;switch;4;0;1;0
dgs-1016d;"switch 16 puertos rj45 10/100/1000mbps sobremesa, montaje en rack";69.38;d-link;switch;2;0;1;0
dgs-1016s;"switch 16 puertos rj45 10/100/1000mbps perfil bajo para sobremesa pared o instalaciones de poco espacio";62.4;d-link;switch;2;0;1;0
dgs-1024d;"switch 24 puertos rj45 10/100/1000mbps sobremesa, montaje en rack";94.67;d-link;switch;5;0;1;0
dgs-105;"switch 5 puertos rj45 10/100/1000mbps sobremesa";14.93;d-link;switch;3;0;1;0
dgs-105gl;"switch 5 puertos rj45 10/100/1000mbps sobremesa";14.75;d-link;switch;4;0;1;0
dgs-108;"switch 8 puertos rj45 10/100/1000mbps sobremesa";17.82;d-link;switch;1;0;1;0
dgs-108gl;"switch 8 puertos rj45 10/100/1000mbps sobremesa";21.88;d-link;switch;0;0;1;0
dgs-1100-05pdv2;"switch 5 puertos rj45 10/100/1000mbps sobremesa semigestionable con 2 puertos poe 18w";59.4;d-link;switch;6;0;1;0
dgs-1100-05v2;"switch 5 puertos rj45 10/100/1000mbps sobremesa semigestionable";29.01;d-link;switch;5;0;1;0
dgs-1100-08pv2/e;"switch 8 puertos rj45 10/100/1000mbps con 8 puertos poe sobremesa semigestionable";87.49;d-link;switch;3;0;1;0
dgs-1100-08v2;"switch 8 puertos rj45 10/100/1000mbps con 8 puertos sobremesa semigestionable";34.15;d-link;switch;4;0;1;0
dgs-1210-08p/e;"switch 8 puertos rj45 10/100/1000mbps semigestionable 8 puertos poe 45w 2 puertos sfp de sobremesa y montaje en rack";139.61;d-link;switch;5;0;1;0
dgs-1210-10/e;"switch 10 puertos rj45 10/100/1000mbps semigestionable + 2 puertos sfp combo sobremesa, montaje en rack";111.89;d-link;switch;1;0;1;0
dgs-1210-24/e;"switch 24 puertos rj45 10/100/1000mbps semigestionable + 4 puetos 10/100/1000  4 puertos sfp sfp+ combo sobremesa, montaje en rack";147.52;d-link;switch;0;0;1;0
dgs-1210-28/e;"switch 28 puertos rj45 10/100/1000mbps semigestionable 4 puertos sfp sfp+ combo sobremesa, montaje en rack";167.84;d-link;switch;2;0;1;0
dgs-1210-28p/e;"switch 28 puertos rj45 10/100/1000mbps semigestionable 24 puertos poe 193w 4 puertos sfp de sobremesa y montaje en rack";285.21;d-link;switch;2;0;1;0
dgs-1210-48;"switch 48 puertos rj45 10/100/1000mbps 4 puertos sfp gestionable sobremesa, montaje en rack";352.18;d-link;switch;6;0;1;0
djebbel03b;"raton con cable gaming optico 7200 dpi retroiluminacion led rgb cable de 1.5m";12.03;conceptronic;raton;10;0;1;0
dk11201;"etiquetas precortadas de direccion estandar texto negro sobre fondo blanco ancho 29mm profundidad 90mm 400 etiquetas";8.84;brother;etiquetas;36;0;1;0
dk11202;"etiquetas precortadas para envios texto negro sobre fondo blanco ancho 62mm profundidad 100mm 300 etiquetas";15.69;brother;etiquetas;31;0;1;0
dk11203;"etiquetas precortadas para carpetas texto negro sobre fondo blanco ancho 17mm profundidad 87mm 300 etiquetas";7.38;brother;etiquetas;0;0;1;0
dk11204;"etiquetas precortadas multiproposito texto negro sobre fondo blanco ancho 17mm profundidad 54mm 400 etiquetas";5.43;brother;etiquetas;24;0;1;0
dk11208;"etiquetas precortadas de direccion grandes texto negro sobre fondo blanco ancho 38mm profundidad 90mm 400 etiquetas";11.13;brother;etiquetas;24;0;1;0
dk11209;"etiquetas precortadas de direccion pequeas texto negro sobre fondo blanco ancho 29mm profundidad 62mm 800 etiquetas";11.35;brother;etiquetas;32;0;1;0
dk11221;"etiquetas precortadas papel 23x23mm 1000 etiquetas";11.79;brother;etiquetas;23;0;1;0
dk11247;"etiquetas precortadas para envios texto negro sobre fondo blanco ancho 164mm profundidad 103mm 180 etiquetas";28.6;brother;etiquetas;2;0;1;0
dk22205;"cinta continua de papel termico para etiquetas texto negro sobre fondo blanco ancho 62mm bobina 30,48 metros";14.77;brother;etiquetas;14;0;1;0
dk22210;"cinta continua de papel termico para etiquetas texto negro sobre fondo blanco ancho 29mm bobina 30,48 metros";8.84;brother;etiquetas;10;0;1;0
dk22212;"cinta continua de pelicula plastica  adhesiva para etiquetas texto negro sobre fondo blanco ancho 62mm bobina 15,24 metros";36.23;brother;etiquetas;0;0;1;0
dk22223;"cinta continua de papel termico para etiquetas texto negro sobre fondo blanco ancho 50mm bobina 30,48 metros";12.35;brother;etiquetas;30;0;1;0
dk22225;"cinta continua de papel termico para etiquetas texto negro sobre fondo blanco ancho 38mm bobina 30,48 metros";10.82;brother;etiquetas;13;0;1;0
dk44605;"etiquetas continua de papel termico removible texto negro sobre fondo amarillo ancho 62mm bobina 30,48 metros";17.98;brother;etiquetas;0;0;1;0
dms-105;"switch 5 puertos rj45 multigigabit 2,5g no gestionable de sobremesa";96.61;d-link;switch;2;0;1;0
dms-108;"switch 8 puertos rj45 multigigabit 2,5g no gestionable de sobremesa";139.35;d-link;switch;2;0;1;0
dn-45002;"armario de carga con ruedas para porttiles-tablets hasta 15.6' almacena y alimenta 30 dispositivos negro 1100 x 700 x 650 mm, incl. usb, pdu, ventilador";734.79;digitus;aramario;0;0;1;0
donn02g;"docking station usb-c macho a hdmi hembra + multipuertos hembra  2xusb3.0 1xsd 1xmicrosd 1xusb-c";25.72;conceptronic;adaptador;10;0;1;0
donn03g;"adaptador desde usb-c macho a usb-a hembra 3.0 otg 5gbs pack de 2 unidades";3.3;conceptronic;adaptador;12;0;1;0
donn07ba;"docking station usb-c macho a ethernet hembra 10/100/1000mbps + hub con 3 puertos usb 3.0 incluye adatador de usb-c a usb-a";21.91;conceptronic;adaptador;4;0;1;0
donn08b;"usb hub desde usb-c con tres puertos usb 3.0 y lector de tarjetas sd/mkicrosd";14.97;conceptronic;hub;6;0;1;0
donn10g;"adaptador desde usb-a macho 3.0 a usb-c hembra pack de 2 unidades";3.3;conceptronic;adaptador;10;0;1;0
donn12b;"caja externa base dock usb 3.2 tipo c para discos sata de 2.5' y 3.5' hasta 32tb con funcion de clonacion sin conexin a pc";36.23;conceptronic;base;2;0;1;0
donn14g;"docking station usb-c a 2xhdmi para pantalla dual soporta resolucin hasta 4k 30hz 3xusb-a 3.0 lan gbe usb-c de carga 100 w windows, mac os, chrome os longitud del cable 25cm";45.69;conceptronic;docking;8;0;1;0
donn15g;"docking station usb-c a 2xhdmi resolucin hasta 4k 30hz vga resolucin hasta 1080p 60hz 2xusb-a 3.0 usb-a 2.0 usb-c lan gbe usb-c de carga 100 w lector de tarjeta sd tf/micro sd audio windows, mac os, chrome os longitud del cable 25cm";60.37;conceptronic;docking;7;0;1;0
dpe-101gi;"inyector poe gigabit  802.3af para dap-2660, dap-2360, dwl-2600ap, dwl-6600ap, dwl-8600ap, dwl-8610ap";28.44;d-link;accesorio;5;0;1;0
dq.r2qeb.002;"pc all in one veriton 2000 z2724g 23.8' uhd 1920x1080 intel core i5 14400 memoria ram 8gb ddr5 512gb ssd m.2 grafica integrada intel uhd 730 graphics  hdmi displayport 2x usb 3.2 usb 2.0 wifi 6e bluetooth 5 gigabit ethernet  webcam teclado y raton usb windows 11 pro color negro ";637.65;acer;pc;0;0;0.25;5.33
dr1050;"tambor brother dr-1050 10.000 paginas";53.6;brother;tambor;4;0;1;0
dr1150;"tambor brother dr-1150 10.000 paginas ";53.85;brother;tambor;3;0;1;0
dr2100;"tambor brother dr-2100 12.000 paginas";71.43;brother;tambor;0;0;1;0
dr2200;"tambor brother dr-2200 12.000 paginas";64.58;brother;tambor;2;0;1;0
dr2300;"tambor brother dr-2300 12.000 paginas";67.48;brother;tambor;3;0;1;0
dr2400;"tambor brother dr-2400 12.000 paginas";65.13;brother;tambor;7;0;1;0
dr241cl;"tambor brother dr-241cl 15.000 paginas";88.48;brother;tambor;3;0;1;0
dr243cl;"tambor brother dr-243cl 18.000 paginas";94.96;brother;tambor;0;0;1;0
dr248cl;"tambor dr-248cl 20.000 paginas aproximada. hll3220cw, hll3240cdw, dcpl3520cdw, dcpl3560cdw,mfcl3740cdw,mfcl3760cdw, hll8230cdw, hll8240cdw, mfcl8340cdw, mfcl8390cdw";95.06;brother;tambor;5;0;1;0
dr2510;"tambor dr2510 15000 paginas aproximada. hll2400dw, hll2445dw, dcpl2620dw, dcpl2627dwxl, dcpl2660dw, mfcl2800dw, mfcl2827dwxl, mfcl2860dw";75.5;brother;tambor;3;0;1;0
dr321cl;"tambor brother dr-321cl 25.000 paginas";142.19;brother;tambor;0;0;1;0
dr3300;"tambor brother dr-3300 30.000 paginas";126.97;brother;tambor;0;0;1;0
dr3400;"tambor brother dr-3400 30.000 paginas";135.21;brother;tambor;3;0;1;0
dr3600;"tambor brother dr-3600 75.000 paginas (a 3 paginas por trabajo)  45.000 paginas (a 1 pagina por trabajo) equipos relacionados: hll5210dn hll5210dw hll6210dw hll6410dn dcpl5510dw mfc5710dn mfcl5710dw mfcl6710dw mfcl6910dn";202.33;brother;tambor;-1;0;1;0
dr4000;"tambor brother dr-4000 30.000 paginas";98.74;brother;tambor;1;0;1;0
dr421cl;"tambor brother dr421cl 30.000 paginas";108.54;brother;tambor;0;0;1;0
dr5500;"tambor brother dr-5500 40.000 paginas";89.41;brother;tambor;2;0;1;0
dr6000;"tambor brother dr-6000 20.000 paginas";128.82;brother;tambor;1;0;1;0
ds124;"nas diskstation ds124 cpu realtek rtd1619b 1.7ghz 1gb 1 bahia 3.5' hdd 2.5' hdd 2.5' ssd capacidad maxima soportada 108tb 2xusb 3.0 1xethernet";134.62;synology;nas;2;0;1;0
ds1525+;"nas diskstation ds1525+ amd ryzen v1500b 2.2ghz 8gb ddr4 5 bahias 3.5' hdd 2.5' hdd 2.5' ssd 2xm.2 raid 0, 1, 5, 6, 10, jbod 2xusb 3.2 xethernet 2.5 gigabit 1xethernet 1000base-t  2xusb-c";735;synology;nas;2;0;1;0
ds223;"nas diskstation ds223 realtek rtd1619b 64 bit 4 core 1.7 ghz ddr4 2gb 2 bahias 3.5' hdd 2.5' hdd 2.5' ssd capacidad maxima por disco duro 18tb sistema de archivos ext4 3xusb 3.2 ethernet";248.24;synology;nas;2;0;1;0
ds223j;"nas diskstation ds223j realtek rtd1296 64 bit 4 core 1.7ghz ddr4 1gb 2 bahias 3.5' hdd 2.5' hdd 2.5' ssd (requiere adaptador de 2.5' para el segundo disco) capacidad maxima por disco duro 16tb sistema de archivos ext4 2xusb 3.2 ethernet";166.45;synology;nas;5;0;1;0
ds225+;"nas diskstation ds225+ intel celeron j4125 2.0ghz hasta 2.7ghz ddr4 2gb ampliable hasta 6gb 2 bahias 3.5' hdd 2.5' hdd 2.5' ssd raid 0 1 jbod 2xusb 3.0 2xethernet";324.63;synology;nas;2;0;1;0
ds423;"nas diskstation ds423 realtek rtd1619b 1.7ghz  2gb ddr4 4 bahias 3.5' hdd 2.5' hdd 2.5' ssd raid 0, 1, 5, 6, 10, jbod capacidad maxima de almacenamiento 108tb 2xusb 3.2 2xethernet  sistema operativo diskstation manager";341.89;synology;nas;3;0;1;0
ds425+;"nas diskstation ds425+ cpu intel celeron j4125  ddr4 2gb 4 bahias 3.5' hdd 2.5' hdd 2.5' ssd + 2 ranuras m.2 raid 0, 1, 5, 6, 10, jbod capacidad maxima por disco duro 80tb 2xusb 3.2 2xethernet 1.5gb";503.36;synology;nas;5;0;1;0
ds425+/6g;"nas diskstation ds425+ cpu intel celeron j4125  ddr4 6gb 4 bahias 3.5' hdd 2.5' hdd 2.5' ssd + 2 ranuras m.2 raid 0, 1, 5, 6, 10, jbod capacidad maxima por disco duro 80tb 2xusb 3.2 2xethernet 1.5gb";489.78;synology;nas;4;0;1;0
ds725+;"nas diskstation ds725+ amd ryzen r1600 2.6ghz 4gb ddr4 ecc 2 bahias 3.5' hdd 2.5' hdd 2.5' ssd raid 0, 1, 5, 6, 10, jbod usb 3.2 usb-c ethernet 1000base-t ethernet 2.5 gigabit";508.53;synology;nas;2;0;1;0
dsk-8001;"grabador videovigilancia cctv de 4 camaras incluidas para interior o exterior (1280x720) 8 canales sin hdd admite hasta 6tb hdmi vga 2xusb rj45";156.8;level one;videovigil;2;0;1;0
dt.r1peb.006;"pc veriton s2720g intel core i3 14100 (14a generacion) 2.5ghz hasta 4.7ghz memoria ram 8gb ddr5 512gb ssd m.2 grafica integrada uhd 730 ethernet wifi 6 bluetooth 5.3 hdmi vga displayport 3xusb 3.2 usb-c 4xusb 2.0 teclado y raton usb sistema operativo windows 11 pro dimensiones 160x306.32x348mm peso 7kg color negro";429;acer;pc;2;0;0.25;5.33
dt.r31eb.006;"pc veriton x2 vx2720g intel core i7 14400 (14a generacion) 2.1ghz hasta 5.4ghz memoria ram 16gb ddr5 512gb ssd m.2 grafica integrada uhd 770 ethernet wifi 6 bluetooth 5.0 hdmi vga displayport 4xusb 2.0 usb-c 3xusb 3.2 teclado y raton usb sistema operativo windows 11 pro dimensiones 332x307.7x102.5mm";699;acer;pc;6;0;0.25;5.33
dt.r37eh.002;"nuc barebone vn1502g-13u3u uci31315u i3 sin memoria 2xddr4 so-dimm sin disco duro 2xm.2 grafica integrada intel uhd 2xethernet 4xusb 3.2 usb-c hdmi dispalyport mini jack 3.5 con cable de corriente. vesa 100x100 y 75x75";211.74;acer;barebone;14;0;0.25;0
dt.r3aeh.001;"nuc barebone vn1502g-13u7u uci71355u i7 sin memoria 2xddr4 so-dimm sin disco duro m.2 grafica integrada intel uhd 2xethernet 4xusb 3.2 usb-c hdmi dispalyport con cable de corriente.vesa 100x100 y 75x75";402.49;acer;barebone;12;0;0.25;0
dt.r3aeh.00151216;"nuc barebone vn1502g-13u7u uci71355u i7 memoria ram 16gb ddr4 so-dimm 512gb m.2 grafica integrada intel uhd 2xethernet 4xusb 3.2 usb-c hdmi dispalyport con cable de corriente.vesa 100x100 y 75x75";583.62;acer;pc;2;0;0.25;5.33
dt.r42eb.002;"pc x2 vx2730g intel core ultra 7 265 hasta 5.3ghz memoria ram 16gb ddr5 512gb ssd m.2 grafica integrada uhd ethernet wifi 7 bluetooth 5.4 hdmi vga displayport 4xusb 3.0 usb-c 3xusb 3.2 teclado y raton usb sistema operativo windows 11 pro dimensiones 332x307.7x102.5mm";793.52;acer;pc;2;0;0.25;5.33
dt.r4zeb.001;"pc mini veriton n2 vn2595gt intel core 5 120u hasta 5 ghz memoria ram 16gb ddr5 512gb ssd m.2 grafica integrada intel uhd graphics ethernet wifi 6 bluetooth  hdmi displayport 3xusb 3.2 2xusb-c 3xusb 2.0 teclado y raton usb windows 11 pro negro";509.67;acer;pc;14;0;0.25;5.33
dt.r4zeb.007;"pc mini veriton vn2595gt intel core 5 120u memoria ram 16gb 512gb ssd m.2 grafica integrada intel uhd graphics ethernet wifi 6 bluetooth  hdmi displayport 3xusb 3.2 2xusb-c 3xusb 2.0 teclado y raton usb freedos kit vesa 75x75 y 100x100 negro";431.2;acer;pc;19;0;0.25;5.33
dt.r52eb.001;"pc mini veriton vn2595gt intel core i7 13620h memoria ram 16gb 512gb ssd m.2 grafica integrada intel uhd graphics ethernet wifi 6 bluetooth  hdmi displayport 3xusb 3.2 2xusb-c 3xusb 2.0 teclado y raton usb freedos kit vesa 75x75 y 100x100 negro";481.32;acer;pc;14;0;0.25;5.33
dt.r5neh.002;"nuc barebone vn1502g-u1h5u intel core ultra 5 125h sin memoria 2xddr5 so-dimm sin disco duro 2xm.2 grafica integrada intel arc o intel 2xethernet 4xusb 3.2 usb-c hdmi dispalyport mini jack 3.5 con cable de corriente.vesa 100x100 y 75x75";424.73;acer;barebone;13;0;0.25;0
dt.r5yeb.00h;"pc veriton x2 vx2722g intel core i3 14100 (14a generacion) hasta 3.5ghz memoria ram 8gb ddr5 512gb ssd m.2 grafica integrada uhd 730 ethernet wifi 6e bluetooth 5 hdmi vga displayport 4xusb 2.0 3xusb 3.2 teclado y raton usb sistema operativo windows 11 pro ";445.6;acer;pc;18;0;0.25;5.33
dt.r62eh.004;"nuc barebone vn1502g-13u5u ulci513420h i5 sin memoria 2xddr4 so-dimm sin disco duro 2xm.2 grafica integrada intel uhd 2xethernet 4xusb 3.2 usb-c hdmi dispalyport mini jack 3.5 con cable de corriente.vesa 100x100 y 75x75";301.6;acer;barebone;32;0;0.25;0
dt.r62eh.0042568;"nuc barebone vn1502g-13u5u ulci513420h i5 memoria ram 8gb ddr4 so-dimm 512gb m.2 grafica integrada intel uhd 2xethernet 4xusb 3.2 usb-c hdmi dispalyport mini jack 3.5 con cable de corriente.vesa 100x100 y 75x75";420.34;acer;pc;2;0;0.25;5.33
dt.r6reb.00d;"pc vx2723g intel core i5 14400 (14a generacion) 2.5ghz hasta 4.7ghz memoria ram 16gb ddr5 512gb ssd m.2 grafica integrada uhd 730 ethernet wifi 6 bluetooth 5.0 hdmi vga displayport 4xusb 3.0 usb-c 3xusb 3.2 teclado y raton usb sistema operativo windows 11 pro dimensiones 332x307.7x102.5mm ";559;acer;pc;22;0;0.25;5.33
dt.r6reb.00f;"pc vx2723g intel core i7 14700 (14a generacion) 2.1ghz hasta 5.3ghz memoria ram 16gb ddr5 512gb ssd m.2 grafica integrada uhd 770 ethernet wifi 6 bluetooth 5.3 hdmi vga displayport 4xusb 3.0 usb-c 3xusb 3.2 teclado y raton usb sistema operativo windows 11 pro dimensiones 332x307.7x102.5mm ";716;acer;pc;20;0;0.25;5.33
dt.r6reb.00g;"pc vx2723g intel core i7 14700 (14a generacion) 2.1ghz hasta 5.3ghz memoria ram 16gb ddr5 1tb ssd m.2 grafica integrada uhd 770 ethernet wifi 6 bluetooth 5.3 hdmi vga displayport 4xusb 3.0 usb-c 3xusb 3.2 teclado y raton usb sistema operativo windows 11 pro dimensiones 332x307.7x102.5mm";743.85;acer;pc;6;0;0.25;5.33
dt.r6reb.00l;"pc vx2723g intel core i5 14400 (14a generacion) 2.5ghz hasta 4.7ghz memoria ram 16gb ddr5 512gb ssd m.2 grafica integrada uhd 730 ethernet wifi 6 bluetooth 5.3 hdmi vga displayport 4xusb 3.0 usb-c 3xusb 3.2 teclado y raton usb sistema operativo windows 11 pro dimensiones 332x307.7x102.5mm ";663.35;acer;pc;0;0;0.25;5.33
dt.r6reb.00m;"pc vx2723g intel core i7 14700 (14a generacion) 2.1ghz hasta 5.3ghz memoria ram 16gb ddr5 512gb ssd m.2 grafica integrada uhd 770 ethernet wifi 6 bluetooth 5.3 hdmi vga displayport 4xusb 3.0 usb-c 3xusb 3.2 teclado y raton usb sistema operativo windows 11 pro dimensiones 332x307.7x102.5mm";826;acer;pc;14;0;0.25;5.33
dt.r6web.001;"pc vx2735g intel core ultra 5 225 hasta 4.9ghz memoria ram 16gb ddr5 512gb ssd m.2 grafica integrada intel uhd ethernet wifi 7 bluetooth 5.4 hdmi vga displayport 4xusb 2.0 usb-c 3xusb 3.2 teclado y raton usb sistema operativo windows 11 pro";635.61;acer;pc;9;0;0.25;5.33
dt.vvdeb.00ci5;"pc vs4680g intel core i5-10400 (10a generacion) hasta 4.30ghz memoria ram 8gb ddr4 512gb ssd m.2  grafica integrada intel uhd graphics 750 hdmi ethernet 2xusb 3.2 4xusb 2.0 windows 11 home dimensiones 350x286.25x160mm peso 7kg negro";499.2;acer;pc;1;0;0.25;5.33
dt.z4jeb.004;"pc veriton vx2410g intel core i5 12450h (12a generacion) memoria ram 16gb ddr5 512gb ssd m.2 tarjeta grafica integrada intel uhd graphics wifi 6 bluetooth 5.2 hdmi 4xusb 3.2 vga ethernet 4xusb 2.0  windows 11 home teclado y raton usb";539.52;acer;pc;13;0;0.25;5.33
dt70/128gb;"pen drive 128gb datatraveler 70 usb-c 3.2 negro";7.68;kingston;pendrive;37;0;1;0.24
dt70/64gb;"pen drive 64gb datatraveler 70 usb-c 3.2 negro";4.86;kingston;pendrive;45;0;1;0.24
dtduo3cg3/128gb;"pen drive 128gb datatraveler microduo 3c usb 3.2 gen1 / usb-c";24.15;kingston;pendrive;32;0;1;0.24
dtduo3cg3/256gb;"pen drive 256gb datatraveler microduo 3c usb 3.2 gen1 / usb-c";37.2;kingston;pendrive;12;0;1;0.24
dtduo3cg3/64gb;"pen drive 64gb datatraveler microduo 3c usb 3.2 gen1 / usb-c";15.26;kingston;pendrive;34;0;1;0.24
dth167k0b;"tablet grafica cintiq pro 16 pantalla 4k touch area activa 344mm x 194mm tamao tableta 15,6' lapiz pro pen 2 usb - hdmi soporte integrado windows y mac color negro";1390.84;wacom;tableta;0;0;1;0
dtk2260k0a;"tablet grafica cintiq 22 tamao area actuva 476x268mm tamao tableta 570x359x40mm incluye lapiz usb-hdmi negro";1217.53;wacom;tableta;0;0;1;0
dtx/64gb;"pen drive 64gb datatraveler exodia usb 3.2 negro";5.18;kingston;pendrive;54;0;1;0.24
dtx128gb;"pen drive 128gb datatraveler exodia usb 3.2 negro";7.5;kingston;pendrive;35;0;1;0.24
dtx256gb;"pen drive 256gb datatraveler exodia usb 3.2 negro";17.95;kingston;pendrive;27;0;1;0.24
dtxm/64gb;"pen drive 64gb datatraveler exodia usb 3.2 negro azul";4.72;kingston;pendrive;20;0;1;0.24
dvb4348gl;"range extender mi wifi ac1200 dual band 2.4ghz 300mbps 5ghz 867mbps 2 antenas externas";17.12;xiaomi;wifi;5;0;1;0
dvb4352gl;"range extender mi pro 2.4ghz 300mbps hasta 24 dispositivos 2 antenas externas";8.99;xiaomi;wifi;23;0;1;0
dvb4398gl;"range extender mi n300 2.4ghz 300mbps hasta 16 dispositivos 2 antenas externas color blanco";10.14;xiaomi;wifi;10;0;1;0
dwa-181;"usb inalambrico nano wifi 5 ac1300 400mb en 2.4ghz y 866mb en 5ghz usb 2.0";22.33;d-link;wifi;5;0;1;0
dzn4019tw;"juego de herramientas destornillador destornillador mi cordless screwdriver 3.6v par de torsion ultraalto 5nm bateria 2000mah 12 brocas de acero s2 iluminacion nitida usb-c";20.17;xiaomi;destornill;1;0;1;0
e15;"range extender eagle pro ai ax1500 mesh gigabit wifi 6 dual band 2.4ghz 5ghz 2 antenas 1 puerto ethernet 10/100/1000mbps";40.7;d-link;wifi;3;0;1;0
eap225;"punto acceso interior inalambrico de techo gigabit omada ac1350 dual band 450mbps 2.4ghz + 5ghz 867mbps 1 puerto ethernet 10/100/1000mbps alimentacion poe";56.1;tp-link;wifi;6;0;1;0
eap230-wall;"punto acceso interior inalambrico de pared gigabit omada ac1200 dual band 300mbps 2.4ghz + 5ghz 867mbps 1 puerto ethernet 10/100/1000mbps alimentacion poe";51.22;tp-link;wifi;7;0;1;0
eap610;"punto acceso interior inalambrico de techo gigabit omada wifi 6 ax1800 dual band 574mbps 2.4ghz + 5ghz 1201mbps 1 puerto ethernet 10/100/1000mbps alimentacion poe";72.55;tp-link;wifi;3;0;1;0
ec.j5200.001;"lampara para proyector p1165 p1165r p1265 p1265r";137.04;acer;lampara;1;0;0.25;0
ecw120;"punto acceso gestionado en la nube, doble banda, wi-fi 5 (11ac wave 2), 400+867 mbps, 2t2r, puerto gigabit ethernet con poe.af, antenas 4x5 dbi, con ia.";73.7;engenius;wifi;0;0;1;0
ei-t7891;"tinta generica para epson t7891 t7901 t7911 negra";3.9;mcc;;2;0;1;0
ei-t8651;"tinta compatible epson t8651/t8661 negro reemplaza a c13t865140/c13t866140";17.65;mcc;tinta;13;0;1;0
ela4374gl;"televisor 55' mi led tv 4s 4k resolucion 3840x2160 60hz smart tv android 9.0 sintonizadores dvb-s2 dvb-s2 dvb-t2 3xhdmi ethernet wifi bluetooth 4.2 3xusb 2.0 dolby + dts control inteligente por voz soporte vesa 300x300mm peso 14.50kg";432.21;xiaomi;televisor;1;0;1;0
ela5454eu;"monitor 34' g34wqi curvo gaming 3440x1440 a 180hz full hd 1ms 350cd/m2 4000:1 21:9 1500r 2xdisplayport 2xhdmi angulo vision h:178-v178 inclinacion rotacion vesa 75x75 dimensiones 811.3x510.1x210mm 6.9kg negro";224.7;xiaomi;monitor;1;0;1;0
ela5489eu;"televisor 50'  qled uhd 4k ultra resolucion 3840x2160 smart tv google tv sintonizadores dvb-s2 dvb-c dvb-t2 3xhdmi ethernet wifi bluetooth 5.0 usb 2.0 dolby + dts soporte vesa 200x200mm peso 10kg";245.21;xiaomi;televisor;3;0;1;0
ela5493eu;"televisor 43' qled 4k ultra resolucion 3840x2160 smart tv google tv sintonizadores dvb-s2 dvb-c dvb-t2 3xhdmi ethernet wifi bluetooth 5.0 2xusb 2.0 dolby + dts soporte vesa 200x200mm peso 10.4kg";203.3;xiaomi;televisor;2;0;1;0
ela5936eu;"televisor 32'  qled tv a pro 32 2026 hd resolucion 1366x768 60hz smart tv google tv con control por voz 2xhdmi ethernet wifi 2.4 / 5 ghz bluetooth 5.0 usb 2.0 dolby + dts soporte altavoces 2x10w vesa 100x200mm peso 3.2kg";117.7;xiaomi;televisor;0;0;1;0
emrick04b;"adaptador desde pci express a ssd sata m.2 nvme m.2 2230 2242 2260 2280 compatible pcie de bajo perfil y estandar x4 x8 x16";12.16;conceptronic;tarjeta;4;0;1;0
emrick05b;"adaptador desde pci express a ssd nvme m.2 2230 2242 2260 2280 compatible pcie de bajo perfil y estandar x4 x8 x16";11.5;conceptronic;tarjeta;8;0;1;0
emrick05bs;"adaptador desde pci express a ssd nvme m.2 2230 2242 2260 2280 compatible pcie de bajo perfil y estandar x4 x8 x16 contiene disipador de calor de aluminio para disipacion termica";11.7;conceptronic;tarjeta;8;0;1;0
ep-t2510nbegeu;"cargador de pared a usb-c 25w 3a negro";15.6;samsung;cargador;2;0;1;0
ep-t2510nwegeu;"cargador de pared a usb-c 25w 3a blanco";15.6;samsung;cargador;0;0;1;0
ep-t4511nbegeu;"cargador de pared a usb-c 45w carga rapida negro";30.16;samsung;cargador;3;0;1;0
ep-t4511xbegeu;"cargador de pared a usb-c 45w carga rapida con cable usb c incluido negro";36.4;samsung;cargador;1;0;1;0
ep2-00405;"funda con teclado surface pro 10 con panel tactil, para surface pro 11, 10, 9, 8 y pro x color negro";102.9;microsoft;teclado;2;0;1;0
ep2-06606;"office hogar y empresa 2024 esd descarga electronica para pc con windows y mac";208.95;microsoft;office;9;0;1;0
ep2-06798;"office hogar  2024 esd descarga electronica para pc con windows y mac";102.59;microsoft;office;4;0;1;0
ep2-20078;"tablet surface pro 11 intel core ultra 7 (series 2) 268v (4.2 ghz) memoria 32gb ram lpddr5x 1tb ssd 13' pantalla tactil 2880 x 1920 @ 120 hz - 267 ppi intel arc graphics  wifi 7 ,bluetooth 5.3 peso 890 g. bateria 53.3wh autonomia ±14h windows 11 pro. color plata sin teclado";2524.2;microsoft;portatil;0;0;1;5.33
ep2-20095;"tablet surface pro 11 intel core ultra 5 (series 2) 236v (4.6 ghz) memoria  16gb ram lpddr5x 256gb ssd 13' pantalla tactil 2880 x 1920 @ 120 hz - 267 ppi intel arc graphics  wifi 7 ,bluetooth 5.3 peso 890 g. bateria 53.3wh autonomia ±14h windows 11 pro. color negro sin teclado";1456.53;microsoft;portatil;1;0;1;5.33
ep2-20112;"tablet surface pro 11 intel core ultra 5 (series 2) 236v (4.6 ghz) memoria 16gb ram lpddr5x 256gb ssd 13' pantalla tactil 2880 x 1920 @ 120 hz - 267 ppi intel arc graphics  wifi 7 ,bluetooth 5.3 peso 890 g. bateria 53.3wh autonomia ±14h windows 11 pro. color plata sin teclado";1456.53;microsoft;portatil;1;0;1;5.33
ep2-20129;"tablet surface pro 11 intel core ultra 5 (series 2) 236v (4.6 ghz) memoria 16gb ram lpddr5x 512gb ssd 13' pantalla tactil 2880 x 1920 @ 120 hz - 267 ppi intel arc graphics  wifi 7 ,bluetooth 5.3 peso 890 g. bateria 53.3wh autonomia ±14h windows 11 pro. color negro sin teclado";1549.8;microsoft;portatil;1;0;1;5.33
ep2-20146;"tablet surface pro 11 intel core ultra 5 (series 2) 236v (4.6 ghz) memoria 16gb ram lpddr5x 512gb ssd 13' pantalla tactil 2880 x 1920 @ 120 hz - 267 ppi intel arc graphics  wifi 7 ,bluetooth 5.3 peso 890 g. bateria 53.3wh autonomia ±14h windows 11 pro. color plata sin teclado";1549.8;microsoft;portatil;1;0;1;5.33
ep2-20231;"tablet surface pro 11 intel core ultra 7 (series 2) 266v (4.2 ghz) memoria 16gb ram lpddr5x 512gb ssd 13' pantalla tactil 2880 x 1920 @ 120 hz - 267 ppi intel arc graphics  wifi 7 ,bluetooth 5.3 peso 890 g. bateria 53.3wh autonomia ±14h windows 11 pro. color negro sin teclado";1778.94;microsoft;portatil;0;0;1;5.33
ep2-20248;"tablet surface pro 11 intel core ultra 7 (series 2) 266v (4.2 ghz) memoria  16gb ram lpddr5x 512gb ssd 13' pantalla tactil 2880 x 1920 @ 120 hz - 267 ppi intel arc graphics  wifi 7 ,bluetooth 5.3 peso 890 g. bateria 53.3wh autonomia ±14h windows 11 pro. color plata sin teclado";1778.94;microsoft;portatil;1;0;1;5.33
ep2-25289;"windows server 2025 licencia de usuarios 5 cal.  ";192.65;microsoft;licencia;1;1;1;0
ep2-27187;"tablet surface pro para empresas snapdragon x plus x1p-42-100 hasta 3.4ghz memoria  16gb ram lpddr5x 256gb ssd 12' pantalla tactil 2196 x 1464 @ 90 hz - 220 ppi qualcomm adreno graphics  wifi 7 ,bluetooth 5.4, nfc peso 686 g. bateria 38.8wh autonomia ±16h windows 11 pro. color negro sin teclado";920.71;microsoft;portatil;3;0;1;5.33
ep300pro;"controlador de presencia ep300 pro ethernet triple control huella dactilar hasta 2000 huellas rfid 125khz exportacion de datos mini usb (bateria 1100mah opcional)";115.17;anviz;componente;10;0;1;0
ep300prow;"controlador de presencia ep300 pro ethernet wifi y bluetooth + soft crosscheck triple control huella dactilar hasta 2000 huellas rfid 125khz exportacion de datos mini usb (bateria 1100mah opcional)";141.9;anviz;componente;1;0;1;0
eq112150;"cable desde schuko macho a trebol hembra longitud 1.8 metros  ideal para adaptador de corriente para portatil.";3.57;equip;cable;14;0;1;0
eq351001;"impresora de tickets termica 58mm usb y ethernet con corte manual y automatico";41.8;equip;imp etique;3;0;1;0
eq351002;"impresora de tickets termica 80mm usb con corte manual y automatico";51.22;equip;imp etique;6;0;1;0
eq351003;"impresora de tickets termica 80mm serial, usb y ethernet con corte manual y automatico";63.23;equip;imp etique;5;0;1;0
eq351004;"impresora de tickets termica 80mm wifi, bluetooth,usb  con corte manual y automatico";82.5;equip;imp etique;0;0;1;0
eq351010;"cajon portamonedas 8 compartimentos de monedas y 4 de billetes 2 ranuras para cheques/recibos apertura horizontal conexion rj11 llave dimensiones 420x405x110mm negro peso 6kg";32.59;equip;cajon;6;0;1;0
eq625410;"cable de red desde rj45 macho a rj45 macho utp categoria 6 longitud 1 metro gris";0.91;equip;latiguillo;102;0;1;0
eq625411;"cable de red desde rj45 macho a rj45 macho utp categoria 6 longitud 2 metros gris";1;equip;latiguillo;81;0;1;0
eq625412;"cable de red desde rj45 macho a rj45 macho utp categoria 6 longitud 3 metros gris";1.34;equip;latiguillo;121;0;1;0
eq625414;"cable de red desde rj45 macho a rj45 macho utp categoria 6 longitud 5 metros gris";1.86;equip;latiguillo;78;0;1;0
eq625416;"cable de red desde rj45 macho a rj45 macho utp categoria 6 longitud 10 metros gris";2.92;equip;latiguillo;51;0;1;0
eq625418;"cable de red desde rj45 macho a rj45 macho utp categoria 6 longitud 15 metros gris";4.39;equip;latiguillo;19;0;1;0
eq625419;"cable de red desde rj45 macho a rj45 macho utp categoria 6 longitud 20 metros gris";5.49;equip;latiguillo;11;0;1;0
er605;"router vpn safestream gigabit multi-wan integrado en omada 5 puertos gigabit hasta 4 puertos wan";45.23;tp-link;router;6;0;1;0
erc-09b;"cinta de nylon negro";1.29;epson;cinta;35;0;1;0
erc-38n;"cinta de nylon negro";2.23;epson;cinta;27;0;1;0
erc38br;"cinta de nylon negro/ rojo";2.23;epson;cinta;23;0;1;0
es-16-xg;"switch 16 puertos rj45 es-16-xg, gestionado, 10g ethernet 100/1000/10000mbps, montaje en rack, 1u";501.38;ubiquiti;switch;0;0;1;0
es-8xp;"switch 8 puertos rj45 10/100/1000mbps con 8 puerto poe 150w 1 puerto usb 2.0 sobremesa";155.56;ubiquiti;switch;0;0;1;0
es.08g21.gsh;"memoria ram ddr4 3200mhz cl22 8gb 260-pin so-dimm";63.25;apacer;memoria;12;0;1;0
et-5625;"etiquetas transferencia termica 56x25mm aproximadamente rollo de 1000 unidades";6.29;indefinida;etiquetas;59;0;1;0
et-7777;"etiquetas transferencia termica 77x77mm aproximadamente rollo 420 unidades";11.57;indefinida;etiquetas;178;0;1;0
evebp00402;"funda universal para ereader de 6' hello kitty totalmente adaptable dispone de un bolsillo interior para guardar documentos o tarjetas color negro";1;evitta;funda;1;0;1;0
evebp00403;"funda universal para ereader de 6' hello kitty totalmente adaptable dispone de un bolsillo interior para guardar documentos o tarjetas color blanco";1;evitta;funda;5;0;1;0
eyv-00006;"pencil surface pen m1776  lapiz activo bluetooth 4.0 gris oscuro compatible con pro 11, surface laptop 4 surface pro 7+ surface book surface book 2 surface book 3 surface studio 1st gen3 surface studio 2 surface laptop 1st gen1 surface laptop 2 surface laptop 3 surface go surface go 2 surface pro 3 surface pro 4 surface pro 5th gen surface pro 6 surface pro 7 surface pro x surface 3";69.3;microsoft;pencil;3;0;1;0
eyv-00014;"pencil surface pen eyv-00014 lapiz activo bluetooth 4.0 plata compatible con pro 11, surface studio, surface laptop, surface book, surface pro, surface pro 4, surface pro 3, surface 3, pen tip kit";69.3;microsoft;pencil;2;0;1;0
f-s1200v3;"ups fortress 1200 v3 800va 480w 230v off line formato torre con 2 conectores schuko peso 5.5 kg";48.12;ngs;ups;3;0;1;0
f-s1500v2;"ups fortress 1500 v2 1200va 720w 230v off line formato torre con 4 conectores schuko peso 9 kg";95.69;ngs;ups;3;0;1;0
f-s2000v2;"ups fortress 2000 v2 1500va 900w 230v off line formato torre con 4 conectores schuko peso 11 kg";118.56;ngs;ups;2;0;1;0
f6u12ae;"tinta 953 cian 700 paginas aproximadamente";22.1;hp;tinta;7;0;1;0
f6u13ae;"tinta 953 magenta 700 paginas aproximadamente";22.1;hp;tinta;9;0;1;0
f6u14ae;"tinta 953 amarillo 700 paginas aproximadamente";22.08;hp;tinta;9;0;1;0
f6u16ae;"tinta 953xl cian 1.600 paginas aproximadamente";35.43;hp;tinta;2;0;1;0
f6u17ae;"tinta 953xl magenta 1.600 paginas aproximadamente";35.79;hp;tinta;8;0;1;0
f6u18ae;"tinta 953xl amarillo 1.600 paginas aproximadamente";35.31;hp;tinta;3;0;1;0
f6u65ae;"tinta 302 tricolor 165 paginas aproximadamente";19.73;hp;tinta;6;0;1;0
f6u66ae;"tinta 302 negro 190 paginas aproximadamente";16.03;hp;tinta;17;0;1;0
f6u67ae;"tinta 302xl tricolor 330 paginas aproximadamente";33.69;hp;tinta;12;0;1;0
f6u68ae;"tinta 302xl negro 480 paginas aproximadamente";34.58;hp;tinta;25;0;1;0
f7u053btblk;"cargador inalambrico qi 10w boost up para dispositivos apple, samsung, lg y sony negro para coche y con soporte para rejilla de ventilacion";32.22;belkin;soporte;1;0;50;0
f8w973btblk;"airtag llavero protector negro";5.3;belkin;airtag;7;0;1;0
f8w973btblu;"airtag llavero protector azul";5.32;belkin;airtag;5;0;1;0
f8w973btpnk;"airtag llavero protector rosa";5.29;belkin;airtag;4;0;1;0
f8w973btwht;"airtag llavero protector blanco";5.29;belkin;airtag;6;0;1;0
f8w974btblk;"correa con protector para airtag negro";5.39;belkin;airtag;7;0;1;0
f8w974btblu;"correa con protector para airtag azul";5.39;belkin;airtag;1;0;1;0
f8w974btpink;"correa con protector para airtag rosa";5.7;belkin;airtag;3;0;1;0
f8w974btwht;"correa con protector para airtag blanco";5.7;belkin;airtag;3;0;1;0
fhd-00006;"raton surface arc touch bluetooth plata compatible con pro 11 ";70.35;microsoft;raton;1;0;1;0
fhd-00021;"raton arc touch mouse bluetooth negro compatible con pro 11 ";70.69;microsoft;raton;2;0;1;0
flame;"raton flame con cable usb optico 2 botones 1.000dpi ambidiestro negro";2.46;ngs;raton;3;0;1;0
flameblue;"raton flame con cable usb optico 2 botones 1.000dpi ambidiestro azul";3.37;ngs;raton;8;0;1;0
flamered;"raton flame con cable usb optico 2 botones 1.000dpi ambidiestro rojo";2.24;ngs;raton;14;0;1;0
flip7blueu;"altavoces 1.0 flip 7 bluetooth 35w bateria  autonomia de 16 horas resistente al agua conexion de varios altavoces con auracast color azul";97.02;jbl;altavoz;1;0;1;0
fm-ffp2-pnk;"mascarillas ffp2 filtran al menos un 94% de las particulas presentes en el aire pack 50 unidades rosa";22.37;langci;mascarilla;1;0;1;0
fmns081;"luz neon mando 40x20cm ";18.57;sakkyo;accesorio;0;0;1;0
fmns082;"luz neon mando 38x27cm";18.57;sakkyo;accesorio;-1;0;1;0
fmwn61;"luz neon game room 40x20cm";18.57;sakkyo;accesorio;0;0;1;0
fmwn62;"luz neon game room 35.5x34.5cm";18.57;sakky;accesorio;-1;0;1;0
fmwn63;"luz neon game zone 42.5x15cm";18.57;sakkyo;accesorio;0;0;1;0
fog;"raton fog inalambrico con receptor usb nano optico 2 botones 1.000dpi ambidiestro negro";4.62;ngs;raton;11;0;1;0
fogblue;"raton fog inalambrico con receptor usb nano optico 2 botones 1.000dpi ambidiestro azul";4.31;ngs;raton;1;0;1;0
fortress900v3;"ups fortress v3 900va 360w 230v off line formato torre 2x schuko peso 4.25 kg";38.55;ngs;ups;3;0;1;0
fqc-10552;"windows 11 pro 64bit oem 1pk sistema operativo";106.92;microsoft;windows11;1;10;1;0
ft86tre-197;"soporte de monitor/tv para suelo con ruedas desde 37' hasta 86' inclinacion con multiples angulos maximo vesa 600x400 incluye un estante para dvd hasta 50kg negro";84.7;aisens;soporte;2;0;1;0
funkyv3;"teclado funky v3 con cable usb formato normal 12 teclas multimedia negro";8.24;ngs;teclado;9;0;1;0
g200;"comandero terminal pda 6.52" mtk8768 octa core, 4gb ram, 128gb emmc, android 13, ip68, wifi 5, bluetooth 5 y 4g (doble nano sim";162.8;nomu;pda;3;0;1;0
g403;"router wifi 4g eagle pro n300 smart band 2.4ghz hasta 300 mbit/s cuatro puertos lan y un puerto wan 10/100 cuatro antenas  ";81.4;d-link;router;2;0;1;0
gaz69gx4-00;"placa base z690 gaming x ddr4 intel lga 1700 duodecima generacion 4xddr5 hasta 128gb displayport hdmi ethernet displayport hdmi ethernet 2xpciex1 1xpciex16 3xm.2 4xsata 6gb/s 4xusb 3.2 2xusb 2.0 2xusb-c ps2 rgb";216.48;gigabyte;placa base;1;0;1;0
gb-ac300g;"chasis semitorre ac300g sin fuente soporta atx micro atx mini itx bahias internas 2x3.5' 3x2.5' 1xventilador trasero 120mm 1xventilador frontal 120mm rgb 2xusb3.0 1xusb-c salida audio y microfono iluminacion rgb ventana lateral transparente dimensiones (prxalxan) 469x458x211mm peso 7 kg negro";117.8;gigabyte;chasis;3;0;1;0
gep-0523;"switch 5 puertos rj45 10/100/1000mbps con 4 puertos poe 60w sobremesa";54.43;level one;switch;2;0;1;0
ges-2108;"switch 8 puertos rj45 10/100/1000mbps con 8 puertos sobremesa carcasa metalica";34.97;level one;switch;6;0;1;0
geu-0523;"switch 5 puertos rj45 10/100/1000mbps carcasa metalica sobremesa";13.5;level one;switch;1;0;1;0
geu-0821;"switch 8 puertos rj45 10/100/1000mbps sobremesa";16.5;level one;switch;5;0;1;0
geu-0822;"switch 8 puertos rj45 10/100/1000mbps sobremesa o pared";21.25;level one;switch;9;0;1;0
geu-1621;"switch 16 puertos rj45 10/100/1000mbps rack 19 pulgadas";75.37;level one;switch;3;0;1;0
geu-2431;"switch 24 puertos rj45 10/100/1000mbps duplex completo/semiduplex, negociacion automatica, mdi/mdix automatico sobremesa y rack";68.39;level one;switch;22;0;1;0
ggftc;"servidor poweredge t160 intel xeon e-2414 quad core 2.6ghz memoria ram 16gb ddr5 5600 sdram memoria maxima 128gb 1x2tb hdd  3.5" 7200 rpm compatibilidad con raid perc h355  formato torre gris fuente de alimentacion 300w tres años de garantia dell.";1081.3;dell;servidor n;2;0;1;0
gh24nsd5.araa10b;"regrabadora dvd interna sata 24x super multi gh24nsd5.araa10b negro";24.54;lg;regrabador;12;0;1;1
gingerblue;"maletin para portatil hasta 15.6' ginger material de nylon interior con dos compartimentos dispone de un bolsillo exterior con cremallera banda para enganchar a un trolley azul";12.49;ngs;maletin;3;0;1;0
gingerred;"maletin para portatil hasta 15.6' ginger material de nylon interior con dos compartimentos dispone de un bolsillo exterior con cremallera banda para enganchar a un trolley rojo";8.22;ngs;maletin;2;0;1;0
gingertrainers;"maletin para portatil hasta 15.6' ginger material de nylon interior con dos compartimentos dispone de un bolsillo exterior con cremallera banda para enganchar a un trolley estampado zapatillas multicolor";11.75;ngs;maletin;6;0;1;0
go-sw-16g;"switch 16 puertos rj45 10/100/1000mbps sobremesa";49.37;d-link;switch;3;0;1;0
go-sw-24g;"switch 24 puertos rj45 10/100/1000mbps sobremesa";66.12;d-link;switch;4;0;1;0
go-sw-5e;"switch 5 puertos rj45 10/100mbps sobremesa";5.54;d-link;switch;3;0;1;0
go-sw-5g;"switch 5 puertos rj45 10/100/1000mbps sobremesa";11.73;d-link;switch;10;0;1;0
go-sw-8e;"switch 8 puertos rj45 10/100mbps sobremesa";6.88;d-link;switch;2;0;1;0
go-sw-8g;"switch 8 puertos rj45 10/100/1000mbps sobremesa";17.36;d-link;switch;7;0;1;0
gp.bag11.02j;"maletin para portatil hasta 15.6' gris urban sleeve con asas bolsillo exterior ";13.15;acer;maletin;15;0;0.25;0
gp.bag11.034;"mochila zaino 15 basic informal para portatil hasta 15.6' gris";13.19;acer;mochila;8;0;0.25;0
gpa-14;"accesorio camara deportiva brazo separador para montaje de camara permite acoplamiento en casco ventilado";16.93;gopole;soporte;3;0;50;0
gra04914130;"carpeta con elastico formato 1/8 azul";0.68;grafoplas;papeleria;6;0;1;0
gv-n406tgaming oc-8gd;"tarjeta grafica geforce rtx4060 ti 3x gaming oc 8gb gddr6 128bit resolucion 7680x4320 2xhdmi 2xdisplayport triple fan cuadruple display ";400.4;gigabyte;vga;1;0;1;0
gv-n5060wf2max oc-8gd;"tarjeta grafica geforce rtx 5060 windforce max oc 8gb gddr7 dual fan reloj 2512 mhz velocidad de memoria 28gps 128-bit resolucion 7680 x 4320 entrada de alimentacion uno de 8 pines salidas displayport 1.4a (x3), hdmi 2.1a multipantalla 4 ";317.9;gigabyte;vga;6;0;1;0
gv-n5070gaming oc-12gd;"tarjeta grafica geforce rtx 5070 gaming oc 12gb gddr7 192 bits pci-e 5.0 2625mhz core clock 3 x displayport 1 x hdmi 2.1b triple fan  windforce rgb halo resolucion máxima 7680 x 4320 6144 nucleos cuda conector de alimentacion 1 x 16 pin (cable incluido) pantallas soportadas cuatro.";668.23;gigabyte;vga;3;0;1;0
h116;"webcam xpress cam 300 video hasta 5mpx resolucion vga microfono integrado usb negro";3.44;ngs;camara web;4;0;1;0
hde01g;"caja externa para disco m.2 ssd sata usb-c 3.1 (no adminte m.2 nvme)";22.05;conceptronic;caja;1;0;1;0
hde02b;"caja externa para disco 2.5' sata usb-c 3.1";16.64;conceptronic;caja;4;0;1;0
hdtb510ek3aa;"disco duro externo 2.5' 1tb canvio basics usb 3.2 negro";68.2;toshiba;disco ext;0;0;1;4
hdtb520ek3aa;"disco duro externo 2.5' 2tb canvio basic usb 3.2 negro";72.26;toshiba;disco ext;12;0;1;4
hdtb540ek3ca;"disco duro externo 2.5' 4tb canvio basic usb 3.2 negro";104.5;toshiba;disco ext;4;0;1;4
hf680-r1-2usb;"lector codigos de barras hf-680 sobremesa vertical lectura automatica 1d y 2d usb negro";131.56;honeywell;scanner cb;6;0;1;0
hll1240w;"impresora laser monocromo hl-l1240w a4 2400x600ppp 20ppm usb 2.0 wifi  bandeja entrada papel 150 hojas wifi direct conexion movil volumen mensual hasta 2.000 paginas peso4.6kg";84.91;brother;impresora;4;0;1;4
hll2400dwe;"impresora laser monocromo hl-l2400dwe a4 1200x1200ppp 30ppm usb 2.0 wifi  impresion duplex bandeja entrada papel 250 hojas wifi direct conexion movil volumen mensual hasta 2.000 paginas peso 7.10kg";88.9;brother;impresora;6;0;1;4
hll2445dw;"impresora laser monocromo hl-l2445dw a4 1200x1200ppp 32ppm usb 2.0 wifi y ethernet impresion duplex bandeja entrada papel 250 hojas wifi direct conexion movil volumen mensual hasta 2.000 paginas peso 7.10kg";112.51;brother;impresora;2;0;1;4
hll2865dw;"impresora laser monocromo hl-l2865dw a4 1200x1200ppp 34ppm usb 2.0 wifi y ethernet impresion duplex bandeja entrada papel 250 hojas wifi direct conexion movil volumen mensual hasta 2.500 paginas peso 7.10kg";135.92;brother;impresora;6;0;1;4
hll3220cwe;"impresora laser led color hl-l3220cwe a4 600x600ppp 18ppm usb 2.0 wifi bandeja entrada 250 hojas wifi direct conexion movil y cloud volumen mensual hasta 3.000 paginas peso 14.70kg";183.81;brother;impresora;3;0;1;4
hll3240cdw;"impresora laser led color hl-l3240cdw a4 600x600ppp 16ppm usb 2.0 wifi y ethernet impresion duplex bandeja entrada 250 hojas wifi direct conexion movil y cloud volumen mensual hasta 3.000 paginas peso 15.20kg";210.09;brother;impresora;4;0;1;4
hll5210dn;"impresora laser monocromo hl-l5210dn a4 1200x1200ppp 48ppm usb 2.0 ethernet  conexion movil impresion duplex bandeja entrada papel 250 hojas volumen mensual hasta 5.000 paginas peso 11.2 kg";215.67;brother;imp profes;2;0;1;0
hll5210dw;"impresora laser monocromo hl-l5210dw a4 1200x1200ppp 48ppm usb 2.0 wifi ethernet conexion movil impresion duplex bandeja entrada papel 250 hojas volumen mensual hasta 5.000 paginas peso 11.2 kg";228.96;brother;imp profes;2;0;1;0
hll6210dw;"impresora laser monocromo hl-l6210dw a4 1200x1200ppp 50pmm usb 2.0 wifi ethernet wifi direct nfc conexion movil impresion duplex bandeja entrada papel 520 hojas volumen mensual hasta 8.000 paginas peso 12.7 kg";305.46;brother;imp profes;1;0;1;0
hll6410dn;"impresora laser monocromo hl-l6410dn a4 1200x1200ppp 50ppm usb 2.0 ethernet (wifi opcional con nc9110w) nfc conexion movil impresion duplex bandeja entrada papel 520 hojas volumen mensual hasta 16.000 paginas peso 13.5 kg";508.8;brother;imp profes;1;0;1;0
hll8230cdw;"impresora laser led color hl-l8230cdw a4 600x600ppp 30ppm usb 2.0 wifi impresion duplex wifi direct conexion movil bandeja entrada papel 250 hojas volumen mensual hasta 4.000 paginas peso 16.70kg";247.61;brother;impresora;1;0;1;4
hll8240cdw;"impresora laser led color hl-l8240cdw a4 600x600ppp 30ppm usb 2.0 wifi y ethernet impresion duplex wifi direct conexon movil lector nfc bandeja entrada papel 250 hojas volumen mensual hasta 4000 peso 16.80kg";257.45;brother;impresora;1;0;1;4
hll8360cdw;"impresora laser color hl-l8360cdw a4 2400x600ppp 31ppm usb 2.0 wifi ethernet impresion duplex bandeja entrada papel 250 hojas wifi direct nfc memoria 512mb opcional 3x bandeja papel 250 hojas, 2x bandeja papel 500 hojas volumen mensual hasta 2.000 paginas peso 26 kg";345.08;brother;impresora;2;0;1;4
hll8430cdw;"impresora laser led color hl-l8430cdw a4 600x600ppp 33ppm usb 2.0 wifi y ethernet wifi direct conexon movil lmpresion duplex bandeja entrada papel 250 hojas volumen mensual hasta 5000 peso 21kg";334.96;brother;impresora;1;0;1;4
hll8570cdw;"impresora laser led color hl-l8570cdw a4 600x600ppp 33ppm usb 2.0 wifi y ethernet impresion duplex wifi direct conexon movil bandeja entrada papel 300 hojas volumen mensual hasta 7500 peso 21kg";421.88;brother;impresora;0;0;1;4
hll9310cdw;"impresora laser color hl-l9310cdw a4 2400x600ppp 31ppm usb 2.0 wifi ethernet impresion duplex wifi direct nfc volumen mensual hasta 2.000 paginas peso 27 kg";415.52;brother;impresora;0;0;1;4
hp.dscab.009;"docking station usb-c a 2xhdmi 2xusb-a 3.2 2xusb-a 2.0 usb-c lan gbe lector de tarjeta sd tf/micro sd audio windows, mac os, chrome os";47.85;acer;docking;3;0;0.25;0
ht-ce285a(u);"toner compatible ce285a / ce278a / cb435a / cb436a negro";5.75;mcc;toner;3;10;1;0
hubbies02b;"usb hub desde usb 3.0 con cuatro puertos usb 3.0 negro";14.03;conceptronic;hub;12;0;1;0
hubbies10b;"usb hub desde usb 3.0 con tres puertos usb 2.0 + un puerto usb 3.0 con cable de 90cm negro";9.86;conceptronic;hub;4;0;1;0
hubbies12b;"usb hub desde usb-c con dos puertos usb 3.0 + dos puertos usb-c carcasa de aluminio para disipacin de calor";14.39;conceptronic;hub;3;0;1;0
hubbies16g;"usb hub desde usb-c con cuatro puertos usb-c 10gbps  100w  caja de aluminio";23.09;conceptronic;hub;4;0;1;0
ihub4tiny;"usb hub desde usb 2.0 con cuatro puertos usb 2.0 velocidad hasta 480mbps color negro";4.93;ngs;hub;6;0;1;0
inc016vfbk;"cargador para portatil universal 100w gan usb-c 2.5m";22.45;belkin;cargador;1;0;1;0
ircam363;"camara videovigilancia exterior tubular fija 2.8-12mm 36 leds de iluminacion ir carcasa antivandalico color blanco conexion rca + fuente de alimentacion";71.14;camtronics;camara vid;2;0;1;0
is-300un;"lector codigos de barras laser lectura automatica o pulsador 1d y 2d con soporte usb negro";36.93;10pos;scanner cb;3;0;1;0
is-300wn;"lector codigos de barras laser lectura automatica o pulsador 1d y 2d radiofrecuencia con receptor usb y soporte negro";46.2;10pos;scanner cb;3;0;1;0
j7988g;"servidor de impresion jetdirect en1700 usb 2.0";258.81;hp;printserve;1;0;1;0
j8h61a;"impresora laser monocromo pro m501dn a4 4800x600ppp usb 2.0 ethernet impresion 43ppm impresion duplex bandeja entrada papel 550 hojas volumen mensual hasta 6.000 paginas eprint peso 11.4 kg";282.3;hp;impre prof;1;0;1;0
jblcharge6pur;"altavoces 1.0 charge 6 bluetooth 45w bateria  autonomia de hasta 24 horas de reproduccion por 4 horas con playtime boost (dependiendo del volumen y del contenido de audio) resistente al agua , polvo y las caidas, carga rapida color purpura";129.91;jbl;altavoz;1;0;1;0
jblflip5wht;"altavoces 1.0 flip 5 20w rms bluetooth blanco";79.76;jbl;altavoz;1;0;1;0
jblflip7blk;"altavoces 1.0 flip 7 bluetooth 35w bateria  autonomia de 16 horas resistente al agua conexion de varios altavoces con auracast color negro";97.13;jbl;altavoz;2;0;1;0
jblflip7wht;"altavoces 1.0 flip 7 bluetooth 35w bateria  autonomia de 16 horas resistente al agua conexion de varios altavoces con auracast color blanco";97.02;jbl;altavoz;1;0;1;0
jblgo4bk;"altavoces 1.0 go 4 bluetooth 4.2w bateria 500mah autonomia de 7 horas resistente al agua negro";34.1;jbl;altavoz;1;0;1;0
jblgo4camo;"altavoces 1.0 go 4 bluetooth 4.2w bateria 500mah autonomia de 7 horas resistente al agua camuflaje";34.1;jbl;altavoz;0;0;1;0
jblgo4rd;"altavoces 1.0 go 4 bluetooth 4.2w bateria 500mah autonomia de 7 horas resistente al agua rojo";34.1;jbl;altavoz;1;0;1;0
jblgo4wh;"altavoces 1.0 go 4 bluetooth 4.2w bateria 500mah autonomia de 7 horas resistente al agua blanco";33;jbl;altavoz;1;0;1;0
jbljr310red;"auriculares de diadema infantiles jr310 con microfono mini jack 3.5mm longitud del cable 1m rojo y azul";18.7;jbl;auricular;5;0;1;0
jblquantum100wht;"auriculares de diadema quantum 100 gaming con microfono desmontable mini jack 3.5mm longitud del cable 1.2m blanco";32.36;jbl;auricular;2;0;1;0
jblquantum200bl;"auriculares de diadema quantum 200 gaming con microfono con funcion on/off mini jack 3.5mm negro";40.62;jbl;auricular;1;0;1;0
jblsndgearsnswht;"auriculares intrauditivo soundgear sense con cuatro microfonos y estuche de carga bluetooth color blanco";77.08;jbl;auricular;2;0;1;0
jblt110blu;"auriculares intrauditivo tune t110 con control remoto con microfono cable plano sin enredos mini jack 3.5mm azul";5.95;jbl;auricular;0;0;1;0
jblt110red;"auriculares intrauditivo tune t110 con control remoto con microfono cable plano sin enredos mini jack 3.5mm rojo";6.83;jbl;auricular;0;0;1;0
jblt110wht;"auriculares intrauditivo tune t110 con control remoto con microfono cable plano sin enredos mini jack 3.5mm blanco";6.27;jbl;auricular;6;0;1;0
jblt160blu;"auriculares intrauditivo tune t160 con microfono integrado 20hz a 20khz mini jack 3.5mm sonido pure bass azul";11.59;jbl;auricular;7;0;1;0
jblt500btblk;"auriculares de diadema tune 500bt con microfono bateria 300mah hasta 16 horas autonomia bluetooth negro";28.62;jbl;auricular;3;0;1;0
jblt500wht;"auriculares de diadema tune 500 con control de volumen y con microfono mini jack 3.5mm blanco";17.81;jbl;auricular;5;0;1;0
jblt510btblk;"auriculares de diadema live 510bt con microfono bateria 450mah hasta 40 horas autonomia bluetooth negro";29.1;jbl;auricular;-1;0;1;0
jblt510btblu;"auriculares de diadema tune 510bt con microfono bateria 450mah hasta 40 horas autonomia bluetooth azul";29.82;jbl;auricular;1;0;1;0
jblt510btwht;"auriculares de diadema tune 510bt con microfono bateria 450mah hasta 40 horas autonomia bluetooth blanco";30.8;jbl;auricular;2;0;1;0
jblt570btblk;"auriculares de diadema tune 570bt con microfono bateria hasta 40 horas autonomia bluetooth negro";30.51;jbl;auricular;4;0;1;0
jblt720btblk;"auriculares de diadema tune 720bt con microfono hasta 76 horas autonomia bluetooth negro";40.74;jbl;auricular;1;0;1;0
jblt720btblu;"auriculares de diadema tune 720bt con microfono hasta 76 horas autonomia bluetooth azul";47.22;jbl;auricular;4;0;1;0
jblw200twsblk;"auriculares intrauditivo wave 200tws autonomia 5 horas con microfono y estuche de carga 15 horas bluetooth 5.0 negro";30.75;jbl;auricular;4;0;1;0
jblw200twswht;"auriculares intrauditivo wave 200tws autonomia 5 horas con microfono y estuche de carga 15 horas bluetooth 5.0 blanco";33.35;jbl;auricular;4;0;1;0
k60390ww;"maletin eq sostenible para portatil hasta 16" 52% de poliester reciclado y acabado resistente y ligero compartimento acolchado para proteger el portatil, junto con compartimento frontal y varios bolsillos, correas acolchadas para cuello y hombros y una correa para carro permite fijarla facilmente a equipaje con ruedas color negra.";23.5;kensington;maletin;4;0;1;0
k60391ww;"mochila eq sostenible para portatil hasta 14"  42% de poliester reciclado y acabado resistente y ligero compartimento acolchado para proteger el portatil, junto con compartimento frontal para perfericos y dos bolsillos laterales, correas acolchadas para cuello y hombros y tejido de malla acolchado para mas comodidad para la espalda color negra.";20.57;kensington;mochila;5;0;1;0
k60392ww;"mochila eq sostenible para portatil hasta 16"  42% de poliester reciclado y acabado resistente y ligero compartimento acolchado para proteger el portatil, junto con compartimento frontal para perfericos y dos bolsillos laterales, correas acolchadas para cuello y hombros y tejido de malla acolchado para mas comodidad para la espalda color negra.";25.69;kensington;mochila;4;0;1;0
k60394ww;"funda eq sostenible para portatil hasta 14"  58% de poliester reciclado, acabado resistente y ligero con compartimentos color negro.";10.41;kensington;funda;5;0;1;0
k60395ww;"funda eq sostenible para portatil hasta 16"  de poliester reciclado, acabado resistente y ligero cuatro compartimentos color negro.";11.64;kensington;funda;5;0;1;0
k70992ww;"raton trackball inalambrico orbito con anillo de desplazamiento bluetooth color negro ";59.75;kensington;raton;0;0;1;0
k72196ww;"raton trackball pro fit ergo tb550 inalambrico con receptor usb y bluetooth bateria recargable a traves de puerto usb-c hasta cuatro meses con una sola carga";40.33;kensington;raton;1;0;1;0
k72425eu;"presentador inalambrico expert 2.4ghz receptor usb puntero laser rojo  y control de cursor joystick de control de cursor boton retroiluminado almacenamiento interno alcance hasta 45 metros negro";35.33;kensington;puntero;3;0;1;0
k75304ww;"raton recargable con una duracion de hasta cuatro meses my230 eq multidispositivo bluetooth 5.4 y receptor usb tres botones silenciosos ideal para manos pequeñas y medianas color negro";25.42;kensington;raton;3;0;1;0
k75491es;"teclado recargable pro fit ergo kb675 eq tkl adminte hasta tres dispositivos dos a traves de bluetooth 5.4 y uno aa traves de receptor usb de 2.4 ghz teclas programables y carga por usb-c y un cable para una productividad ininterrumpida";44.48;kensington;teclado;2;0;1;0
k75507eu;"raton recargable con una duracion de hasta cuatro meses my430 eq multidispositivo bluetooth 5.4 y receptor usb incluye cable de carga usb-c seis botones silenciosos cinco de ellos programables sensor optico de alta definicion 1000/1600/2400 dpi ideal para manos pequeñas y medianas color negro";25.42;kensington;raton;1;0;1;0
k75560es;"teclado y raton normal recargable km270 eq bluetooth 5.4 y receptor usb 2.4 ghz hasta tres meses con una sola carga  tecla copilot dedicada  a prueba de derrames de liquidos raton ambidiestro con tres botones silenciosos";37.64;kensington;teclado;8;0;1;0
k75562es;"teclado y raton normal km150 eq receptor usb 2.4 ghz  a prueba de derrames de liquidos raton ambidiestro con tres botones silenciosos";23.95;kensington;teclado;10;0;1;0
k97464ww;"auriculares de diadema con microfono eq sostenible estereo usb-c";27.94;kensington;auricular;5;0;1;0
kazumi;"chasis semitorre kazumi soporta atx micro atx mini itx sin fuente bahias externas 1x5.25' bahias internas 3x3.5' 2x2.5' 2x5.25' 1xventilador trasero 120mm led rojo 2xventilador frontal 120mm led rojo 1xventilador superior 120mm led rojo 1xusb 2.0 1xusb 3.0 salida audio y microfono ventana lateral transparente de metacrilato dimensiones (prxalxan) 420x460x200mm peso 5 kg negro";33.77;l-link;chasis;8;0;1;0
kceh0;"soporte de smartphone para coche color gris";3.99;vention;soporte;1;0;1;0
kctb0;"soporte de smartphone para coche color negro";2.41;vention;soporte;1;0;1;0
kdcr20255;"pila boton litio cr2025 3v pack 5 unidades";1.42;kodak;pila;11;0;1;0
kdcr20325;"pila boton litio cr2032 3v pack 5 unidades";1.45;kodak;pila;63;0;1;0
kdmxlr3p4b;"pila alcalinas lr03 1.5v aaa pack 4 unidades";0.86;kodak;pila;23;0;1;0
kdmxlr6p4b;"pila alcalinas lr6 1.5v aa pack 4 unidades";0.86;kodak;pila;24;0;1;0
kf432c16bb/16;"memoria ram ddr4 3200mhz pc4-25600 16gb 288-pin dimm hyperx fury black beast";131.64;kingston;memoria;9;0;1;0
kf432c16bb/32;"memoria ram ddr4 3200mhz pc4-25600 32gb 288-pin dimm cl16 hyperx fury black beast";231.84;kingston;memoria;2;0;1;0
kf432c16bb/8;"memoria ram ddr4 3200mhz pc4-25600 8gb 288-pin dimm hyperx fury black beast";64.9;kingston;memoria;12;0;1;0
kf432c16bb1/16;"memoria ram ddr4 3200mhz pc4-25600 16gb 288-pin dimm hyperx fury black beast";123.25;kingston;memoria;7;0;1;0
kf432c16bb2a/16;"memoria ram ddr4 3200mhz pc4-25600 16gb 288-pin dimm fury beast rgb";129.39;kingston;memoria;6;0;1;0
kf432c16bb2a/8;"memoria ram ddr4 3200mhz pc4-25600 8gb 288-pin dimm cl16 fury beast rgb";71.21;kingston;memoria;5;0;1;0
kf436c18bb/16;"memoria ram ddr4 3600mhz pc4-28800 16gb 288-pin dimm fury beast";156.8;kingston;memoria;5;0;1;0
kf436c18bb2a/16;"memoria ram ddr4 3600mhz pc4-28800 16gb 288-pin cl18 dimm fury beast rgb";149.6;kingston;memoria;5;0;1;0
kf552c40bb-32;"memoria ram ddr5 5200mhz pc5-41600 32gb 288-pin dimm fury beast";370.41;kingston;memoria;2;0;1;0
kf556c40bb-16;"memoria ram ddr5 5600mhz pc5-44800 16gb 288-pin dimm fury beast black";187;kingston;memoria;11;0;1;0
kf556c40bba-16;"memoria ram ddr5 5600mhz pc5-44800 16gb 288-pin dimm fury beast rgb";188.19;kingston;memoria;6;0;1;0
kf560c30bbe-32;"memoria ram ddr5 6000mhz 32gb dimm fury beast  black expo cl30 1.4v";423.49;kingston;memoria;2;0;1;0
kf560c36bbe-32;"memoria ram ddr5 6000mhz 32gb dimm fury beast  cl36 1.1v";422.4;kingston;memoria;2;0;1;0
kl1041s5afs-es;"antivirus standard 1 dispositivo 1 año";11;kaspersky;antivirus;0;0;1;0
kl1041s5efs;"antivirus standard 5 dispositivos 1 año";22.51;kaspersky;antivirus;8;0;1;0
kl1042s5cfs;"antivirus plus 3 dispositivos 1 año";19.25;kaspersky;antivirus;2;0;1;0
kl1042s5efs;"antivirus plus 5 dispositivos 1 año";23.14;kaspersky;antivirus;9;0;1;0
kluster;"chasis semitorre kluster con fuente 500w soporta atx micro atx mini itx bahia externa 1x5.25' bahias internas 2x3.5' 2x2.5' 2xusb 2.0 1xusb 3.0 salida audio y microfono dimensiones (prxalxan) 410x410x180mm peso 5 kg negro";29.12;l-link;chasis;7;0;1;0
kt-tk5205yl;"toner compatible tk5205 amarillo (remplaza a 1t02r5anl0/tk5205y)";26.3;mcc;toner;0;0;1;0
kvm-0223;"conmutador automatico 2 pcs vga usb con audio y cables incluidos.";39.6;level one;kvm;13;0;1;0
kvm-0422;"conmutador kvm-0422 4 pcs vga automatico usb con cables incluidos";61.05;level one;kvm;3;0;1;0
kvr32n22d8/32;"memoria ram ddr4 3200mhz pc4-25600 32gb 288-pin dimm";183.7;kingston;memoria;1;0;1;0
kvr32n22s8/8;"memoria ram ddr4 3200mhz pc4-25600 8gb 288-pin dimm value";70.12;kingston;memoria;9;0;1;0
kvr56u46bs8-16;"memoria ram ddr5 5600mhz pc5-44800 16gb 288-pin dimm";184.49;kingston;memoria;4;0;1;0
kvx-g000067;"pc gaming phobos 16 intel core i5 10400f (10a generacion) 2.90ghz hasta 4.3ghz memoria ram 16gb ddr4 512gb ssd m.2 + 1tb hdd grafica 6gb gddr6 nvidia geforce gtx 1660 ethernet gigabit 4xusb 2.0 2xusb 3.2 hdmi dvi-d puerto ps2 sin sistema operativo negro dimensiones 335x190x428mm negro";708.28;kvx;pc;1;0;1;5.33
kw9-000656;"windows 11 home 64bit oem 1pk sistema operativo";99.38;microsoft;windows11;9;0;1;0
kz-200;"buzzer zumbador para impresoras de tickets - compatible con todas las marcas";12.15;posiflex;componente;5;0;1;0
l0558ae;"tinta 953 negro 1.000 paginas aproximadamente";31.31;hp;tinta;0;0;1;0
l0570ae;"tinta 953xl negro 2.000 paginas aproximadamente";50.13;hp;tinta;14;0;1;0
l50m7-q2eu;"televisor 50' q2 l50m7 qled 4k ultra hd resolucion 3840x2160 smart tv google tv sintonizadores dvb-s2 dvb-s2 dvb-t2 3xhdmi ethernet wifi bluetooth 5.0 2xusb 2.0 dolby + dts control inteligente por voz soporte vesa 200x200mm peso 10.3kg";382.4;xiaomi;televisor;1;0;1;0
lb-170a;"cajon portamonedas fliptop 8 compartimientos de monedas y 7 de billetes apertura vertical conexion rj12 para impresoras de ticket + microsiwtch cerradura de tres posiciones dimensiones 460x170x100mm negro";40.7;mustek;cajon;8;0;1;0
lb-405b1;"cajon portamonedas 8 compartimentos de monedas y 4 de billetes ranura para cheques/recibos apertura horizontal conexion rj12 y llave dimensiones 420x405x100mm negro";27.5;10pos;cajon;10;0;1;0
lb-410a;"cajon portamonedas cp-410n 8 compartimientos de monedas y 4 de billetes apertura horizontal rj12 para impresoras de ticket + microswitch cerradura de tres posiciones410x415x100mm negro";40.25;mustek;cajon;6;0;1;0
lc121valbp;"tinta lc121val pack 4 cartuchos (bk/m/y/c)";34.89;brother;tinta;0;0;1;0
lc1220valbp;"tinta lc1220val pack 4 cartuchos (bk/m/y/c)";38.06;brother;tinta;4;0;1;0
lc123bkbp;"tinta lc123bk negro 600 paginas segun iso/iec 24711";18.27;brother;tinta;0;0;1;0
lc123valbp;"tinta lc123val pack 4 cartuchos (bk/m/y/c)";52.49;brother;tinta;6;0;1;0
lc1240bkbp;"tinta lc1240bk negro 600 paginas segun iso/iec 24711";18.8;brother;tinta;0;0;1;0
lc1240cbp;"tinta lc1240c cian 600 paginas segun iso/iec 24711";12.03;brother;tinta;1;0;1;0
lc1240mbp;"tinta lc1240m magenta 600 paginas segun iso/iec 24711";12.03;brother;tinta;0;0;1;0
lc1240valbp;"tinta lc1240val pack 4 cartuchos (bk/m/y/c)";53.87;brother;tinta;3;0;1;0
lc1240ybp;"tinta lc1240y amarillo 600 paginas segun iso/iec 24711";12.03;brother;tinta;0;0;1;0
lc125xlcbp;"tinta lc125xlc cian 1.200 paginas segun iso/iec 24711";16.1;brother;tinta;0;0;1;0
lc125xlybp;"tinta lc125xly amarillo 1.200 paginas segun iso/iec 24711";16.1;brother;tinta;0;0;1;0
lc221valbp;"tinta lc221val pack 4 cartuchos (bk/m/y/c)";33.86;brother;tinta;0;0;1;0
lc223bk;"tinta lc223bk negro 550 paginas segun iso/iec 24711";16.89;brother;tinta;9;0;1;0
lc223c;"tinta lc223c cian 550 paginas segun iso/iec 24711";11;brother;tinta;3;0;1;0
lc223m;"tinta lc223m magenta 550 paginas segun iso/iec 24711";11.02;brother;tinta;6;0;1;0
lc223valbp;"tinta lc223val pack 4 cartuchos (bk/m/y/c)";48.91;brother;tinta;7;0;1;0
lc223y;"tinta lc223y amarillo 550 paginas segun iso/iec 24711";10.65;brother;tinta;7;0;1;0
lc225xlmbp;"tinta lc225xlm magenta 1.200 paginas segun iso/iec 24711";14.63;brother;tinta;1;0;1;0
lc227xlbkbp;"tinta lc227xlbk negro 1.200 paginas segun iso/iec 24711";23.78;brother;tinta;0;0;1;0
lc229xlvalbp;"tinta lc229xlval pack 4 cartuchos (bk/m/y/c)";66.94;brother;tinta;0;0;1;0
lc3211val;"tinta lc3211val pack 4 cartuchos (bk/m/y/c)";27.32;brother;tinta;6;0;1;0
lc3211y;"tinta lc3211y amarillo 200 paginas segun iso/iec 24711";6.04;brother;tinta;0;0;1;0
lc3213bk;"tinta lc3213bk negro 400 paginas segun iso/iec 24711";13.11;brother;tinta;0;0;1;0
lc3213c;"tinta lc3213c cian 400 paginas segun iso/iec 24711";9.73;brother;tinta;8;0;1;0
lc3213val;"tinta lc3213val pack 4 cartuchos (bk/m/y/c)";41.07;brother;tinta;5;0;1;0
lc3213y;"tinta lc3213y amarillo 400 paginas segun iso/iec 24711";9.73;brother;tinta;5;0;1;0
lc3217bk;"tinta lc3217bk negro 550 paginas segun iso/iec 24711";14.79;brother;tinta;4;0;1;0
lc3217c;"tinta lc3217c cian 550 paginas segun iso/iec 24711";10.75;brother;tinta;7;0;1;0
lc3217m;"tinta lc3217m magenta 550 paginas segun iso/iec 24711";10.75;brother;tinta;6;0;1;0
lc3217y;"tinta lc3217y amarillo 550 paginas segun iso/iec 24711";10.75;brother;tinta;7;0;1;0
lc3219xlbk;"tinta lc3219xlbk negro 3.000 paginas segun iso/iec 24711";28.89;brother;tinta;12;0;1;0
lc3219xlc;"tinta lc3219xlc cian 1.500 paginas segun iso/iec 24711";19.14;brother;tinta;4;0;1;0
lc3219xlm;"tinta lc3219xlm magenta 1.500 paginas segun iso/iec 24711";19.14;brother;tinta;4;0;1;0
lc3219xlval;"tinta lc3219xlval pack 4 cartuchos (bk/m/y/c)";83.68;brother;tinta;6;0;1;0
lc3219xly;"tinta lc3219xly amarillo 1.500 paginas segun iso/iec 24711";19.14;brother;tinta;6;0;1;0
lc3237c;"tinta lc3237c cian 1500 paginas";19.5;brother;tinta;0;0;1;0
lc3237y;"tinta lc3237y amarillo 1500 paginas";19.5;brother;tinta;2;0;1;0
lc34g55twwpxen;"monitor gaming ultrapanoramico curvo 34' odyssey g5 3440x1440 165hz va 1ms 250cd/m2 2500:1 21:09 hdmi 1xdisplayport salida mini jack 3.5mm angulo vision h:178-v178 freesync premium soporte vesa 75x75 5,6kg color negro";235.27;samsung;monitor;0;0;1;0
lc421val;"tinta lc421val pack 4 cartuchos (bk/m/y/c)";27.56;brother;tinta;5;0;1;0
lc421xlbk;"tinta lc421xlbk negro 500 paginas segun iso/iec 24711";16.13;brother;tinta;8;0;1;0
lc421xlval;"tinta lc421xlval pack 4 cartuchos (bk/m/y/c)";52.84;brother;tinta;6;0;1;0
lc421y;"tinta lc421y amarillo 200 paginas segun iso/iec 24711";6.06;brother;tinta;0;0;1;0
lc422xlbk;"tinta lc422xlbk negra 3000 paginas";32.24;brother;tinta;6;0;1;0
lc422xlval;"tinta lc422xlval pack 4 cartuchos (bk/m/y/c)";95.56;brother;tinta;4;0;1;0
lc424bk;"tinta lc424bk negro 750 paginas segun iso/iec 24711";16.78;brother;tinta;1;0;1;0
lc424c;"tinta lc424c cian 750 paginas segun iso/iec 24711";11.42;brother;tinta;0;0;1;0
lc424m;"tinta lc424m magenta 750 paginas segun iso/iec 24711";11.42;brother;tinta;0;0;1;0
lc424val;"tinta lc424val pack 4 cartuchos (bk/m/y/c)";49.23;brother;tinta;8;0;1;0
lc424y;"tinta lc424y amarilla 750 paginas segun iso/iec 24711";11.42;brother;tinta;2;0;1;0
lc426bk;"tinta lc426bk negro 3000 paginas segun iso/iec 24711";20.18;brother;tinta;7;0;1;0
lc426c;"tinta lc426c cian 1500 paginas segun iso/iec 24711";15.48;brother;tinta;3;0;1;0
lc426m;"tinta lc426m magenta 1500 paginas segun iso/iec 24711";15.49;brother;tinta;3;0;1;0
lc426xlbk;"tinta lc426xlbk negro 6000 paginas segun iso/iec 24711";36.97;brother;tinta;6;0;1;0
lc426xlc;"tinta lc426xlc cian 5000 paginas segun iso/iec 24711";40.3;brother;tinta;4;0;1;0
lc426xlm;"tinta lc426xlm magenta 5000 paginas segun iso/iec 24711";40.3;brother;tinta;3;0;1;0
lc426xly;"tinta lc426xly amarilla 5000 paginas segun iso/iec 24711";40.3;brother;tinta;10;0;1;0
lc426y;"tinta lc426y amarilla 1500 paginas segun iso/iec 24711";15.48;brother;tinta;4;0;1;0
lc427xlbk;"tinta lc-427xlbk negro 6.000 paginas segun iso/iec 24711";60;brother;tinta;3;0;1;0
lc521bk;"tinta lc521bk negro hasta 500 paginas segun iso/iec 24711";15.6;brother;tinta;2;0;1;0
lc521c;"tinta lc521c cian hasta 500 paginas segun iso/iec 24711";11.44;brother;tinta;3;0;1;0
lc521m;"tinta lc521m magenta hasta 500 paginas segun iso/iec 24711";11.44;brother;tinta;3;0;1;0
lc521val;"tinta lc521val pack de 4 cartuchos de tinta (bk/c/m/y) hasta 500 paginas segun iso/iec 24711";45.5;brother;tinta;7;0;1;0
lc521y;"tinta lc521y amarilla hasta 500 paginas segun iso/iec 24711";11.44;brother;tinta;3;0;1;0
lc527bk;"tinta lc527bk negro hasta 1300 paginas segun iso/iec 24711";22.31;brother;tinta;4;0;1;0
lc527c;"tinta lc527c cian hasta 900 paginas segun iso/iec 24711";16.64;brother;tinta;6;0;1;0
lc527m;"tinta lc527m magenta hasta 900 paginas segun iso/iec 24711";16.64;brother;tinta;7;0;1;0
lc527val;"tinta lc527val pack de 4 cartuchos de tinta (bk/c/m/y) hasta 1300 paginas en negro y 900 paginas en color segun iso/iec 24711";65.62;brother;tinta;2;0;1;0
lc527xlbk;"tinta lc527xlbk negro hasta 3000 paginas segun iso/iec 24711";43.34;brother;tinta;5;0;1;0
lc527xlc;"tinta lc527xlc cian hasta 2000 paginas segun iso/iec 24711";27.09;brother;tinta;4;0;1;0
lc527xlm;"tinta lc527xlm magenta hasta 2000 paginas segun iso/iec 24711";27.08;brother;tinta;6;0;1;0
lc527xly;"tinta lc527xly amarilla hasta 2000 paginas segun iso/iec 24711";27.09;brother;tinta;5;0;1;0
lc527y;"tinta lc527y amarilla hasta 900 paginas segun iso/iec 24711";16.64;brother;tinta;6;0;1;0
lc980bk;"tinta lc980bk negro 300 paginas segun iso/iec 24711";14.22;brother;tinta;0;0;1;0
lc980c;"tinta lc980c cian 260 paginas segun iso/iec 24711";7.77;brother;tinta;0;0;1;0
lc980valbp;"tinta lc980val pack 4 cartuchos (bk/m/y/c)";33.87;brother;tinta;7;0;1;0
lc980y;"tinta lc980y amarillo 260 paginas segun iso/iec 24711";7.47;brother;tinta;0;0;1;0
lc985bkbp;"tinta lc985bk negro 300 paginas segun iso/iec 24711";14.4;brother;tinta;-2;0;1;0
lc985mbp;"tinta lc985m magenta 260 paginas segun iso/iec 24711";7.57;brother;tinta;4;0;1;0
lc985valbp;"tinta lc985val pack 4 cartuchos (bk/m/y/c)";34.04;brother;tinta;5;0;1;0
leonis;"chasis semitorre leonis con fuente 500w soporta atx micro atx mini itx bahias externas 3x5.25' 1x3.5' bahias internas 2x3.5' 2x2.5' 1xusb 2.0 1xusb 3.0 salida audio y microfono dimensiones (prxalxan) 410x410x180mm peso 5 kg color negro";33.29;l-link;chasis;7;0;1;0
ll-1170;"cargador usb dos salidas para coche entrada 12/24v salida 5v/2a tamao mini";2.51;l-link;cargador;4;0;1;0
ll-2080-a;"raton con cable usb optico ambidiestro negro/azul";1.96;l-link;raton;126;0;1;0
ll-2080-n;"raton con cable usb optico ambidiestro negro";1.93;l-link;raton;54;0;1;0
ll-2080-r;"raton con cable usb optico ambidiestro negro/rojo";2.2;l-link;raton;97;0;1;0
ll-2081;"raton con cable usb optico negro";1.65;l-link;raton;51;0;1;0
ll-700-g6;"ups 700va 360w formato regleta con 6 conectores schuko 2xusb de carga line interactive rj45 bateria extraible";46.65;l-link;ups;2;0;1;0
ll-7716;"ups 1600va 900w formato torre con 2 conectores schuko 4xiec 4xusb de carga line interactive display lcd rj45";124.44;l-link;ups;1;0;1;0
ll-7720;"ups 2000va 1200w formato torre con 2 conectores schuko 4xiec 4xusb de carga line interactive display lcd rj45";132.08;l-link;ups;5;0;1;0
ll-9020a;"mochila para portatil hasta 15.6' negra ligera y delgada esta acolchada y reforzada interiormente con compartimentos watreproof posee bolsillo exterior .";8.8;l-link;mochila;23;0;1;0
ll-9246r1;"bandolera para tablet hasta 10' negra ll-9246r1 dispone de bolsillo delantero";11.64;l-link;bandolera;7;0;1;0
ll-9920;"mochila para portatil hasta 15.6' gris ll-9920 ligera y delgada esta acolchada y reforzada interiormente con dos compartimentos watreproof posee bolsillo exterior de gran capacidad combina perfectamente el look business o sport";14.16;l-link;mochila;6;0;1;0
ll-9964;"mochila para portatil hasta 15.6' negra ll-9964  simple clasica y ligera esta reforzada interiormente con un compartimento gris acolchado con espuma waterproof posee bolsillo exterior de gran capacidad look sport";11.87;l-link;mochila;18;0;1;0
ll-am-102;"cargador para iphone 3/4/4s en coche color blanco";2.05;l-link;cargador;3;0;1;0
ll-am-104;"cargador para iphones-tablets 3.5(1.35mm) 2.5(0.7mm) universal";6.59;l-link;cargador;7;0;1;0
ll-am-113;"soporte de telefono para coche universal para smartphone rotacion 360 y sujecion adaptable negro";2.87;l-link;accesorio;12;0;1;0
ll-am-114;"auriculares intrauditivo monoaural con microfono bluetooth negro";9.15;l-link;auricular;5;0;1;0
ll-at-8;"cargador para tablets 5v 2a universal";4.09;l-link;cargador;17;0;1;0
ll-b036-14;"maletin para portatil hasta 14' negro con asa bolsillo exterior repelente al agua y liquidos con opcion de bandolera ";6.6;l-link;maletin;24;0;1;0
ll-b036-15.6;"maletin para portatil hasta 15.6' negro con asa bolsillo exterior repelente al agua y liquidos con opcion de bandolera ";6.6;l-link;maletin;0;0;1;0
ll-ddm;"receptor digital dongle smart tv hdmi wifi dlna airplay";27.09;l-link;accesorio;2;0;1;0
ll-kb-108;"teclado inalambrico con receptor usb con touchpad formato mini negro";26.41;l-link;teclado;4;0;1;0
ll-kb-555-wcomb;"teclado y raton inalambrico con receptor usb 2.4ghz formato compacto negro";8.92;l-link;teclado;23;0;1;0
ll-kb-816-combo;"teclado y raton con cable usb formato compacto negro";4.4;l-link;teclado;28;0;1;0
ll-pciex-usb;"adaptador desde pci express a usb 3.0 hembra 2 puertos + adaptador perfil bajo";10;l-link;tarjeta;6;0;1;0
ll-ps-500;"fuente de alimentacion 500w ventilador 120mm 1xatx 20+4 1x4pin 1xmolex  3xsata";10.91;l-link;fuente;14;0;1;0
ll-ps-650;"fuente de alimentacion 650w ventilador 120mm 1xatx 20+4 1x4pin 2xmolex 4xsata 1xfdd 1xpcie 6+2";22.06;l-link;fuente;14;0;1;0
ll-ps-750-80+;"fuente de alimentacion 750w 80+ ventilador 140mm 1xatx 20+4 1x4+4pin 2xmolex 4xsata 1xfdd 1xpcie 6+2 1xfdd";30.58;l-link;fuente;9;0;1;0
ll-ps-850-80+m out;"fuente de alimentacion 850w 80+ bronze modular ventilador 120mm 1xatx 20+4 1x4+4pin 3xmolex 6xsata 1xpcie 6+2 caja abierta";52.11;l-link;fuente;1;0;25;0
ll-ps-850-80+mo;"fuente de alimentacion 850w 80+ bronze modular ventilador 120mm 1xatx 20+4 1x4+4pin 3xmolex 6xsata 1xpcie 6+2";53.05;l-link;fuente;1;0;1;0
ll-ps-micro-500;"fuente de alimentacion microatx 500w ventilador 80mm 1xatx 20+4 1x4pin 2xsata 2xide 1xfdd dimensiones (alxanxpr) 6.5x125x100mm";12.69;l-link;fuente;12;0;1;0
ll-sp-640;"soporte de monitor/tv para pared de montaje fijo desde 37' hasta 70' distancia desde el monitor/tv a la pared 19,5mm maximo vesa 600x400 hasta 40kg negro";5.79;l-link;soporte;2;0;1;0
llm-8809;"bandolera para portatil hasta 15.6' marron llm-8809 espaciosa y con bolsillos para documentos accesorios y demas objetos de uso cotidiano";11.06;media magic;bandolera;3;0;1;0
lmp-c121;"lampara para proyector vpl-cs3";369.06;epson;lampara;1;0;50;0
lokvm-0421;"conmutador kvm-0421 4 pcs vga automatico usb salida audio con cables incluidos";66.77;level one;kvm;2;0;1;0
lorcan02b;"raton lorcan ergo optico bluetooth 3.0 6 botones ergonomico 800,1200,1600 dpi";9.07;conceptronic;raton;10;0;1;0
lorcan03b;"raton lorcan ergo bluetooth 5.2 6 botones diestro 1600dpi ergonomico vertical negro";14.03;conceptronic;raton;24;0;1;0
lr03-b4 gd mxl;"pila alcalinas lr03 1.5v aaa pack 4 unidades";0.9;maxell;pila;32;0;1;0
lr09-b1 mxl;"pila alcalina lr09 9v (6lr61)";1.1;maxell;pila;43;0;1;0
ls-270un;"lector codigos de barras laser lectura automatica o pulsador 1d con soporte usb negro";19.35;10pos;scanner cb;5;0;1;0
ls1005g;"switch 5 puertos rj45 10/100/1000mbps carcasa de plastico sobremesa";9.24;tp-link;switch;12;0;1;0
ls1008g;"switch 8 puertos rj45 10/100/1000mbps carcasa de escritorio de plastico sobremesa";13.46;tp-link;switch;18;0;1;0
ls24d300gauxen;"monitor 24' 1920x1080 a 100hz full hd ips 5ms 250cd/m2 1000:1 16:9 hdmi vga vesa 100x100 2.4kg incluye cable hdmi negro";74.52;samsung;monitor;3;0;1;0
ls27d406gauxen;"monitor 27' 1920x1080 a 100hz full hd ips 5ms 200cd/m2 1000:1 16:9 2xhdmi displayport 2xusb altavoces 1w regulable en altura y pivotante soporte vesa 100x100mm dimensiones 612.7x538.3x219mm 4kg incluye cable hdmi negro";97.15;samsung;monitor;6;0;1;0
ls27dg300euxen;"monitor 27' odyssey g3 gaming 1920x1080 180hz va 1ms 250cd/m2 3000:1 16:9 hdmi 1xdisplayport salida mini jack 3.5mm angulo vision h:178-v178 amd radeon freesync soporte vesa 100x100 pivotante regulable altura dimensiones 618.2x520.6x234.2mm 4,4kg color negro";122.8;samsung;monitor;4;0;1;0
ls30001u10i1;"lector codigos de barras laser 1d posiflex ls-3000 negro usb + soporte. color negro.";38.05;posiflex;scanner cb;1;0;1;0
ls32cg552euxen;"monitor gaming curvo 32' odyssey 2560x1440 165hz va 1ms 300cd/m2 2500:1 16:09 hdmi 1xdisplayport  angulo vision h:178-v178 freesync premium pro soporte vesa 75x75 5,2kg color negro";173.38;samsung;monitor;3;0;1;0
lt310cl;"bandeja de entrada de papel para 250 hojas. hll8240cdw, mfcl8390cdw";126.14;brother;accesorio;0;0;1;0
lt325cl;"bandeja de entrada de papel para 500 hojas";133.56;brother;accesorio;1;0;1;0
lt5400;"bandeja de entrada de papel para 500 hojas";133.7;brother;accesorio;1;0;1;0
lu0215001;"kit de mantenimiento laser negro (fusor) 230v para mfc-8870dw, mfc-8860dn, mfc-8460n, dcp-8065n, dcp-8060, hl-5240, hl-5250dn, hl-5270dn, hl-5280dw, hl-5250dnt ";126.81;brother;kit;1;0;1;0
lu4104001;"fusor lu4104001 para dcp-9040cn, dcp-9042cdn, dcp-9045cdn, hl-4040cn, hl-4050cdn, hl-4050ctl, hl-4070cdw, mfc-9440cn, mfc-9450cdn,mfc-9840cdw";141.74;brother;fusor;2;0;1;0
lubrilimp-0;"limpiador lubri-limp/0 de contactos de 'residuos cero' con evaporacion total 250ml";6.99;tasovision;componente;8;0;1;0
m15-2;"punto acceso interior mesh wifi 6 eagle pro ax1500 2.4ghz 5ghz amplia senyal hasta 370 metros cuadrados 2 puertos rj45 pack 2 unidades aistente virtual amazon alex y google assistant";89.51;d-link;wifi;2;0;1;0
m15-3;"punto acceso interior mesh wifi 6 eagle pro ax1500 2.4ghz 5ghz amplia senyal hasta 370 metros cuadrados 2 puertos rj45 pack 3 unidades aistente virtual amazon alex y google assistant";106.81;d-link;wifi;2;0;1;0
m280cs2130-2tb-rb;"disco interno ssd pcie 3.0 nvme m.2 2280 2tb velocidad lectura hasta 3500mb/s velocidad escritura hasta 1800mb/s";201.3;pny;ssd int1+;5;0;1;3
m30;"router ax3000 wifi 6 gigabit dual band 2.4ghz hasta 574 mbps y 5ghz hasta 2403 mbps cuatro puertos lan y un puerto wan 10/100/1000 cinco antenas internas cobertura de 260m² ";73.22;d-link;router;1;0;1;0
m7010;"router movil mifi 4g lte 150mbps tarjeta nano sim";33.88;tp-link;router;4;0;1;0
ma6a4zm/a;"funda transparente con magsafe para iphone 16";41.34;apple;funda;0;0;1;0
ma7d4zm/a;"funda transparente con magsafe para iphone 16 plus";41.34;apple;funda;0;0;1;0
ma7e4zm/a;"funda transparente con magsafe para iphone 16 pro ";41.34;apple;funda;0;0;1;0
ma7f4zm/a;"funda transparente con magsafe para iphone 16 pro max";41.34;apple;funda;3;0;1;0
magna;"chasis semitorre magna slim con fuente 500w soporta micro atx mini itx bahias internas 1x3.5' hdd 1x2.5' bahias externas 1x5.25' 1xusb 2.0 1xusb 3.0 salida audio y microfono dimensiones (prxalxan) 410x300x100mm peso 4 kg negro";32.55;l-link;chasis;13;0;1;0
mb2;"mochila para portatil hasta 17.3' negra mb2 con cierre de seguridad conector externo para power bank";30.51;marsgaming;mochila;4;0;1;0
mb600-kgnn-s00;"chasis semitorre masterbox 600 sin fuente soporta atx eatx micro atx mini itx bahias internas 2x3.5' 2x2.5' 3xventilador frontal 140mm + 1 trasero 120mm rgb 2xusb3.2 1xusb-c salida audio y microfono ventana lateral vidrio templado dimensiones (prxalxan) 474x481x230mm negro";81.4;cooler master;chasis;0;0;1;0
mc100w;"chasis semitorre mc100w sin fuente soporta atx micro atx mini atx  bahias internas 2x3.5' 2x2.5' 1xventilador trasero 90mm frgb 1xusb 3.0 1xusb 2.0 salida audio y microfono iluminacion rgb ventana lateral transparente dimensiones (prxalxan) 359x405x165mm peso 2.55 kg blanco";29.81;mars gaming;chasis;5;0;1;0
mc200cm;"convertidor de fibra optica a rj45 1000base-sx a 1000base-t";26.75;tp-link;convertido;4;0;1;0
mc2q4zm/a;"funda smart folio para ipad mini (a17 pro y sexta generacion) color gris carbon";47.86;apple;funda;0;0;1;0
mc2t4zm/a;"funda smart folio para ipad mini (a17 pro y sexta generacion) color violeta claro";47.86;apple;funda;0;0;1;0
mc2u4zm/a;"funda smart folio para ipad mini (a17 pro y sexta generacion) color azul denim";47.86;apple;funda;0;0;1;0
mc2v4zm/a;"funda smart folio para ipad mini (a17 pro y sexta generacion) color verde salvia";47.86;apple;funda;0;0;1;0
mc7d4y/a;"macbook air 15.3' chip m4 con cpu de 10 nucleos 24gb de memoria unificada 512gb ssd grafica m4 gpu de 10 nucleos touch id trackpad force pantalla liquid retina con true tone teclado magic keyboard retroiluminado azul cielo";1443.85;apple;macbook;2;0;1;5.33
mc9c4zm/a;"cable desde usb-c macho a usb-c macho thunderbolt 5 pro longitud 1 metro";58.3;apple;cable;2;0;1;0
mc9f4y/a;"macbook air 15.3' chip m3 con cpu de 8 nucleos 16gb de memoria unificada 256gb ssd grafica m3 gpu de 10 nucleos touch id trackpad force touch pantalla liquid retina teclado magic keyboard  camara facetime hd a 1080p dos puertos thunderbolt/usb 4 adaptador de corriente usb-c de 35w blanco estrella";959;apple;macbook;1;0;1;5.33
mc9h4y/a;"macbook air 15.3' chip m3 con cpu de 8 nucleos 24gb de memoria unificada 512gb ssd grafica m3 gpu de 10 nucleos touch id trackpad force touch pantalla liquid retina teclado magic keyboard  camara facetime hd a 1080p dos puertos thunderbolt/usb 4 adaptador de corriente usb-c de 35w gris espacial";1340;apple;macbook;1;0;1;5.33
mc9l4y/a;"macbook air 15.3' chip m3 con cpu de 8 nucleos 24gb de memoria unificada 512gb ssd grafica m3 gpu de 10 nucleos touch id trackpad force touch pantalla liquid retina teclado magic keyboard  camara facetime hd a 1080p dos puertos thunderbolt/usb 4 adaptador de corriente usb-c de 35w medianoche";1340;apple;macbook;1;0;1;5.33
mca14ty/a;"ipad air chip m3 11' 256gb wifi gris espacial";519;apple;ipad;1;0;1;3.75
mca34ty/a;"ipad air chip m3 11' 256gb wifi azul";519;apple;ipad;2;0;1;3.75
mca94ty/a;"ipad air chip m3 11' 512gb wifi azul";719;apple;ipad;1;0;1;3.75
mcaa4ty/a;"ipad air chip m3 11' 512gb wifi blanco estrella";719;apple;ipad;2;0;1;3.75
mcadp0007;"enchufe adaptador universal una toma de corriente desde tipo e y f a tipo-a, b, c, g, i, j, l y n color blanco";5.5;muvit;regleta;4;0;1;0
mccbt-dr1050;"tambor generico dr-1050 10.000 paginas";6.48;mcc;tambor;5;0;1;0
mccbt-tn247bk;"toner compatible tn247 / tn243 negro 3.000 paginas aproximadamente segun iso/iec19798";6.06;mcc;toner;-1;3;1;0
mccbt-tn423bk;"toner compatible tn421 / tn423 / tn426 negro 6.500 paginas aproximadamente segun iso/iec19798";8.44;mcc;toner;3;0;1;0
mcccf217a;"toner compatible 17a negro 6.000 paginas";8.31;mcc;toner;3;0;1;0
mcccf244a;"toner compatible cf244a negro";6.33;mcc;toner;17;0;1;0
mccei-t7892;"tinta generica para epson t7892 t7902 t7912 cyan ";3.6;mcc;tinta;2;0;1;0
mccf213a;"toner compatible cf213a- lj color 131a pro 200 m251n/nw/mfp m276n/nw magenta 1.800 paginas";13.04;mundocopy;toner;1;0;1;0
mccf383a;"toner compatible cf383a-lj color 312a pro m476 magenta 2.700 paginas";12.53;mundocopy;toner;2;0;1;0
mccmltd111l;"toner compatible mlt-d111l   mlt-d111s negro";8.18;mcc;toner;0;0;1;0
mccmltd116l;"toner compatible mlt-d116l  negro";6.86;mcc;toner ;0;0;1;0
mcctn1050;"toner compatible tn1050 negro";3.62;mcc;toner;5;0;1;0
mcctn1050xl;"toner compatible tn1050 xl negro";5.44;mcc;toner;7;0;1;0
mcctn22;"toner compatible tn2220, tn2210,tn2010 y tn450 negro";7.24;mcc;toner;6;0;1;0
mcctn22xl;"toner compatible tn2220, tn2210,tn2010 y tn450 xl negro";10.78;mcc;toner;4;0;1;0
mcctn2320;"toner compatible tn2320 negro";4.64;mcc;toner;5;5;1;0
mcctn241bk;"toner compatible tn241bk y tn242bk negro";7.08;mcc;toner;1;0;1;0
mcctn2420;"toner compatible tn2420 y tn2410 negro";5.3;mcc;toner;6;10;1;0
mcctn2420x2;"toner compatible tn2420 y tn2410 negro pack 2 unidades";10.88;mcc;toner;4;0;1;0
mcctn2420xl;"toner compatible tn2420 y tn2410 xl negro";7.1;mcc;toner;11;0;1;0
mcctn245cy;"toner compatible tn241c  tn245c  tn242c  tn246c   cyan ";7.56;mcc;toner;0;0;1;0
mcctn245mg;"toner compatible tn241m  tn245m  tn242m  tn246m   magenta ";7.68;mcc;toner;0;0;1;0
mcctn245yl;"toner compatible tn241y  tn245y  tn242y  tn246y amarillo";7.68;mcc;toner;0;0;1;0
mcctn247 p-4;"toner compatible tn247 tn243 pack de cuatro colores ";26.82;mcc;toner;5;0;1;0
mcctn2510xl;"toner compatible tn2510 xl negro";6.15;mcc;toner;5;10;1;0
mcfx4ty/a;"ipad air chip m3 11' 128gb wifi + cellular blanco estrella";551;apple;ipad;0;0;1;3.75
mcfy4ty/a;"ipad air chip m3 11' 128gb wifi + cellular purpura";551;apple;ipad;1;0;1;3.75
mcg14ty/a;"ipad air chip m3 11' 256gb wifi + cellular azul";655;apple;ipad;1;0;1;3.75
mcj34ty/a;"ipad air chip m3 13' 128gb wifi + cellular blanco estrella";711;apple;ipad;2;0;1;3.75
mcj44ty/a;"ipad air chip m3 13' 128gb wifi + cellular purpura";711;apple;ipad;2;0;1;3.75
mcn2;"chasis semitorre mcn2 sin fuente soporta atx micro atx mini itx  bahias internas 2x3.5' 3x2.5' 1xventilador trasero 120mm 1xusb 3.0 1xusb 2.0 salida audio y microfono ventana lateral transparente dimensiones (prxalxan) 352x427x200mm peso 2.55 kg negro";30.11;mars gaming;chasis;4;0;1;0
mcnj4ty/a;"ipad air chip m3 13' 128gb wifi  azul";575;apple;ipad;1;0;1;3.75
mcnk4ty/a;"ipad air chip m3 13' 128gb wifi  blanco estrella";575;apple;ipad;0;0;1;3.75
mcnp4ty/a;"ipad air chip m3 13' 256gb wifi  azul";679;apple;ipad;2;0;1;3.75
mcnq4ty/a;"ipad air chip m3 13' 256gb wifi  blanco estrella";679;apple;ipad;1;0;1;3.75
mcpu44;"refrigeracion por aire para cpu intel lga 1150, 1151, 1155, 1156, 1200, 1366, 1700, 2011, 2066 y am4, am3+, am3, am2+, am2, fm2, fm1";15.48;mars gaming;ventilador;4;0;1;0
mcpu66;"refrigeracion por aire con iluminacion triple argb 6 heatpipes disipador de aluminio 2 ventiladoes pwm 110mm tdp hast 220w nivel sonoro 9-30dba socket intel lga 2066/2011/1700/1200/1156/1155/1151/1150/1366 y amd am4/am3+/am3/am2+/am2/fm2/fm1";24.29;mars gaming;ventilador;4;0;1;0
mcpux5w;"refrigeracion por aire x5 de 5 hct  heatpipes base de cobre ventilador de 120mm refrigeracion 280w tdp alta compatibilidad nivel sonoro: 9-28dba socket: intel lga 1851/1700/1200/1156/1155/1151/1150/1366 y amd am4 amd5";18.7;mars gaming;ventilador;9;0;1;0
mcpuxu6;"refrigeracion por aire xu6 de 6 heatpipes disipador de aluminio 2 ventiladoes pwm 120mm tdp 350w nivel sonoro 9-23dba socket intel lga 2066/2011/1700/1200/1156/1155/1151/1150/1366 y amd am4/am3+/am3/am2+/am2/fm2/fm1";32.92;mars gaming;ventilador;9;0;1;0
mcpuxu6w;"refrigeracion por aire xu6 de 6 heatpipes disipador de aluminio 2 ventiladoes pwm 120mm tdp 350w nivel sonoro 9-23dba socket intel lga 2066/2011/1700/1200/1156/1155/1151/1150/1366 y amd am4/am3+/am3/am2+/am2/fm2/fm1";32.2;mars gaming;ventilador;10;0;1;0
mcr24y/a;"imac 24' retina 4.5k chip m4 con cpu de 10 nucleos 24gb de memoria unificada 512gb ssd gpu de 10 nucleos cuatro puertos thunderbolt magic keyboard plata";1725.98;apple;imac;1;0;1;5.33
mcx44yp/a;"mac mini chip m4 pro con cpu de 12 nucleos 24gb de memoria unificada 512gb ssd gpu de 16 nucleos gigabit ethernet tres puertos thunderbolt 5, un puerto hdmi, dos puertos usb-c y toma para auriculares plata";1306.09;apple;macmini;0;0;1;5.33
mcyt4yp/a;"mac mini chip m4 con cpu de 10 nucleos 24gb de memoria unificada 512gb ssd gpu de 10 nucleos gigabit ethernet tres puertos thunderbolt 4, un puerto hdmi, dos puertos usb-c y toma para auriculares plata";924.18;apple;macmini;-4;0;1;5.33
md1q4ql/a;"iphone 16e 6.1' 128gb negro";475;apple;iphone;3;0;1;3.25
md1r4ql/a;"iphone 16e 6.1' 128gb blanco";475;apple;iphone;1;0;1;3.25
md1t4ql/a;"iphone 16e 6.1' 256gb negro";575;apple;iphone;2;0;1;3.25
md1w4ql/a;"iphone 16e 6.1' 256gb  blanco";575;apple;iphone;3;0;1;3.25
md1x4ql/a;"iphone 16e 6.1' 512gb negro ";801;apple;iphone;1;0;1;3.25
md274ql/a;"iphone 16e 6.1' 512gb blanco";801;apple;iphone;1;0;1;3.25
md2q4y/a;"imac 24' retina 4.5k chip m4 con cpu de 10 nucleos 24gb de memoria unificada 512gb ssd gpu de 10 nucleos cuatro puertos thunderbolt magic keyboard verde";1725.98;apple;imac;0;0;1;5.33
md2t4y/a;"imac 24' retina 4.5k chip m4 con cpu de 10 nucleos 24gb de memoria unificada 512gb ssd gpu de 10 nucleos cuatro puertos thunderbolt magic keyboard azul";1725.98;apple;imac;0;0;1;5.33
md2u4y/a;"imac 24' retina 4.5k chip m4 con cpu de 10 nucleos 24gb de memoria unificada 512gb ssd gpu de 10 nucleos cuatro puertos thunderbolt magic keyboard rosa";1725.98;apple;imac;1;0;1;5.33
md3h4y/a;"imac 24' retina 4.5k  display nanotexturizado chip m4 con cpu de 10 nucleos 16gb de memoria unificada 256gb ssd gpu de 10 nucleos cuatro puertos thunderbolt magic keyboard plata";1535.02;apple;imac;1;0;1;5.33
md3j4zm/a;"cargador de pared a usb-c 20w para iphone ipad ";17.31;apple;cargador;21;0;1;0
md3y4ty/a;"ipad a16 11' 128gb wifi  plata";298.92;apple;ipad;3;0;1;3.75
md463zm/a;"adaptador desde thunderbolt macho a ethernet hembra 10/100/1000mbps";26.1;apple;adaptador;0;0;1;0
md4a4ty/a;"ipad a16 11' 128gb wifi  azul";298.92;apple;ipad;11;0;1;3.75
md4d4ty/a;"ipad a16 11' 128gb wifi  amarillo";298.92;apple;ipad;1;0;1;3.75
md4e4ty/a;"ipad a16 11' 128gb wifi  rosa";298.92;apple;ipad;1;0;1;3.75
md4g4ty/a;"ipad a16 11' 256gb wifi  plata";402.15;apple;ipad;1;0;1;3.75
md4h4ty/a;"ipad a16 11' 256gb wifi  azul";402.15;apple;ipad;1;0;1;3.75
md4j4ty/a;"ipad a16 11' 256gb wifi  amarillo";402.15;apple;ipad;1;0;1;3.75
md4p4ty/a;"ipad a16 11' 256gb wifi  rosa";402.15;apple;ipad;1;0;1;3.75
md4q4ty/a;"ipad a16 11' 512gb wifi  plata";601.45;apple;ipad;1;0;1;3.75
md4y4ty/a;"ipad a16 11' 512gb wifi  azul";601.45;apple;ipad;0;0;1;3.75
md564zm/a;"superdrive usb";67.95;apple;regrabador;0;0;1;1
md5a4ty/a;"ipad a16 11' 512gb wifi  amarillo";601.45;apple;ipad;0;0;1;3.75
md5c4ty/a;"ipad a16 11' 512gb wifi  rosa";601.45;apple;ipad;0;0;1;3.75
md7f4ty/a;"ipad a16 11' 128gb wifi + cellular plata";434.04;apple;ipad;0;0;1;3.75
md7g4ty/a;"ipad a16 11' 128gb wifi + cellular azul";434.04;apple;ipad;2;0;1;3.75
md7h4ty/a;"ipad a16 11' 128gb wifi + cellular amarillo";434.04;apple;ipad;0;0;1;3.75
md7j4ty/a;"ipad a16 11' 128gb wifi + cellular rosa";434.04;apple;ipad;1;0;1;3.75
md7k4ty/a;"ipad a16 11' 256gb wifi + cellular plata";537.68;apple;ipad;1;0;1;3.75
md7l4ty/a;"ipad a16 11' 256gb wifi + cellular azul";537.68;apple;ipad;0;0;1;3.75
md7m4ty/a;"ipad a16 11' 256gb wifi + cellular amarillo";537.68;apple;ipad;0;0;1;3.75
md7n4ty/a;"ipad a16 11' 256gb wifi + cellular rosa";537.68;apple;ipad;0;0;1;3.75
md7p4ty/a;"ipad a16 11' 512gb wifi + cellular plata";736.97;apple;ipad;0;0;1;3.75
md7q4ty/a;"ipad a16 11' 512gb wifi + cellular azul";736.97;apple;ipad;0;0;1;3.75
md7r4ty/a;"ipad a16 11' 512gb wifi + cellular amarillo";736.97;apple;ipad;0;0;1;3.75
md7t4ty/a;"ipad a16 11' 512gb wifi + cellular rosa";736.97;apple;ipad;0;0;1;3.75
md8gsd55600-blk;"memoria ram ddr5 5600mhz pc5-44800 8gb 288-pin dimm  cl46";72.71;pny;memoria;0;0;1;0
mde14y/a;"macbook pro 14.2' chip m5 con cpu de 10 nucleos 16gb de memoria unificada 1tb ssd grafica m5 gpu de 10 nucleos touch id trackpad force touch pantalla liquid retina xdr teclado magic keyboard  retroiluminado tres puertos thunderbolt 4 un hdmi ranura para tarjetas sdxc toma de auriculares y puerto magsafe 3 sin adaptaptador de corriente  negro espacial";1493;apple;macbook;1;0;1;5.33
mde34y/a;"macbook pro 14.2' chip m5 con cpu de 10 nucleos 24gb de memoria unificada 1tb ssd grafica m5 gpu de 10 nucleos touch id trackpad force touch pantalla liquid retina xdr teclado magic keyboard  retroiluminado tres puertos thunderbolt 4 un hdmi ranura para tarjetas sdxc toma de auriculares y puerto magsafe 3 sin adaptaptador de corriente negro espacial";1665;apple;macbook;1;0;1;5.33
mde54y/a;"macbook pro 14.2' chip m5 con cpu de 10 nucleos 16gb de memoria unificada 1tb ssd grafica m5 gpu de 10 nucleos touch id trackpad force touch pantalla liquid retina xdr teclado magic keyboard  retroiluminado tres puertos thunderbolt 4 un hdmi ranura para tarjetas sdxc toma de auriculares y puerto magsafe 3 sin adaptaptador de corriente  plata";1493;apple;macbook;2;0;1;5.33
mde64y/a;"macbook pro 14.2' chip m5 con cpu de 10 nucleos 24gb de memoria unificada 1tb ssd grafica m5 gpu de 10 nucleos touch id trackpad force touch pantalla liquid retina xdr teclado magic keyboard  retroiluminado tres puertos thunderbolt 4 un hdmi ranura para tarjetas sdxc toma de auriculares y puerto magsafe 3 sin adaptaptador de corriente  plata";1665;apple;macbook;1;0;1;5.33
mdej4zm/a;"funda smart folio para ipad a16 11' blanco";60.42;apple;funda;0;0;1;0
mden4zm/a;"funda smart folio para ipad a16 11' amarillo limon";60.42;apple;funda;0;0;1;0
mdep4zm/a;"funda smart folio para ipad a16 11' sandia";60.42;apple;funda;0;0;1;0
mdeq4zm/a;"funda smart folio para ipad a16 11' azul celeste";60.42;apple;funda;0;0;1;0
mdew4zd/a;"altavoces 1.0 homepod medianoche";285.14;apple;altavoz;-1;0;1;0
mdey4zd/a;"altavoces 1.0 homepod blanco ";285.14;apple;altavoz;0;0;1;0
mdfv4y/a;"funda con teclado magic keyboard para ipad air 11' m4, m3, m2, quinta y cuarta generacion blanco";268.18;apple;teclado;4;0;1;0
mdfw4y/a;"funda con teclado magic keyboard para ipad air 13' m4, m3, m2 blanco ";285.14;apple;teclado;2;0;1;0
mdh74y/a;"macbook air 13.6' chip m5 con cpu de 10 nucleos 16gb de memoria unificada 512gb ssd grafica m5 gpu de 8 nucleos touch id trackpad force pantalla liquid retina teclado magic keyboard sin adaptador de corriente plata";913.97;apple;macbook;1;0;1;5.33
mdh84y/a;"macbook air 13.6' chip m5 con cpu de 10 nucleos 16gb de memoria unificada 1tb ssd grafica m5 gpu de 10 nucleos touch id trackpad force pantalla liquid retina teclado magic keyboard sin adaptador de corriente plata";1105.58;apple;macbook;1;0;1;5.33
mdh94y/a;"macbook air 13.6' chip m5 con cpu de 10 nucleos 24gb de memoria unificada 1tb ssd grafica m5 gpu de 10 nucleos touch id trackpad force pantalla liquid retina teclado magic keyboard sin adaptador de corriente plata";1297.18;apple;macbook;0;0;1;5.33
mdha4y/a;"macbook air 13.6' chip m5 con cpu de 10 nucleos 16gb de memoria unificada 512gb ssd grafica m5 gpu de 8 nucleos touch id trackpad force pantalla liquid retina teclado magic keyboard sin adaptador de corriente blanco estrella";913.97;apple;macbook;3;0;1;5.33
mdhc4y/a;"macbook air 13.6' chip m5 con cpu de 10 nucleos 16gb de memoria unificada 1tb ssd grafica m5 gpu de 10 nucleos touch id trackpad force pantalla liquid retina teclado magic keyboard sin adaptador de corriente blanco estrella";1105.58;apple;macbook;2;0;1;5.33
mdhd4y/a;"macbook air 13.6' chip m5 con cpu de 10 nucleos 24gb de memoria unificada 1tb ssd grafica m5 gpu de 10 nucleos touch id trackpad force pantalla liquid retina teclado magic keyboard sin adaptador de corriente blanco estrella";1297.18;apple;macbook;1;0;1;5.33
mdhe4y/a;"macbook air 13.6' chip m5 con cpu de 10 nucleos 16gb de memoria unificada 512gb ssd grafica m5 gpu de 8 nucleos touch id trackpad force pantalla liquid retina teclado magic keyboard sin adaptador de corriente medianoche";913.97;apple;macbook;3;0;1;5.33
mdhf4y/a;"macbook air 13.6' chip m5 con cpu de 10 nucleos 16gb de memoria unificada 1tb ssd grafica m5 gpu de 10 nucleos touch id trackpad force pantalla liquid retina teclado magic keyboard sin adaptador de corriente medianoche";1105.58;apple;macbook;1;0;1;5.33
mdhg4y/a;"macbook air 13.6' chip m5 con cpu de 10 nucleos 24gb de memoria unificada 1tb ssd grafica m5 gpu de 10 nucleos touch id trackpad force pantalla liquid retina teclado magic keyboard sin adaptador de corriente medianoche";1297.18;apple;macbook;1;0;1;5.33
mdhh4y/a;"macbook air 13.6' chip m5 con cpu de 10 nucleos 16gb de memoria unificada 512gb ssd grafica m5 gpu de 8 nucleos touch id trackpad force pantalla liquid retina teclado magic keyboard sin adaptador de corriente azul cielo";913.97;apple;macbook;2;0;1;5.33
mdhj4y/a;"macbook air 13.6' chip m5 con cpu de 10 nucleos 16gb de memoria unificada 1tb ssd grafica m5 gpu de 10 nucleos touch id trackpad force pantalla liquid retina teclado magic keyboard sin adaptador de corriente azul cielo";1105.58;apple;macbook;1;0;1;5.33
mdhk4y/a;"macbook air 13.6' chip m5 con cpu de 10 nucleos 24gb de memoria unificada 1tb ssd grafica m5 gpu de 10 nucleos touch id trackpad force pantalla liquid retina teclado magic keyboard sin adaptador de corriente azul cielo";1297.18;apple;macbook;2;0;1;5.33
mdv94y/a;"macbook air 15.3' chip m5 con cpu de 10 nucleos 16gb de memoria unificada 512gb ssd grafica m5 gpu de 10 nucleos touch id trackpad force pantalla liquid retina teclado magic keyboard sin adaptador de corriente plata";1143.89;apple;macbook;1;0;1;5.33
mdva4y/a;"macbook air 15.3' chip m5 con cpu de 10 nucleos 16gb de memoria unificada 1tb ssd grafica m5 gpu de 10 nucleos touch id trackpad force pantalla liquid retina teclado magic keyboard sin adaptador de corriente plata";1335.49;apple;macbook;1;0;1;5.33
mdvc4y/a;"macbook air 15.3' chip m5 con cpu de 10 nucleos 24gb de memoria unificada 1tb ssd grafica m5 gpu de 10 nucleos touch id trackpad force pantalla liquid retina teclado magic keyboard sin adaptador de corriente plata";1527.09;apple;macbook;1;0;1;5.33
mdvd4y/a;"macbook air 15.3' chip m5 con cpu de 10 nucleos 16gb de memoria unificada 512gb ssd grafica m5 gpu de 10 nucleos touch id trackpad force pantalla liquid retina teclado magic keyboard sin adaptador de corriente blanco estrella";1143.89;apple;macbook;2;0;1;5.33
mdve4y/a;"macbook air 15.3' chip m5 con cpu de 10 nucleos 16gb de memoria unificada 1tb ssd grafica m5 gpu de 10 nucleos touch id trackpad force pantalla liquid retina teclado magic keyboard sin adaptador de corriente blanco estrella";1335.49;apple;macbook;1;0;1;5.33
mdvf4y/a;"macbook air 15.3' chip m5 con cpu de 10 nucleos 24gb de memoria unificada 1tb ssd grafica m5 gpu de 10 nucleos touch id trackpad force pantalla liquid retina teclado magic keyboard sin adaptador de corriente blanco estrella";1527.09;apple;macbook;0;0;1;5.33
mdvh4y/a;"macbook air 15.3' chip m5 con cpu de 10 nucleos 16gb de memoria unificada 512gb ssd grafica m5 gpu de 10 nucleos touch id trackpad force pantalla liquid retina teclado magic keyboard sin adaptador de corriente medianoche";1143.89;apple;macbook;0;0;1;5.33
mdvk4y/a;"macbook air 15.3' chip m5 con cpu de 10 nucleos 16gb de memoria unificada 1tb ssd grafica m5 gpu de 10 nucleos touch id trackpad force pantalla liquid retina teclado magic keyboard sin adaptador de corriente medianoche";1335.49;apple;macbook;0;0;1;5.33
mdvn4y/a;"macbook air 15.3' chip m5 con cpu de 10 nucleos 24gb de memoria unificada 1tb ssd grafica m5 gpu de 10 nucleos touch id trackpad force pantalla liquid retina teclado magic keyboard sin adaptador de corriente medianoche";1527.09;apple;macbook;0;0;1;5.33
mdvq4y/a;"macbook air 15.3' chip m5 con cpu de 10 nucleos 16gb de memoria unificada 512gb ssd grafica m5 gpu de 10 nucleos touch id trackpad force pantalla liquid retina teclado magic keyboard sin adaptador de corriente azul cielo";1143.89;apple;macbook;1;0;1;5.33
mdvt4y/a;"macbook air 15.3' chip m5 con cpu de 10 nucleos 16gb de memoria unificada 1tb ssd grafica m5 gpu de 10 nucleos touch id trackpad force pantalla liquid retina teclado magic keyboard sin adaptador de corriente azul cielo";1335.49;apple;macbook;1;0;1;5.33
mdvu4y/a;"macbook air 15.3' chip m5 con cpu de 10 nucleos 24gb de memoria unificada 1tb ssd grafica m5 gpu de 10 nucleos touch id trackpad force pantalla liquid retina teclado magic keyboard sin adaptador de corriente azul cielo";1527.09;apple;macbook;0;0;1;5.33
mdwk4ty/a;"ipad pro 11' chip m5 256gb wifi vidrio estandar negro espacial";872.49;apple;ipad;0;0;1;3.75
mdwl4ty/a;"ipad pro 11' chip m5 256gb wifi vidrio estandar plata";872.49;apple;ipad;1;0;1;3.75
mdwm4ty/a;"ipad pro 11' chip m5 512gb wifi vidrio estandar negro espacial";1071.8;apple;ipad;1;0;1;3.75
mdwn4ty/a;"ipad pro 11' chip m5 512gb wifi vidrio estandar plata";1071.8;apple;ipad;1;0;1;3.75
mdwp4ty/a;"ipad pro 11' chip m5 1tb wifi vidrio estandar negro espacial";1454.45;apple;ipad;1;0;1;3.75
mdwq4ty/a;"ipad pro 11' chip m5 1tb wifi vidrio estandar plata";1454.45;apple;ipad;0;0;1;3.75
mdwr4ty/a;"ipad pro 11' chip m5 1tb wifi vidrio nanotexturizado negro espacial";1558.08;apple;ipad;0;0;1;3.75
mdwt4ty/a;"ipad pro 11' chip m5 1tb wifi vidrio nanotexturizado plata";1558.08;apple;ipad;0;0;1;3.75
mdwu4ty/a;"ipad pro 11' chip m5 2tb wifi vidrio estandar negro espacial";1837.09;apple;ipad;0;0;1;3.75
mdwv4ty/a;"ipad pro 11' chip m5 2tb wifi vidrio estandar plata";1837.09;apple;ipad;0;0;1;3.75
mdww4ty/a;"ipad pro 11' chip m5 2tb wifi vidrio nanotexturizado negro espacial";1940.72;apple;ipad;0;0;1;3.75
mdwx4ty/a;"ipad pro 11' chip m5 2tb wifi vidrio nanotexturizado plata";1940.72;apple;ipad;0;0;1;3.75
mdyj4ty/a;"ipad pro 13' chip m5 256gb wifi vidrio estandar negro espacial";1151.51;apple;ipad;1;0;1;3.75
mdyk4ty/a;"ipad pro 13' chip m5 256gb wifi vidrio estandar plata";1151.51;apple;ipad;2;0;1;3.75
mdyl4ty/a;"ipad pro 13' chip m5 512gb wifi vidrio estandar negro espacial";1350.81;apple;ipad;0;0;1;3.75
mdym4ty/a;"ipad pro 13' chip m5 512gb wifi vidrio estandar plata";1350.81;apple;ipad;1;0;1;3.75
mdyn4ty/a;"ipad pro 13' chip m5 1tb wifi vidrio estandar negro espacial";1733.46;apple;ipad;1;0;1;3.75
mdyp4ty/a;"ipad pro 13' chip m5 1tb wifi vidrio estandar plata";1733.46;apple;ipad;2;0;1;3.75
mdyq4ty/a;"ipad pro 13' chip m5 1tb wifi vidrio nanotexturizado negro espacial";1837.09;apple;ipad;0;0;1;3.75
mdyr4ty/a;"ipad pro 13' chip m5 1tb wifi vidrio nanotexturizado plata";1837.09;apple;ipad;0;0;1;3.75
mdyt4ty/a;"ipad pro 13' chip m5 2tb wifi vidrio estandar negro espacial";2116.11;apple;ipad;1;0;1;3.75
mdyu4ty/a;"ipad pro 13' chip m5 2tb wifi vidrio estandar plata";2116.11;apple;ipad;0;0;1;3.75
mdyv4ty/a;"ipad pro 13' chip m5 2tb wifi vidrio nanotexturizado negro espacial";2219.75;apple;ipad;0;0;1;3.75
mdyw4ty/a;"ipad pro 13' chip m5 2tb wifi vidrio nanotexturizado plata";2219.75;apple;ipad;0;0;1;3.75
me2n4ty/a;"ipad pro 11' chip m5 256gb wifi + cellular vidrio estandar negro espacial";1071.8;apple;ipad;0;0;1;3.75
me2p4ty/a;"ipad pro 11' chip m5 256gb wifi + cellular vidrio estandar plata";1071.8;apple;ipad;1;0;1;3.75
me2q4ty/a;"ipad pro 11' chip m5 512gb wifi + cellular vidrio estandar negro espacial";1271.09;apple;ipad;1;0;1;3.75
me2t4ty/a;"ipad pro 11' chip m5 512gb wifi + cellular vidrio estandar plata";1271.09;apple;ipad;1;0;1;3.75
me2u4ty/a;"ipad pro 11' chip m5 1tb wifi + cellular vidrio estandar negro espacial";1653.74;apple;ipad;0;0;1;3.75
me2v4ty/a;"ipad pro 11' chip m5 1tb wifi + cellular vidrio estandar plata";1653.74;apple;ipad;0;0;1;3.75
me2w4ty/a;"ipad pro 11' chip m5 1tb wifi + cellular vidrio nanotexturizado negro espacial";1757.37;apple;ipad;1;0;1;3.75
me2x4ty/a;"ipad pro 11' chip m5 1tb wifi + cellular vidrio nanotexturizado plata";1757.37;apple;ipad;0;0;1;3.75
me2y4ty/a;"ipad pro 11' chip m5 2tb wifi + cellular vidrio estandar negro espacial";2036.4;apple;ipad;0;0;1;3.75
me6a4ty/a;"ipad pro 11' chip m5 2tb wifi + cellular vidrio estandar plata";2036.4;apple;ipad;0;0;1;3.75
me6c4ty/a;"ipad pro 11' chip m5 2tb wifi + cellular vidrio nanotexturizado negro espacial";2140.02;apple;ipad;0;0;1;3.75
me6d4ty/a;"ipad pro 11' chip m5 2tb wifi + cellular vidrio nanotexturizado plata";2140.02;apple;ipad;0;0;1;3.75
me7w4ty/a;"ipad pro 13' chip m5 256gb wifi + cellular vidrio estandar negro espacial";1350.81;apple;ipad;-2;0;1;3.75
me7x4ty/a;"ipad pro 13' chip m5 256gb wifi + cellular vidrio estandar plata";1350.81;apple;ipad;1;0;1;3.75
me7y4ty/a;"ipad pro 13' chip m5 512gb wifi + cellular vidrio estandar negro espacial";1550.1;apple;ipad;1;0;1;3.75
me8c4ty/a;"ipad pro 13' chip m5 512gb wifi + cellular vidrio estandar plata";1550.1;apple;ipad;0;0;1;3.75
me8d4ty/a;"ipad pro 13' chip m5 1tb wifi + cellular vidrio estandar negro espacial";1932.76;apple;ipad;0;0;1;3.75
me8f4ty/a;"ipad pro 13' chip m5 1tb wifi + cellular vidrio estandar plata";1932.76;apple;ipad;0;0;1;3.75
me8g4ty/a;"ipad pro 13' chip m5 1tb wifi + cellular vidrio nanotexturizado negro espacial";2036.4;apple;ipad;0;0;1;3.75
me8h4ty/a;"ipad pro 13' chip m5 1tb wifi + cellular vidrio nanotexturizado plata";2036.4;apple;ipad;1;0;1;3.75
me8j4ty/a;"ipad pro 13' chip m5 2tb wifi + cellular vidrio estandar negro espacial";2315.41;apple;ipad;0;0;1;3.75
me8k4ty/a;"ipad pro 13' chip m5 2tb wifi + cellular vidrio estandar plata";2315.41;apple;ipad;0;0;1;3.75
me8m4ty/a;"ipad pro 13' chip m5 2tb wifi + cellular vidrio nanotexturizado negro espacial";2419.05;apple;ipad;0;0;1;3.75
me8n4ty/a;"ipad pro 13' chip m5 2tb wifi + cellular vidrio nanotexturizado  plata";2419.05;apple;ipad;1;0;1;3.75
meh34ql/a;"apple watch serie se 3 gps caja de aluminio blanco estrella 40mm, color de correa blanco estrella correa deportiva talla s/m";219.45;apple;watch;2;0;1;2.5
meh54ql/a;"apple watch serie se 3 gps caja de aluminio blanco estrella 40mm, color de correa blanco estrella correa deportiva talla m/l";219.45;apple;watch;2;0;1;2.5
meh94ql/a;"apple watch serie se 3 gps caja de aluminio medianoche 40mm, color de correa medianoche correa deportiva talla s/m";219.45;apple;watch;3;0;1;2.5
mehc4ql/a;"apple watch serie se 3 gps caja de aluminio medianoche 40mm, color de correa medianoche correa deportiva talla m/l";219.45;apple;watch;2;0;1;2.5
mehg4ql/a;"apple watch serie se 3 gps caja de aluminio blanco estrella 44mm, color de correa blanco estrella correa deportiva talla s/m";247.91;apple;watch;4;0;1;2.5
mehj4ql/a;"apple watch serie se 3 gps caja de aluminio blanco estrella 44mm, color de correa blanco estrella correa deportiva talla m/l";240.45;apple;watch;4;0;1;2.5
mehn4ql/a;"apple watch serie se 3 gps caja de aluminio medianoche 44mm, color de correa medianoche correa deportiva talla s/m";235;apple;watch;2;0;1;2.5
mehq4ql/a;"apple watch serie se 3 gps caja de aluminio medianoche 44mm, color de correa medianoche correa deportiva talla m/l";240.45;apple;watch;6;0;1;2.5
mep64ql/a;"apple watch serie se 3 gps + cellular caja de aluminio blanco estrella 40mm, color de correa blanco estrella correa deportiva talla s/m";265.75;apple;watch;3;0;1;2.5
mep74ql/a;"apple watch serie se 3 gps + cellular caja de aluminio blanco estrella 40mm, color de correa blanco estrella correa deportiva talla m/l";256.38;apple;watch;2;0;1;2.5
mep94ql/a;"apple watch serie se 3 gps + cellular caja de aluminio medianoche 40mm, color de correa medianoche correa deportiva talla s/m";256.38;apple;watch;1;0;1;2.5
mepc4ql/a;"apple watch serie se 3 gps + cellular caja de aluminio medianoche 40mm, color de correa medianoche correa deportiva talla m/l";256.38;apple;watch;1;0;1;2.5
mepf4ql/a;"apple watch serie se 3 gps + cellular caja de aluminio blanco estrella 44mm, color de correa blanco estrella correa deportiva talla m/l";281.4;apple;watch;0;0;1;2.5
meph4ql/a;"apple watch serie se 3 gps + cellular caja de aluminio medianoche 44mm, color de correa medianoche correa deportiva talla s/m";281.4;apple;watch;2;0;1;2.5
mepj4ql/a;"apple watch serie se 3 gps + cellular caja de aluminio medianoche 44mm, color de correa medianoche correa deportiva talla m/l";281.4;apple;watch;2;0;1;2.5
meqt4ql/a;"apple watch series 11 gps caja de aluminio negro azabache 42mm, color de correa negra correa deportiva talla s/m";367.5;apple;watch;3;0;1;2.5
mequ4ql/a;"apple watch series 11 gps caja de aluminio negro azabache 42mm, color de correa negra correa deportiva talla m/l";367.5;apple;watch;1;0;1;2.5
meqw4ql/a;"apple watch series 11 gps caja de aluminio gris espacial 42mm, color de correa negra correa deportiva talla s/m";367.5;apple;watch;1;0;1;2.5
meu04ql/a;"apple watch series 11 gps caja de aluminio oro rosa 42mm, color de correa rosa rubor correa deportiva talla s/m";367.5;apple;watch;1;0;1;2.5
meu44ql/a;"apple watch series 11 gps caja de aluminio oro rosa 42mm, color de correa rosa rubor correa deportiva talla m/l";367.5;apple;watch;1;0;1;2.5
meu64ql/a;"apple watch series 11 gps caja de aluminio plata 42mm, color de correa niebla lila correa deportiva talla s/m";367.5;apple;watch;2;0;1;2.5
meuw4ql/a;"apple watch series 11 gps caja de aluminio negro azabache 46mm, color de correa negra correa deportiva talla s/m";392.7;apple;watch;3;0;1;2.5
meux4ql/a;"apple watch series 11 gps caja de aluminio negro azabache 46mm, color de correa negra correa deportiva talla m/l";392.7;apple;watch;3;0;1;2.5
mev44ql/a;"apple watch series 11 gps caja de aluminio gris espacial 46mm, color de correa negra correa deportiva talla m/l";392.7;apple;watch;3;0;1;2.5
mev64ql/a;"apple watch series 11 gps caja de aluminio oro rosa 46mm, color de correa rosa rubor correa deportiva talla s/m";392.7;apple;watch;2;0;1;2.5
mev74ql/a;"apple watch series 11 gps caja de aluminio oro rosa 46mm, color de correa rosa rubor correa deportiva talla m/l";392.7;apple;watch;5;0;1;2.5
mewh4ql/a;"apple watch ultra 3 gps + cellular caja titanio natural 49mm correa ocean color de correa azul nautico";738.15;apple;watch;1;0;1;2.5
mewy4ql/a;"apple watch ultra 3 gps + cellular caja titanio natural 49mm pulsera milanese loop color de correa titanio natural talla m";820.05;apple;watch;0;0;1;2.5
mf0j4ql/a;"apple watch ultra 3 gps + cellular caja titanio negro 49mm correa ocean color de correa negra";738.15;apple;watch;4;0;1;2.5
mf1h4ql/a;"apple watch ultra 3 gps + cellular caja titanio negro 49mm correa loop trail color de correa negra carbon talla m/l";720.77;apple;watch;3;0;1;2.5
mf1t4ql/a;"apple watch ultra 3 gps + cellular caja titanio negro 49mm pulsera milanese loop color de correa negra talla l";820.05;apple;watch;0;0;1;2.5
mf8e4ql/a;"apple watch series 11 gps + cellular caja de aluminio oro rosa 42mm, color de correa rosa rubor correa deportiva talla s/m";467.25;apple;watch;1;0;1;2.5
mf8h4ql/a;"apple watch series 11 gps + cellular caja de aluminio plata 42mm, color de correa niebla lila correa deportiva talla s/m";467.25;apple;watch;0;0;1;2.5
mf8y4ql/a;"apple watch series 11 gps + cellular caja de titanium oro 42mm, color de correa oro pulsera milanese loop ";698.25;apple;watch;0;0;1;2.5
mfc44ql/a;"apple watch series 11 gps + cellular caja de aluminio negro 46mm, color de correa negra correa deportiva talla m/l";488.25;apple;watch;1;0;1;2.5
mfcj4350dw;"impresora multifuncion tinta mfc-j4350dw a4 1200x4800ppp usb 2.0 wifi wifi direct conexion movil y web impresion 20ppm monocromo impresion color 19ppm impresion duplex bandeja entrada papel 150 hojas adf 20 hojas fax  volumen mensual hasta 2.000 paginas peso 8.9 kg";132.5;brother;imp multif;2;0;1;5.25
mfcj4540dwxl;"impresora multifuncion tinta mfc-j4540dw a4 1200x2400ppp usb 2.0 wifi ethernet impresion 20ppm monocromo impresion color 19ppm impresion duplex bandeja entrada papel 400 hojas adf 20 hojas fax wifi direct conexion movil y cloud nfc volumen mensual hasta 1.000 paginas peso 10.4 kg (pack impresora + consumibles xl)";246.95;brother;imp multif;2;0;1;5.25
mfcj4550dw;"impresora multifuncion tinta mfc-j4550dw a4 1200x4800ppp usb 2.0 wifi ethernet wifi direct conexion movil y web impresion 20ppm monocromo impresion color 19ppm impresion duplex bandeja entrada papel 150 hojas adf 20 hojas fax  volumen mensual hasta 2.000 paginas peso 10.4 kg";160.62;brother;imp multif;3;0;1;5.25
mfcj5340dwere1;"impresora multifuncion tinta mfcj5340dwe ecopro a4 y a3 1200x4800ppp usb 2.0 wifi ethernet impresion monocromo 28ppm impresion color 28ppm impresion duplex a4 bandeja entrada papel 250 hojas adf 50 hojas fax wifi direct conexion movil volumen mensual hasta 2.500 paginas peso 17kg  blanco";167.95;brother;imp multif;1;0;1;5.25
mfcj5740dw;"impresora multifuncion tinta mfcj5740dw a4 y a3 1200x4800ppp usb 2.0 wifi ethernet impresion monocromo 28ppm impresion color 28ppm impresion duplex a4 escaneado duplex a4 bandeja entrada papel 250 hojas adf 50 hojas fax wifi direct conexion movil volumen mensual hasta 2.500 paginas";222.73;brother;imp multif;2;0;1;5.25
mfcj5955dw;"impresora multifuncion tinta mfc-j5955dw a4 y a3 1200 x 4800 impresion duplex a4 escaneado duplex a4 velocidad de impresion de 30 ppm fax wifi ethernet y usb adf 50 hojas dos bandejas de entrada de 250 hojas volumen mensual hasta 20.000 paginas";345.08;brother;imp multif;0;0;1;5.25
mfcj6540dwe;"impresora multifuncion tinta mfcj6540dwe a4 y a3 1200x4800ppp usb 2.0 wifi ethernet impresion monocromo 28ppm impresion color 28ppm impresion duplex a3 bandeja entrada papel 250 hojas adf 50 hojas fax wifi direct conexion movil volumen mensual hasta 2.500 paginas peso 19,8kg";212.87;brother;imp multif;1;0;1;5.25
mfcj6760dw;"impresora multifuncion tinta mfc-j6760dw a4 y a3 resolucion 1200 x 4800 impresion duplex a4 y a3 escaneado duplex a4 y a3 velocidad de impresion 31 ppm en negro y 30 ppm en color adf 50 hojas bandeja de entrada de papel de 250 hojas wifi ethernet y usb volumen de trabajo mensual hasta 2.500 paginas";253.34;brother;imp multif;1;0;1;5.25
mfcj6959dw;"impresora multifuncion tinta mfcj6959dw a4 ya3 1200x4800ppp usb 2.0 wifi ethernet impresion en gran formato (rollo de papel hasta 2700mm) monocromo 30ppm impresion color 28ppm impresion duplex a4 escaneado duplex a4 bandeja entrada papel 250 hojas adf 50 hojas fax wifi direct conexion movil nfc volumen mensual hasta 2.500 paginas peso 23,4kg";584.76;brother;imp multif;1;0;1;5.25
mfcj6960dw;"impresora multifuncion tinta mfc-j6960dw a4 y a3 resolucion 1200 x 4800 impresion duplex a4 y a3 escaneado duplex a4 y a3 velocidad de impresion 28 ppm en negro y 28 ppm en color adf 50 hojas dos bandeja de entrada de papel de 250 hojas fax wifi ethernet y usb volumen de trabajo mensual hasta 2.300 paginas";379.48;brother;imp multif;1;0;1;5.25
mfcl2800dw;"impresora multifuncion laser monocromo mfc-l2800dw a4 1200x1200ppp 32ppm usb 2.0 wifi y ethernet impresion duplex pantalla tactil bandeja entrada papel 250 hojas adf 50 hojas fax wifi direct conexion movil y cloud volumen mensual hasta 2.500 paginas peso 11.60kg";164.81;brother;imp multif;7;0;1;5.25
mfcl2827dw;"impresora multifuncion laser monocromo mfc-l2827dwxl a4 1200x1200ppp 32ppm usb 2.0 wifi y ethernet impresion duplex pantalla tactil bandeja entrada papel 250 hojas adf 50 hojas fax wifi direct conexion movil y cloud consumibles xl volumen mensual hasta 2.500 paginas peso 12.70kg";259.52;brother;imp multif;1;0;1;5.25
mfcl2860dw;"impresora multifuncion laser monocromo mfc-l2860dw a4 1200x1200ppp 34ppm usb 2.0 wifi y ethernet impresion duplex pantalla tactil bandeja entrada papel 250 hojas adf 50 hojas fax wifi direct conexion movil y cloud volumen mensual hasta 2.500 paginas peso 11.60kg";215.53;brother;imp multif;1;0;1;5.25
mfcl2960dw;"impresora multifuncion laser monocromo mfc-l2960dw a4 1200x1200ppp 34ppm usb 2.0 wifi y ethernet impresion duplex escaneado duplex fax duplex pantalla tactil bandeja entrada papel 250 hojas adf 50 hojas fax wifi direct conexion movil y cloud volumen mensual hasta 3.500 paginas peso 12.40kg";279.41;brother;imp multif;2;0;1;5.25
mfcl2980dw;"impresora multifuncion laser monocromo mfc-l2980dw a4 1200x1200ppp 34ppm usb 2.0 wifi y ethernet impresion duplex escaneado duplex fax duplex pantalla tactil bandeja entrada papel 250 hojas adf 50 hojas fax wifi direct conexion movil nfc y cloud volumen mensual hasta 3.500 paginas peso 12.40kg";323.3;brother;imp multif;3;0;1;5.25
mfcl3740cdwe;"impresora multifuncion laser led color mfc-l3740cdw a4 600x600ppp 18ppm usb 2.0 wifi ethernet impresion duplex bandeja entrada papel 250 hojas adf 50 hojas fax wifi direct conexion movil y cloud volumen mensual hasta 3.000 paginas peso 20kg";298.42;brother;imp multif;2;0;1;5.25
mfcl3760cdw;"impresora multifuncion laser led color mfc-l3760cdw a4 600x600ppp 26ppm usb 2.0 wifi ethernet impresion duplex bandeja entrada papel 250 hojas adf 50 hojas fax wifi direct conexion movil y cloud volumen mensual hasta 3.000 paginas peso 20.20kg";317.43;brother;imp multif;1;0;1;5.25
mfcl5710dn;"impresora multifuncion laser monocromo mfc-l5710dn a4 1200x600ppp 48ppm usb 2.0 ethernet impresion duplex fax duplex y escaneado duplex bandeja entrada papel 250 hojas adf 50 hojas conexion movil volumen mensual hasta 5.000 paginas peso 20.2 kg";388.65;brother;imp multif;2;0;1;5.25
mfcl5710dw;"impresora multifuncion laser monocromo mfc-l5710dw a4 1200x600ppp 48ppm usb 2.0 wifi ethernet wifi direct impresion duplex fax duplex escaneado duplex bandeja entrada papel 250 hojas adf 50 hojas volumen mensual hasta 5.000 paginas conexion movil peso 16.6 kg";399.58;brother;imp multif;1;0;1;5.25
mfcl6710dw;"impresora multifuncion laser monocromo mfc-l6710dw a4 1200x600ppp 50ppm usb 2.0 wifi ethernet wifi direct nfc impresion duplex fax duplex escaneado duplex bandeja entrada papel 520 hojas adf 70 hojas conexion movil volumen mensual hasta 8.000 paginas peso 17.3 kg";523.19;brother;imp multif;1;0;1;5.25
mfcl6910dn;"impresora multifuncion laser monocromo mfc-l6910dn a4 1200x600ppp 50ppm usb 2.0 ethernet (wifi opcional con nc9110w) nfc impresion duplex escaneado duplex fax duplex bandeja entrada papel 520 hojas adf 80 hojas conexion movil volumen mensual hasta 16.000 paginas peso 18.1 kg";764.14;brother;imp multif;0;0;1;5.25
mfcl8340cdw;"impresora multifuncion laser led color mfc-l8340cdw a4 600x600ppp 30ppm usb 2.0 wifi impresion duplex bandeja entrada papel 250 hojas adf de 50 hojas fax wifi direct conexion movil  nfc volument mensual hasta 4.000 paginas peso 21.60kg";372.93;brother;imp multif;1;0;1;5.25
mfcl8390cdw;"impresora multifuncion laser led color mfc-l8390cdw a4 600x600ppp 30ppm usb 2.0 wifi ethernet impresion duplex escaneado duplex bandeja entrada papel 250 hojas adf de 50 hojas fax wifi direct conexion movil nfc volumen mensual hasta 4.000 paginas peso 21.90kg";381;brother;imp multif;2;0;1;5.25
mfcl8690cdw;"impresora multifuncion laser color mfc-l8690cdw a4 1200x600ppp 31ppm usb 2.0 compatible 3.0 wifi ethernet impresion duplex y escaneado duplex bandeja entrada papel 250 hojas adf 50 hojas fax pantalla tactil wifi direct conexion movil volumen mensual hasta 2.000 paginas peso 34 kg";410.09;brother;imp multif;1;0;1;5.25
mfcl8690cdwlt;"impresora multifuncion laser color mfc-l8690cdw a4 1200x600ppp 31ppm usb 2.0 compatible 3.0 wifi ethernet impresion duplex y escaneado duplex bandeja entrada papel 250 hojas adf 50 hojas fax pantalla tactil wifi direct conexion movil volumen mensual hasta 2.000 paginas  con bandeja adicional lt330cl de 250 hojas peso 41,40 kg";498.28;brother;imp multif;0;0;1;5.25
mfcl8900cdw;"impresora multifuncion laser color mfc-l8900cdw a4 1200x600ppp 31ppm usb 2.0 compatible con usb 3.0 wifi ethernet impresion duplex y escaneado duplex bandeja entrada papel 250 hojas adf 50 hojas fax pantalla tactil wifi direct conexion movil nfc volumen mensual hasta 4.000 paginas peso 35 kg";701.72;brother;imp multif;1;0;1;5.25
mfd04ql/a;"apple watch series 11 gps + cellular caja de titanio natural 46mm, color de correa natural pulsera milanese loop talla m/l";740.25;apple;watch;0;0;1;2.5
mfd44ql/a;"apple watch series 11 gps + cellular caja de pizarra 46mm, color de correa pizarra  pulsera milanese loop talla m/l";740.25;apple;watch;0;0;1;2.5
mfd74ql/a;"apple watch series 11 gps + cellular caja de titanio oro 46mm, color de correa oro pulsera milanese loop talla s/m";739.2;apple;watch;0;0;1;2.5
mfe94zy/a;"airtag 2nd generacion";25.44;apple;airtag;11;10;1;0
mfea4zy/a;"airtag 2nd generacion (pack de 4 unidades)";84.8;apple;airtag;13;0;1;0
mfel4yp/a;"monitor studio display xdr vidrio standar soporte con altura e inclinacion ajustables pantalla retina xdr 5k (5120x2880) de 27' ultra camara de 12 mpx con encuadre centrado y vista cenital microfono y altavoces con calidad de estudio puertos thunderbolt 5";2748.76;apple;monitor;0;0;1;0
mfen4yp/a;"monitor studio display xdr vidrio standar adaptador de montaje vesa (soporte no incluido) pantalla retina xdr 5k (5120x2880) de 27' ultra camara de 12 mpx con encuadre centrado y vista cenital microfono y altavoces con calidad de estudio puertos thunderbolt 5";2748.76;apple;monitor;0;0;1;0
mfep4yp/a;"monitor studio display xdr vidrio nanotexturizado soporte con altura e inclinacion ajustables pantalla retina xdr 5k (5120x2880) de 27' ultra camara de 12 mpx con encuadre centrado y vista cenital microfono y altavoces con calidad de estudio puertos thunderbolt 5";2984.43;apple;monitor;0;0;1;0
mfeq4yp/a;"monitor studio display xdr vidrio nanotexturizado  adaptador de montaje vesa (soporte no incluido) pantalla retina xdr 5k (5120x2880) de 27' ultra camara de 12 mpx con encuadre centrado y vista cenital microfono y altavoces con calidad de estudio puertos thunderbolt 5";2984.43;apple;monitor;0;0;1;0
mfew4yp/a;"monitor studio display vidrio standar soporte con altura e inclinacion ajustables pantalla retina 5k (5120x2880) de 27' ultra camara de 12 mpx con encuadre centrado y vista cenital microfono y altavoces con calidad de estudio puertos usb-c y thunderbolt 5";1648.93;apple;monitor;0;0;1;0
mfex4yp/a;"monitor studio display vidrio standar soporte con inclinacion ajustable pantalla retina 5k (5120x2880) de 27' ultra camara de 12 mpx con encuadre centrado y vista cenital microfono y altavoces con calidad de estudio puertos usb-c y thunderbolt 5";1334.7;apple;monitor;2;0;1;0
mfey4yp/a;"monitor studio display vidrio standar adaptador de montaje vesa (soporte no incluido) pantalla retina 5k (5120x2880) de 27' ultra camara de 12 mpx con encuadre centrado y vista cenital microfono y altavoces con calidad de estudio puertos usb-c y thunderbolt 5";1334.7;apple;monitor;0;0;1;0
mff04yp/a;"monitor studio display vidrio nanotexturizado soporte con altura e inclinacion ajustables pantalla retina 5k (5120x2880) de 27' ultra camara de 12 mpx con encuadre centrado y vista cenital microfono y altavoces con calidad de estudio puertos usb-c y thunderbolt 5";1884.61;apple;monitor;0;0;1;0
mff14yp/a;"monitor studio display vidrio nanotexturizado soporte con inclinacion ajustable pantalla retina 5k (5120x2880) de 27' ultra camara de 12 mpx con encuadre centrado y vista cenital microfono y altavoces con calidad de estudio puertos usb-c y thunderbolt 5";1570.39;apple;monitor;0;0;1;0
mff24yp/a;"monitor studio display vidrio nanotexturizado adaptador de montaje vesa (soporte no incluido) pantalla retina 5k (5120x2880) de 27' ultra camara de 12 mpx con encuadre centrado y vista cenital microfono y altavoces con calidad de estudio puertos usb-c y thunderbolt 5";1570.39;apple;monitor;0;0;1;0
mfhp4zm/a;"auriculares intrauditivo airpods pro 3 con microfono y la mejor cancelacion de ruido activa del mundo estuche de carga por usb-c bluetooth blanco ";196.74;apple;auricular;6;0;1;0
mfym4ql/a;"iphone 17 pro max 6.9' 256gb plata";1224.3;apple;iphone;1;0;1;3.25
mfyn4ql/a;"iphone 17 pro max 6.9' 256gb naranja cosmico";1224.3;apple;iphone;5;0;1;3.25
mfyp4ql/a;"iphone 17 pro max 6.9' 256gb azul oscuro";1224.3;apple;iphone;7;0;1;3.25
mfyq4ql/a;"iphone 17 pro max 6.9' 512gb plata";1425;apple;iphone;1;0;1;3.25
mfyt4ql/a;"iphone 17 pro max 6.9' 512gb naranja cosmico";1425;apple;iphone;3;0;1;3.25
mfyu4ql/a;"iphone 17 pro max 6.9' 512gb azul oscuro";1425;apple;iphone;9;0;1;3.25
mfyv4ql/a;"iphone 17 pro max 6.9' 1tb plata";1635.58;apple;iphone;1;0;1;3.25
mfyw4ql/a;"iphone 17 pro max 6.9' 1tb naranja cosmico";1635.58;apple;iphone;2;0;1;3.25
mfyx4ql/a;"iphone 17 pro max 6.9' 1tb azul oscuro";1635.58;apple;iphone;1;0;1;3.25
mfyy4ql/a;"iphone 17 pro max 6.9' 2tb plata";2029.9;apple;iphone;1;0;1;3.25
mg004ql/a;"iphone 17 pro max 6.9' 2tb naranja cosmico";2029.9;apple;iphone;0;0;1;3.25
mg014ql/a;"iphone 17 pro max 6.9' 2tb azul oscuro";2029.9;apple;iphone;-1;0;1;3.25
mg2l4ql/a;"iphone air 6.5' 256gb negro espacial";895.25;apple;iphone;1;0;1;3.25
mg2m4ql/a;"iphone air 6.5' 256gb blanco nube";895.25;apple;iphone;0;0;1;3.25
mg2n4ql/a;"iphone air 6.5' 256gb dorado claro";895.25;apple;iphone;0;0;1;3.25
mg2p4ql/a;"iphone air 6.5' 256gb azul cielo";895.25;apple;iphone;1;0;1;3.25
mg2q4ql/a;"iphone air 6.5' 512gb negro espacial ";1106.57;apple;iphone;1;0;1;3.25
mg2t4ql/a;"iphone air 6.5' 512gb blanco nube";1106.57;apple;iphone;0;0;1;3.25
mg2u4ql/a;"iphone air 6.5' 512gb dorado claro";1106.57;apple;iphone;1;0;1;3.25
mg2v4ql/a;"iphone air 6.5' 512gb azul cielo";1106.57;apple;iphone;0;0;1;3.25
mg2w4ql/a;"iphone air 6.5' 1tb negro espacial";1317.58;apple;iphone;0;0;1;3.25
mg2x4ql/a;"iphone air 6.5' 1tb blanco nube";1317.58;apple;iphone;0;0;1;3.25
mg2y4ql/a;"iphone air 6.5' 1tb dorado claro";1317.58;apple;iphone;0;0;1;3.25
mg304ql/a;"iphone air 6.5' 1tb azul cielo";1317.58;apple;iphone;0;0;1;3.25
mg6j4ql/a;"iphone 17 6.3' 256gb negro";790.76;apple;iphone;4;0;1;3.25
mg6k4ql/a;"iphone 17 6.3' 256gb blanco";790.76;apple;iphone;3;0;1;3.25
mg6l4ql/a;"iphone 17 6.3' 256gb azul neblina";790.76;apple;iphone;2;0;1;3.25
mg6m4ql/a;"iphone 17 6.3' 256gb lavanda";790.76;apple;iphone;3;0;1;3.25
mg6n4ql/a;"iphone 17 6.3' 256gb verde salvia";790.76;apple;iphone;6;0;1;3.25
mg6p4ql/a;"iphone 17 6.3' 512gb negro";1007;apple;iphone;1;0;1;3.25
mg6q4ql/a;"iphone 17 6.3' 512gb blanco";1007;apple;iphone;0;0;1;3.25
mg6t4ql/a;"iphone 17 6.3' 512gb azul neblina";1007;apple;iphone;0;0;1;3.25
mg6u4ql/a;"iphone 17 6.3' 512gb lavanda";1007;apple;iphone;0;0;1;3.25
mg6v4ql/a;"iphone 17 6.3' 512gb verde salvia";1007;apple;iphone;0;0;1;3.25
mg8g4ql/a;"iphone 17 pro 6.3' 256gb plata";1097.1;apple;iphone;0;0;1;3.25
mg8h4ql/a;"iphone 17 pro 6.3' 256gb  naranja cosmico";1097.1;apple;iphone;3;0;1;3.25
mg8j4ql/a;"iphone 17 pro 6.3' 256gb azul oscuro";1097.1;apple;iphone;3;0;1;3.25
mg8k4ql/a;"iphone 17 pro 6.3' 512gb plata";1306.98;apple;iphone;1;0;1;3.25
mg8m4ql/a;"iphone 17 pro 6.3' 512gb naranja cosmico";1306.98;apple;iphone;7;0;1;3.25
mg8n4ql/a;"iphone 17 pro 6.3' 512gb azul oscuro";1306.98;apple;iphone;1;0;1;3.25
mg8p4ql/a;"iphone 17 pro 6.3' 1tb plata";1510.5;apple;iphone;0;0;1;3.25
mg8q4ql/a;"iphone 17 pro 6.3' 1tb naranja cosmico";1510.5;apple;iphone;1;0;1;3.25
mg8r4ql/a;"iphone 17 pro 6.3' 1tb azul oscuro";1510.5;apple;iphone;1;0;1;3.25
mgd74zm/a;"cargador magsafe (el adaptador de corriente usb-c de 30w se vende por separado) para iphone tipo inalambrico qi2.2 cable de un metro.";40.83;apple;cargador;7;0;1;0
mgdm4zm/a;"cargador magsafe (el adaptador de corriente usb-c de 30w se vende por separado) para iphone tipo inalambrico qi2.2 cable de dos metros.";40.83;apple;cargador;4;0;1;0
mgdn4y/a;"macbook pro 14.2' chip m5 pro con cpu de 15 nucleos 24gb de memoria unificada 1tb ssd gpu de 16 nucleos touch id trackpad force touch pantalla liquid retina xdr teclado magic keyboard  retroiluminado tres puertos thunderbolt 5 un hdmi ranura para tarjetas sdxc sin adaptaptador de corriente  plata";1948.62;apple;macbook;1;0;1;5.33
mgdp4y/a;"macbook pro 14.2' chip m5 pro con cpu de 18 nucleos 24gb de memoria unificada 2tb ssd gpu de 20 nucleos touch id trackpad force touch pantalla liquid retina xdr teclado magic keyboard  retroiluminado tres puertos thunderbolt 5 un hdmi ranura para tarjetas sdxc sin adaptaptador de corriente plata";2485.09;apple;macbook;1;0;1;5.33
mgdq4y/a;"macbook pro 14.2' chip m5 max con cpu de 18 nucleos 36gb de memoria unificada 2tb ssd gpu de 32 nucleos touch id trackpad force touch pantalla liquid retina xdr teclado magic keyboard  retroiluminado tres puertos thunderbolt 5 un hdmi ranura para tarjetas sdxc sin adaptaptador de corriente plata";3251.49;apple;macbook;0;0;1;5.33
mgdr4y/a;"macbook pro 14.2' chip m5 pro con cpu de 15 nucleos 24gb de memoria unificada 1tb ssd gpu de 16 nucleos touch id trackpad force touch pantalla liquid retina xdr teclado magic keyboard  retroiluminado tres puertos thunderbolt 5 un hdmi ranura para tarjetas sdxc sin adaptaptador de corriente negro espacial";1948.62;apple;macbook;1;0;1;5.33
mgdt4y/a;"macbook pro 14.2' chip m5 pro con cpu de 18 nucleos 24gb de memoria unificada 2tb ssd gpu de 20 nucleos touch id trackpad force touch pantalla liquid retina xdr teclado magic keyboard  retroiluminado tres puertos thunderbolt 5 un hdmi ranura para tarjetas sdxc sin adaptaptador de corriente negro espacial";2485.09;apple;macbook;3;0;1;5.33
mgdu4y/a;"macbook pro 14.2' chip m5 max con cpu de 18 nucleos 36gb de memoria unificada 2tb ssd gpu de 32 nucleos touch id trackpad force touch pantalla liquid retina xdr teclado magic keyboard  retroiluminado tres puertos thunderbolt 5 un hdmi ranura para tarjetas sdxc sin adaptaptador de corriente negro espacial";3251.49;apple;macbook;1;0;1;5.33
mge44y/a;"macbook pro 16.2' chip m5 pro con cpu de 18 nucleos 24gb de memoria unificada 1tb ssd gpu de 20 nucleos touch id trackpad force touch pantalla liquid retina xdr teclado magic keyboard  retroiluminado tres puertos thunderbolt 5 un hdmi ranura para tarjetas sdxc sin adaptaptador de corriente plata";2331.81;apple;macbook;1;0;1;5.33
mge64y/a;"macbook pro 16.2' chip m5 pro con cpu de 18 nucleos 48gb de memoria unificada 1tb ssd gpu de 20 nucleos touch id trackpad force touch pantalla liquid retina xdr teclado magic keyboard  retroiluminado tres puertos thunderbolt 5 un hdmi ranura para tarjetas sdxc sin adaptaptador de corriente plata";2715.01;apple;macbook;0;0;1;5.33
mge74y/a;"macbook pro 16.2' chip m5 max con cpu de 18 nucleos 36gb de memoria unificada 2tb ssd gpu de 32 nucleos touch id trackpad force touch pantalla liquid retina xdr teclado magic keyboard  retroiluminado tres puertos thunderbolt 5 un hdmi ranura para tarjetas sdxc sin adaptaptador de corriente plata";3481.42;apple;macbook;1;0;1;5.33
mge94y/a;"macbook pro 16.2' chip m5 max con cpu de 18 nucleos 48gb de memoria unificada 2tb ssd gpu de 40 nucleos touch id trackpad force touch pantalla liquid retina xdr teclado magic keyboard  retroiluminado tres puertos thunderbolt 5 un hdmi ranura para tarjetas sdxc sin adaptaptador de corriente plata";3864.61;apple;macbook;0;0;1;5.33
mgea4y/a;"macbook pro 16.2' chip m5 pro con cpu de 18 nucleos 24gb de memoria unificada 1tb ssd gpu de 20 nucleos touch id trackpad force touch pantalla liquid retina xdr teclado magic keyboard  retroiluminado tres puertos thunderbolt 5 un hdmi ranura para tarjetas sdxc sin adaptaptador de corriente negro espacial";2331.81;apple;macbook;2;0;1;5.33
mgec4y/a;"macbook pro 16.2' chip m5 pro con cpu de 18 nucleos 48gb de memoria unificada 1tb ssd gpu de 20 nucleos touch id trackpad force touch pantalla liquid retina xdr teclado magic keyboard  retroiluminado tres puertos thunderbolt 5 un hdmi ranura para tarjetas sdxc sin adaptaptador de corriente negro espacial";2715.01;apple;macbook;1;0;1;5.33
mged4y/a;"macbook pro 16.2' chip m5 max con cpu de 18 nucleos 36gb de memoria unificada 2tb ssd gpu de 32 nucleos touch id trackpad force touch pantalla liquid retina xdr teclado magic keyboard  retroiluminado tres puertos thunderbolt 5 un hdmi ranura para tarjetas sdxc sin adaptaptador de corriente negro espacial";3481.42;apple;macbook;0;0;1;5.33
mgee4y/a;"macbook pro 16.2' chip m5 max con cpu de 18 nucleos 48gb de memoria unificada 2tb ssd gpu de 40 nucleos touch id trackpad force touch pantalla liquid retina xdr teclado magic keyboard  retroiluminado tres puertos thunderbolt 5 un hdmi ranura para tarjetas sdxc sin adaptaptador de corriente negro espacial";3864.61;apple;macbook;1;0;1;5.33
mgev4zm/a;"funda de silicona con magsafe para iphone 17 color amarillo neon";40.31;apple;funda;0;0;1;0
mgew4zm/a;"funda de silicona con magsafe para iphone 17 color  azul nautico";40.31;apple;funda;0;0;1;0
mgex4zm/a;"funda de silicona con magsafe para iphone 17 color musgo claro";40.31;apple;funda;0;0;1;0
mgf04zm/a;"funda de silicona con magsafe para iphone 17 color niebla lila";40.31;apple;funda;0;0;1;0
mgf14zm/a;"funda de silicona con magsafe para iphone 17 color negro";40.31;apple;funda;0;0;1;0
mgf24zm/a;"funda transparente con magsafe para iphone 17";40.28;apple;funda;1;0;1;0
mgf44zm/a;"funda de trenzado tecnico con magsafe para iphone 17 pro color azul";48.76;apple;funda;0;0;1;0
mgf94zm/a;"funda de trenzado tecnico con magsafe para iphone 17 pro max color azul";48.76;apple;funda;0;0;1;0
mgfc4zm/a;"funda de trenzado tecnico con magsafe para iphone 17 pro max color siena";47.75;apple;funda;0;0;1;0
mgfe4zm/a;"funda de silicona con magsafe para iphone 17 pro color naranja";40.31;apple;funda;0;0;1;0
mgff4zm/a;"funda de silicona con magsafe para iphone 17 pro color amarillo neon";40.31;apple;funda;0;0;1;0
mgfg4zm/a;"funda de silicona con magsafe para iphone 17 pro color niebla lila";40.31;apple;funda;0;0;1;0
mgfh4zm/a;"funda de silicona con magsafe para iphone 17 pro color medianoche";40.31;apple;funda;0;0;1;0
mgfj4zm/a;"funda de silicona con magsafe para iphone 17 pro color terracota";40.31;apple;funda;0;0;1;0
mgfk4zm/a;"funda de silicona con magsafe para iphone 17 pro color negro";40.31;apple;funda;0;0;1;0
mgfl4zm/a;"funda de silicona con magsafe para iphone 17 pro max color naranja";41.34;apple;funda;0;0;1;0
mgfm4zm/a;"funda de silicona con magsafe para iphone 17 pro max color amarillo neon";41.34;apple;funda;0;0;1;0
mgfn4zm/a;"funda de silicona con magsafe para iphone 17 pro max color niebla lila";41.34;apple;funda;0;0;1;0
mgfp4zm/a;"funda de silicona con magsafe para iphone 17 pro max color medianoche";41.34;apple;funda;0;0;1;0
mgfq4zm/a;"funda de silicona con magsafe para iphone 17 pro max color terracota";41.34;apple;funda;0;0;1;0
mgfr4zm/a;"funda de silicona con magsafe para iphone 17 pro max color negro";41.34;apple;funda;0;0;1;0
mgft4zm/a;"funda transparente con magsafe para iphone 17 pro";40.28;apple;funda;3;0;1;0
mgfw4zm/a;"funda transparente con magsafe para iphone 17 pro max";40.28;apple;funda;4;0;1;0
mgh34zma;"funda transparente con magsafe para iphone air";40.83;apple;funda;0;0;1;0
mgn03zm/a;"cargador de pared a usb 12w para iphone";17.76;apple;cargador;1;0;1;0
mgpg4zm/a;"powerbank magsafe para el iphone air";79.5;apple;power bank;5;0;1;0
mgyx4y/a;"funda con teclado magic keyboard para ipad air 11' m4, m3, m2, quinta y cuarta generacion negro";268.18;apple;teclado;2;0;1;0
mgyy4y/a;"funda con teclado magic keyboard para ipad air 13' m4, m3, m2  negro";285.14;apple;teclado;3;0;1;0
mh304ty/a;"ipad air chip m4 11' 128gb wifi gris espacial";516.58;apple;ipad;2;0;1;3.75
mh314ty/a;"ipad air chip m4 11' 128gb wifi  azul";516.58;apple;ipad;2;0;1;3.75
mh334ty/a;"ipad air chip m4 11' 128gb wifi  blanco estrella";516.58;apple;ipad;0;0;1;3.75
mh344ty/a;"ipad air chip m4 11' 128gb wifi pùrpura";516.58;apple;ipad;1;0;1;3.75
mh354ty/a;"ipad air chip m4 11' 256gb wifi gris espacial";620.79;apple;ipad;0;0;1;3.75
mh364ty/a;"ipad air chip m4 11' 256gb wifi azul";620.79;apple;ipad;1;0;1;3.75
mh374ty/a;"ipad air chip m4 11' 256gb wifi blanco estrella";620.79;apple;ipad;1;0;1;3.75
mh394ty/a;"ipad air chip m4 11' 256gb wifi purpura";620.79;apple;ipad;0;0;1;3.75
mh3a4ty/a;"ipad air chip m4 11' 512gb wifi gris espacial";821.17;apple;ipad;2;0;1;3.75
mh3c4ty/a;"ipad air chip m4 11' 512gb wifi azul";821.17;apple;ipad;0;0;1;3.75
mh3d4ty/a;"ipad air chip m4 11' 512gb wifi blanco estrella";821.17;apple;ipad;0;0;1;3.75
mh3e4ty/a;"ipad air chip m4 11' 512gb wifi purpura";821.17;apple;ipad;0;0;1;3.75
mh3g4ty/a;"ipad air chip m4 11' 1tb wifi gris espacial";1021.56;apple;ipad;0;0;1;3.75
mh3h4ty/a;"ipad air chip m4 11' 1tb wifi azul";1021.56;apple;ipad;0;0;1;3.75
mh3j4ty/a;"ipad air chip m4 11' 1tb wifi blanco estrella";1021.56;apple;ipad;0;0;1;3.75
mh3k4ty/a;"ipad air chip m4 11' 1tb wifi purpura";1021.56;apple;ipad;0;0;1;3.75
mh5n4ty/a;"ipad air chip m4 13' 128gb wifi gris espacial";676.89;apple;ipad;1;0;1;3.75
mh5p4ty/a;"ipad air chip m4 13' 128gb wifi azul";676.89;apple;ipad;0;0;1;3.75
mh5q4ty/a;"ipad air chip m4 13' 128gb wifi blanco estrella";676.89;apple;ipad;0;0;1;3.75
mh5t4ty/a;"ipad air chip m4 13' 128gb wifi purpura";676.89;apple;ipad;0;0;1;3.75
mh5u4ty/a;"ipad air chip m4 13' 256gb wifi gris espacial";781.1;apple;ipad;1;0;1;3.75
mh5v4ty/a;"ipad air chip m4 13' 256gb wifi azul";781.1;apple;ipad;1;0;1;3.75
mh5w4ty/a;"ipad air chip m4 13' 256gb wifi blanco estrella";781.1;apple;ipad;1;0;1;3.75
mh5x4ty/a;"ipad air chip m4 13' 256gb wifi purpura";781.1;apple;ipad;1;0;1;3.75
mh5y4ty/a;"ipad air chip m4 13' 512gb wifi gris espacial";981.49;apple;ipad;1;0;1;3.75
mh604ty/a;"ipad air chip m4 13' 512gb wifi azul";981.49;apple;ipad;0;0;1;3.75
mh614ty/a;"ipad air chip m4 13' 512gb wifi blanco estrella";981.49;apple;ipad;0;0;1;3.75
mh624ty/a;"ipad air chip m4 13' 512gb wifi purpura";981.49;apple;ipad;0;0;1;3.75
mh634ty/a;"ipad air chip m4 13' 1tb wifi gris espacial";1181.88;apple;ipad;0;0;1;3.75
mh644ty/a;"ipad air chip m4 13' 1tb wifi azul";1181.88;apple;ipad;0;0;1;3.75
mh654ty/a;"ipad air chip m4 13' 1tb wifi blanco estrella";1181.88;apple;ipad;0;0;1;3.75
mh784ty/a;"ipad air chip m4 11' 128gb wifi + cellular gris espacial";652.85;apple;ipad;0;0;1;3.75
mh794ty/a;"ipad air chip m4 11' 128gb wifi + cellular azul";652.85;apple;ipad;0;0;1;3.75
mh7a4ty/a;"ipad air chip m4 11' 128gb wifi + cellular blanco estrella";652.85;apple;ipad;0;0;1;3.75
mh7c4ty/a;"ipad air chip m4 11' 128gb wifi + cellular purpura";652.85;apple;ipad;0;0;1;3.75
mh7d4ty/a;"ipad air chip m4 11' 256gb wifi + cellular gris espacial";757.05;apple;ipad;1;0;1;3.75
mh7e4ty/a;"ipad air chip m4 11' 256gb wifi + cellular azul";757.05;apple;ipad;0;0;1;3.75
mh7f4ty/a;"ipad air chip m4 11' 256gb wifi + cellular blanco estrella";757.05;apple;ipad;0;0;1;3.75
mh7g4ty/a;"ipad air chip m4 11' 256gb wifi + cellular purpura";757.05;apple;ipad;0;0;1;3.75
mh7h4ty/a;"ipad air chip m4 11' 512gb wifi + cellular gris espacial";957.45;apple;ipad;0;0;1;3.75
mh7j4ty/a;"ipad air chip m4 11' 512gb wifi + cellular azul";957.45;apple;ipad;0;0;1;3.75
mh7k4ty/a;"ipad air chip m4 11' 512gb wifi + cellular blanco estrella";957.45;apple;ipad;0;0;1;3.75
mh7l4ty/a;"ipad air chip m4 11' 512gb wifi + cellular purpura";957.45;apple;ipad;0;0;1;3.75
mh7m4ty/a;"ipad air chip m4 11' 1tb wifi + cellular gris espacial";1157.84;apple;ipad;0;0;1;3.75
mh7n4ty/a;"ipad air chip m4 11' 1tb wifi + cellular azul";1157.84;apple;ipad;0;0;1;3.75
mh7p4ty/a;"ipad air chip m4 11' 1tb wifi + cellular blanco estrella";1157.84;apple;ipad;0;0;1;3.75
mh7q4ty/a;"ipad air chip m4 11' 1tb wifi + cellular purpura";1157.84;apple;ipad;0;0;1;3.75
mh9d4ty/a;"ipad air chip m4 13' 128gb wifi + cellular gris espacial";813.17;apple;ipad;0;0;1;3.75
mh9e4ty/a;"ipad air chip m4 13' 128gb wifi + cellular azul";813.17;apple;ipad;0;0;1;3.75
mh9f4ty/a;"ipad air chip m4 13' 128gb wifi + cellular blanco estrella";813.17;apple;ipad;0;0;1;3.75
mh9g4ty/a;"ipad air chip m4 13' 128gb wifi + cellular purpura";813.17;apple;ipad;0;0;1;3.75
mh9h4ty/a;"ipad air chip m4 13' 256gb wifi + cellular gris espacial";917.37;apple;ipad;0;0;1;3.75
mh9j4ty/a;"ipad air chip m4 13' 256gb wifi + cellular azul";917.37;apple;ipad;1;0;1;3.75
mh9k4ty/a;"ipad air chip m4 13' 256gb wifi + cellular blanco estrella";917.37;apple;ipad;0;0;1;3.75
mh9l4ty/a;"ipad air chip m4 13' 256gb wifi + cellular purpura";917.37;apple;ipad;0;0;1;3.75
mh9m4ty/a;"ipad air chip m4 13' 512gb wifi + cellular gris espacial";1117.76;apple;ipad;0;0;1;3.75
mh9n4ty/a;"ipad air chip m4 13' 512gb wifi + cellular azul";1117.76;apple;ipad;0;0;1;3.75
mh9p4ty/a;"ipad air chip m4 13' 512gb wifi + cellular blanco estrella";1117.76;apple;ipad;0;0;1;3.75
mh9q4ty/a;"ipad air chip m4 13' 512gb wifi + cellular purpura";1117.76;apple;ipad;0;0;1;3.75
mh9r4ty/a;"ipad air chip m4 13' 1tb wifi + cellular gris espacial";1318.15;apple;ipad;0;0;1;3.75
mh9t4ty/a;"ipad air chip m4 13' 1tb wifi + cellular azul";1318.15;apple;ipad;0;0;1;3.75
mh9u4ty/a;"ipad air chip m4 13' 1tb wifi + cellular blanco estrella";1318.15;apple;ipad;0;0;1;3.75
mh9v4ty/a;"ipad air chip m4 13' 1tb wifi + cellular purpura";1318.15;apple;ipad;0;0;1;3.75
mhdk4ty/a;"ipad air chip m4 13' 1tb wifi purpura";1181.88;apple;ipad;0;0;1;3.75
mhfa4y/a;"macbook neo 13' chip a18 pro con cpu de 6 nucleos 8gb de memoria unificada 256gb ssd gpu de 5 nucleos neural engine de 16 nucleos trackpad force touch pantalla liquid retina teclado magic keyboard  camara facetime hd a 1080p dos puertos usb-c sin adaptador de corriente plata";530.77;apple;macbook;2;0;1;5.33
mhfc4y/a;"macbook neo 13' chip a18 pro con cpu de 6 nucleos 8gb de memoria unificada 512gb ssd gpu de 5 nucleos neural engine de 16 nucleos touch id trackpad force touch pantalla liquid retina teclado magic keyboard  camara facetime hd a 1080p dos puertos usb-c sin adaptador de corriente plata";607.42;apple;macbook;2;0;1;5.33
mhfd4y/a;"macbook neo 13' chip a18 pro con cpu de 6 nucleos 8gb de memoria unificada 256gb ssd gpu de 5 nucleos neural engine de 16 nucleos trackpad force touch pantalla liquid retina teclado magic keyboard  camara facetime hd a 1080p dos puertos usb-c sin adaptador de corriente citrico";530.77;apple;macbook;1;0;1;5.33
mhfe4y/a;"macbook neo 13' chip a18 pro con cpu de 6 nucleos 8gb de memoria unificada 512gb ssd gpu de 5 nucleos neural engine de 16 nucleos touch id trackpad force touch pantalla liquid retina teclado magic keyboard  camara facetime hd a 1080p dos puertos usb-c sin adaptador de corriente citrico";607.42;apple;macbook;2;0;1;5.33
mhff4y/a;"macbook neo 13' chip a18 pro con cpu de 6 nucleos 8gb de memoria unificada 256gb ssd gpu de 5 nucleos neural engine de 16 nucleos trackpad force touch pantalla liquid retina teclado magic keyboard  camara facetime hd a 1080p dos puertos usb-c sin adaptador de corriente indigo";530.77;apple;macbook;3;0;1;5.33
mhfg4y/a;"macbook neo 13' chip a18 pro con cpu de 6 nucleos 8gb de memoria unificada 512gb ssd gpu de 5 nucleos neural engine de 16 nucleos touch id trackpad force touch pantalla liquid retina teclado magic keyboard  camara facetime hd a 1080p dos puertos usb-c sin adaptador de corriente indigo";607.42;apple;macbook;2;0;1;5.33
mhfh4y/a;"macbook neo 13' chip a18 pro con cpu de 6 nucleos 8gb de memoria unificada 256gb ssd gpu de 5 nucleos neural engine de 16 nucleos trackpad force touch pantalla liquid retina teclado magic keyboard  camara facetime hd a 1080p dos puertos usb-c sin adaptador de corriente rosa nube";530.77;apple;macbook;1;0;1;5.33
mhfj4y/a;"macbook neo 13' chip a18 pro con cpu de 6 nucleos 8gb de memoria unificada 512gb ssd gpu de 5 nucleos neural engine de 16 nucleos touch id trackpad force touch pantalla liquid retina teclado magic keyboard  camara facetime hd a 1080p dos puertos usb-c sin adaptador de corriente rosa nube";607.42;apple;macbook;0;0;1;5.33
mhje3zm/a;"cargador de pared a usb-c 20w para iphone ipad";13.68;apple;cargador;26;20;1;0
mhrv4ql/a;"iphone 17e 6.1' 256gb negro";585.67;apple;iphone;2;0;1;3.25
mhrw4ql/a;"iphone 17e 6.1' 256gb blanco";585.67;apple;iphone;2;0;1;3.25
mhrx4ql/a;"iphone 17e 6.1' 256gb rosa palo";585.67;apple;iphone;2;0;1;3.25
mhry4ql/a;"iphone 17e 6.1' 512gb negro";793.33;apple;iphone;0;0;1;3.25
mhu04ql/a;"iphone 17e 6.1' 512gb blanco";793.33;apple;iphone;0;0;1;3.25
mhu34ql/a;"iphone 17e 6.1' 512gb rosa palo";793.33;apple;iphone;0;0;1;3.25
mist;"raton mist con cable usb optico 3 botones 1.000dpi ambidiestro negro";3.07;ngs;raton;9;0;1;0
mj2c3y/a;"altavoces 1.0 homepod mini bluetooth azul";89.46;apple;altavoz;0;0;1;0
mj2d3y/a;"altavoces 1.0 homepod mini bluetooth naranja";89.46;apple;altavoz;0;0;1;0
mj2e3y/a;"altavoces 1.0 homepod mini bluetooth amarillo";89.46;apple;altavoz;0;0;1;0
mj3d4y/a;"macbook pro 14.2' chip m5 con cpu de 10 nucleos 32gb de memoria unificada 1tb ssd grafica m5 gpu de 10 nucleos touch id trackpad force touch pantalla liquid retina xdr teclado magic keyboard  retroiluminado tres puertos thunderbolt 4 un hdmi ranura para tarjetas sdxc toma de auriculares sin adaptaptador de corriente  negro espacial";1856.64;apple;macbook;1;0;1;5.33
mj3e4y/a;"macbook pro 14.2' chip m5 con cpu de 10 nucleos 32gb de memoria unificada 1tb ssd grafica m5 gpu de 10 nucleos touch id trackpad force touch pantalla liquid retina xdr teclado magic keyboard  retroiluminado tres puertos thunderbolt 4 un hdmi ranura para tarjetas sdxc toma de auriculares sin adaptaptador de corriente plata";1856.64;apple;macbook;1;0;1;5.33
mjlv4y/a;"macbook pro 14.2' chip m5 pro con cpu de 15 nucleos 24gb de memoria unificada 2tb ssd gpu de 16 nucleos touch id trackpad force touch pantalla liquid retina xdr teclado magic keyboard  retroiluminado tres puertos thunderbolt 5 un hdmi ranura para tarjetas sdxc sin adaptaptador de corriente plata";2331.81;apple;macbook;1;0;1;5.33
mjlw4y/a;"macbook pro 14.2' chip m5 pro con cpu de 15 nucleos 24gb de memoria unificada 2tb ssd gpu de 16 nucleos touch id trackpad force touch pantalla liquid retina xdr teclado magic keyboard  retroiluminado tres puertos thunderbolt 5 un hdmi ranura para tarjetas sdxc sin adaptaptador de corriente negro espacial";2331.81;apple;macbook;1;0;1;5.33
mk122z/a;"cable desde schuko macho a europeo tipo c hembra longitud 1.8 metros para adaptador de corriente";18.82;apple;cable;2;0;1;0
mk320es;"teclado semimecanico gaming retroiluminado rgb en teclas y periferica con reposamuñecas conexion cable usb 150cm color negro";15.28;mars gaming;teclado;6;0;1;0
mk5145-31a38-eu;"lector codigos de barras 1d honeywell 5145 eclipse, usb , negro";38.12;honeywell;scanner cb;8;0;1;0
mlx-d24m-a25pz-r1;"refrigeracion liquida 2 ventiladores masterliquid 240 atmos argb socket lga intel 1200/ 1150/ 1151/ 1155/ 1156/  1700 / am4/ am5";99;cooler master;ventilador;2;0;1;0
mly-d36m-a24pz-r1;"refrigeracion liquida 3 ventiladores masterliquid 360 ion socket lga intel 1200/ 1150/ 1151/ 1155/ 1156/  1700 / am4/ am5";97.1;cooler master;ventilador;2;0;1;0
mm2w3zm/a;"funda transparente con magsafe para iphone 13 mini";36;apple;funda;11;0;1;0
mmel2zm/a;"adaptador desde usb-c macho (thunderbolt 3) a thunderbolt 2 hembra";41.34;apple;adaptador;0;0;1;0
mmp-ad-2rca-dc;"adaptador desde mini jack macho a rca hembra";0.89;media magic;adaptador;9;0;1;0
mmp-cab-charger;"cargador de pared-coche a usb multiconector casa 12 en 1  5v";5.73;l-link;cargador;1;0;1;0
mmp224;"alfombrilla antideslizante xl 880x330mm /3mm grosor /negra";5.5;mars gaming;alfombrilla;3;0;1;0
mn713zm/a;"cable desde thunderbolt 4 pro macho a thunderbolt 4 pro macho longitud 1.8 metros";111.28;apple;cable;0;0;1;0
mn873hy/a;"apple tv 4k wifi 64gb";137.07;apple;appletv;0;0;1;0
mn893hy/a;"apple tv 4k wifi + ethernet 128gb";153.36;apple;appletv;3;0;1;0
mnbc2;"base de refrigeracion para portatil  hasta 17.3' con 5 ventiladores ultrasilenciosos de 12cm ajustable en altura negro";15.07;mars gaming;ventilador;4;0;1;0
mnhg3ty/a;"apple watch ultra gps + cellular caja titanio 49mm correa ocean amarilla";675;apple;watch;1;0;1;2.5
mnk73ty/a;"apple watch series 8 gps + cellular caja de aluminio blanco estrella 45mm, color de correa blanco estrella correa deportiva ";225;apple;watch;1;0;1;2.5
mp6k3ty/a;"apple watch series 8 gps caja de aluminio plata 41mm, color de correa blanco correa deportiva ";195;apple;watch;2;0;1;2.5
mphf3y/a;"macbook pro 14.2' chip m2 pro con cpu de 12 nucleos 16gb de memoria unificada 1tb ssd grafica gpu de 19 nucleos y neural engine de 16 nucleos pantalla liquid retina xdr teclado magic keyboard retroiluminado con touch id gris espacial";1578;apple;macbook;1;0;1;5.33
mpiii650;"fuente de alimentacion 650w mpiii650 eficiencia 85+ pfc activo ventilador ultrasilencioso y antivibraciones cables largos (1xpcie 6+2 pin, 1x 24pin, 1x4+4pin, 4xsata, 2xmolex)";28.82;mars gaming;fuente;6;0;1;0
mpiii750;"fuente de alimentacion 750w mpiii750 eficiencia 85% sistema digital apfc cableado para una maxima compatibilidad (1x20+4 pin, 1x4+4pin, 6xsata, 2xpata, 2xpcie 6+2 pin ) tecnologia silenciosa ai-rpm";38.53;mars gaming;fuente;7;0;1;0
mpiii850;"fuente de alimentacion 850w mpiii850 ac input: 200-240v 50-60hz  pfc: activo ruido: 14db  factor de forma: atx  ventilador: 120mm rail: 12v único  certificaciones: atx12v, ce, rohs  protecciones: opp, ovp, uvp, scp  cables: 1x20 + 4 pin, 1x4+4pin 12v, 6xsata, 4xpata, 2xpcie 6+2 pin  dimensiones: 150x145x85mm / 1300g  extra: control ai-rpm del ventilador y cables planos extra largos";44.66;mars gaming;fuente;9;0;1;0
mpu43zm/a;"funda transparente con magsafe para iphone 14 plus";39;apple;funda;8;0;1;0
mpvu750m;"fuente de alimentacion 750w 80+ silver mpvu750m modular ventilador 140mm 1xatx 20+4 1x4+4pin 4xmolex 6xsata 4xpcie 6+2pin 1xfdd full modular";61.6;mars gaming;fuente;0;0;1;0
mq6w3ty/a;"ipad 10.9' 256gb wifi + cellular rosa (decima generacion) con adaptador de corriente";389;apple;ipad;1;0;1;3.75
mqdp3y/a;"funda con teclado magic keyboard bluetooth folio para ipad a16 blanco y ipad 10.9' decima generacion ";242.12;apple;teclado;3;0;1;0
mqdq3zm/a;"funda smart folio para ipad 10.9' decima generacion blanco";61.88;apple;funda;0;0;1;0
mqdr3zm/a;"funda smart folio para ipad 10.9' decima generacion  amarillo limon";61.88;apple;funda;0;0;1;0
mqdt3zm/a;"funda smart folio para ipad 10.9' decima generacion rojo sandia";61.88;apple;funda;0;0;1;0
mqdu3zm/a;"funda smart folio para ipad 10.9' decima generacion azul celeste";61.88;apple;funda;0;0;1;0
mqdv3zm/a;"funda smart folio para ipad pro 11' cuarta generacion azul mar";68.84;apple;funda;0;0;1;0
mqkq3y/a;"macbook air 15.3' chip m2 con cpu de 8 nucleos 8gb de memoria unificada 512gb ssd grafica m2 gpu de 10 nucleos pantalla liquid retina camara facetime hd a 1080p teclado magic keyboard retroiluminado con touch id trackpad force touch gris espacial";799;apple;macbook;1;0;1;5.33
mqkt3y/a;"macbook air 15.3' chip m2 con cpu de 8 nucleos 8gb de memoria unificada 512gb ssd grafica m2 gpu de 10 nucleos pantalla liquid retina camara facetime hd a 1080p teclado magic keyboard retroiluminado con touch id trackpad force touch plata";799;apple;macbook;1;0;1;5.33
mqrp3y/a;"imac 24' retina 4.5k chip m3 con cpu de 8 nucleos 8gb de memoria unificada 512gb ssd gpu de 10 nucleos dos puertos thunderbolt/usb 4 dos puertos usb 3 gigabyte ethernet magic keyboard  con touch id verde";1469;apple;imac;1;0;1;5.33
mqrr3y/a;"imac 24' retina 4.5k chip m3 con cpu de 8 nucleos 8gb de memoria unificada 512gb ssd gpu de 10 nucleos dos puertos thunderbolt/usb 4 dos puertos usb 3 gigabyte ethernet magic keyboard  con touch id azul";1469;apple;imac;2;0;1;5.33
mqru3y/a;"imac 24' retina 4.5k chip m3 con cpu de 8 nucleos 8gb de memoria unificada 512gb ssd gpu de 10 nucleos dos puertos thunderbolt/usb 4 dos puertos usb 3 gigabyte ethernet magic keyboard  con touch id rosa";1469;apple;imac;1;0;1;5.33
mqrw2zm/a;"funda de piel folio para iphone x color azul cosmo";75.26;apple;funda;2;0;1;0
mqtq3zm/a;"auriculares de diadema  beats studio pro bluetooth con microfono y estuche de transporte azul marino";266.82;beats;auricular;1;0;1;0
mqtr3zm/a;"auriculares de diadema  beats studio pro bluetooth con microfono y estuche de transporte color blanco arena conector de carga usb-c";278.44;beats; auricular;0;0;1;0
mqtt3zm/a;"auriculares de diadema  beats studio pro bluetooth con microfono y estuche de transporte chocolate";278.44;beats;auricular;0;0;1;0
mr-2000w;"lector de tarjetas banda magnetica 2 pistas ps/2 negro";57.5;posiflex;lector;3;0;1;0
mr-2106un;"lector de tarjetas banda magnetica 3 pistas usb negro";73.98;posiflex;lector;2;0;1;0
mr-2200un;"lector de tarjetas banda magnetica 3 pistas lectura bidireccional a doble cara usb negro";74.56;posiflex;lector;5;0;1;0
mr.jqf11.001;"proyector s1286h dlp 3d lumenes 3.500 resolucion nativa 1024x768 xga resolucion maxima 1920x1200 wuxga relacion aspecto nativo 4:3 relacion aspecto compatible 16:9 contraste 20.000:1 hdmi vga rca vga-out usb salida audio mini jack altavoz interno 16w  dimensiones 313x255.3x113.7mm blanco (corta distancia) distancia de proyeccion de 0.4 a 3.8 metros peso 3.1kg";365.47;acer;proyector;7;0;0.25;0
mr.jqg11.001;"proyector s1286hn dlp 3d lumenes 3.500 resolucion nativa 1024x768 xga resolucion maxima 1920x1200 wuxga relacion aspecto nativo 4:3 relacion aspecto compatible 16:9 contraste 20.000:1 hdmi 2xvga rca vga-out usb rs232 ethernet wifi salida audio mini jack altavoz interno 16w  dimensiones 313x255.3x113.7mm blanco (corta distancia) distancia de proyeccion de 0.4 a 3.8 metros peso 3.1kg";397.9;acer;proyector;6;0;0.25;0
mr.jqh11.001;"proyector s1386whn dlp 3d lumenes 3.600 resolucion nativa 1280x800 wxga resolucion maxima 1920x1200 wuxga relacion aspecto nativo 4:3 relacion aspecto compatible 16:9 contraste 20.000:1 hdmi 2xvga rca vga-out usb rs232 ethernet wifi salida audio mini jack altavoz interno 16w mando a distancia bolsa transporte  dimensiones 313x255.3x114mm blanco (corta distancia) distancia de proyeccion 0.4 a 3.8 metros peso 3.1kg";456.72;acer;proyector;6;0;0.25;0
mr.jqu11.001;"proyector s1386wh dlp 3d lumenes 3.600 resolucion nativa 1280x800 wxga resolucion maxima 1920x1200 wuxga relacion aspecto nativo 4:3 relacion aspecto compatible 16:9 contraste 20.000:1 hdmi vga rca vga-out usb rs232 salida audio mini jack altavoz interno 16w 3d mando a distancia bolsa transporte  dimensiones 313x255.3x114mm blanco (corta distancia) distancia de proyeccion 0.4 a 3.8 metros peso 3.1kg";414.96;acer;proyector;7;0;0.25;0
mr.jtg11.00p;"proyector x119h dlp 3d lumenes 3.840 resolucion nativa 800x600 wuxga resolucion maxima 1920x1200 relacion aspecto 4:3 relacion aspecto compatible 16:9 contraste 20.000:1 lampara 220w hdmi vga usb salida audio mini jack altavoz interno  distancia de proyeccion minima 1m maxima 11.8m peso 2.8kg negro";227.76;acer;proyector;39;0;0.25;0
mr.jwm11.001;"proyector interactivos qf15a lumenes 500  hd resolucion maxima 1920x1080 relacion aspecto nativo 16:09 contraste 1.000:1 hdmi usb a  bluetooth altavoz interno distancia de proyeccion 1,5m a 3,5m peso 2.1 kg";160;acer;proyector;3;0;0.25;0
mr7k3y/a;"macbook pro 14.2' chip m3 con cpu de 8 nucleos 8gb de memoria unificada 1tb ssd grafica gpu de 10 nucleos pantalla liquid retina xdr dos puertos thunderbolt/usb 4 hdmi ranura tarjetas sdxc toma para auriculares y puerto magsafe 3 teclado magic keyboard con touch id trackpad force touch adaptador de corriente usb-c 70w plata caja abierta";999;apple;macbook;1;0;1;5.33
mr8v3ql/a;"apple watch series 9 gps caja de aluminio blanco estrella de 41mm, color de correa blanco estrella correa loop deportiva ";229;apple;watch;1;0;1;2.5
mr953ql/a;"apple watch series 9 gps caja de aluminio rosa de 41mm, color de correa rosa claro correa loop deportiva";229;apple;watch;2;0;1;2.5
mr963ql/a;"apple watch series 9 gps caja de aluminio blanco estrella de 45mm, color de correa blanco estrella correa deportiva talla s/m";375.27;apple;watch;1;0;1;2.5
mr973ql/a;"apple watch series 9 gps caja de aluminio blanco estrella de 45mm, color de correa blanco estrella correa deportiva talla m/l";375.27;apple;watch;1;0;1;2.5
mr9a3ql/a;"apple watch series 9 gps caja de aluminio medianoche de 45mm, color de correa medianoche correa deportiva talla m/l";299;apple;watch;2;0;1;2.5
mr9e3ql/a;"apple watch series 9 gps caja de aluminio plata de 45mm, color de correa azul tempestad correa deportiva talla m/l";361.39;apple;watch;1;0;1;2.5
mrhn3ql/a;"apple watch series 9 gps + cellular caja de aluminio blanco estrella de 41mm, color de correa blanco estrella correa deportiva talla s/m";447.05;apple;watch;1;0;1;2.5
mrj13ql/a;"apple watch series 9 gps + cellular caja de aluminio rosa de 41mm, color de correa rosa claro correa loop deportiva ";447.05;apple;watch;4;0;1;2.5
mrj43ql/a;"apple watch series 9 gps + cellular caja de acero inoxidable plata de 41mm con pulsera milanese loop plata";665;apple;watch;1;0;1;2.5
mrm93ql/a;"apple watch series 9 gps + cellular caja de aluminio blanco estrella de 45mm, color de correa blanco estrella correa deportiva talla m/l";471;apple;watch;1;0;1;2.5
mrmd3ql/a;"apple watch series 9 gps + cellular caja de aluminio medianoche de 45mm, color de correa medianoche correa deportiva talla m/l";471;apple;watch;1;0;1;2.5
mrmq3ql/a;"apple watch series 9 gps + cellular caja de acero inoxidable plata de 45mm con pulsera milanese loop plata";704;apple;watch;1;0;1;2.5
mrw33y/a;"macbook pro 16.2' chip m3 max con cpu de 14 nucleos 36gb de memoria unificada 1tb ssd grafica gpu de 30 nucleos pantalla liquid retina xdr tres puertos thunderbolt hdmi ranura tarjetas sdxc toma para auriculares y puerto magsafe 3 teclado magic keyboard con touch id trackpad force touch adaptador de corriente usb-c 140w negro espacial";2975;apple;macbook;1;0;1;5.33
mrw73y/a;"macbook pro 16.2' chip m3 max con cpu de 14 nucleos 36gb de memoria unificada 1tb ssd grafica gpu de 30 nucleos pantalla liquid retina xdr tres puertos thunderbolt hdmi ranura tarjetas sdxc toma para auriculares y puerto magsafe 3 teclado magic keyboard con touch id trackpad force touch adaptador de corriente usb-c 140w plata";2975;apple;macbook;1;0;1;5.33
mrx53y/a;"macbook pro 14.2' chip m3 max con cpu de 14 nucleos 36gb de memoria unificada 1tb ssd grafica gpu de 30 nucleos pantalla liquid retina xdr tres puertos thunderbolt hdmi ranura tarjetas sdxc toma para auriculares y puerto magsafe 3 teclado magic keyboard con touch id trackpad force touch adaptador de corriente usb-c 96w negro espacial";2753;apple;macbook;1;0;1;5.33
mrx83y/a;"macbook pro 14.2' chip m3 max con cpu de 14 nucleos 36gb de memoria unificada 1tb ssd grafica gpu de 30 nucleos pantalla liquid retina xdr tres puertos thunderbolt hdmi ranura tarjetas sdxc toma para auriculares y puerto magsafe 3 teclado magic keyboard con touch id trackpad force touch adaptador de corriente usb-c 96w plata";2753;apple;macbook;1;0;1;5.33
mryq3y/a;"macbook air 15.3' chip m3 con cpu de 8 nucleos 8gb de memoria unificada 512gb ssd grafica m2 gpu de 10 nucleos pantalla liquid retina camara facetime hd a 1080p teclado magic keyboard retroiluminado con touch id trackpad force touch plata";899;apple;macbook;2;0;1;5.33
ms-1470sun-2;"lector codigos de barras 1470g2d laser lectura automatica o pulsador 1d y 2d con soporte usb negro";60.95;honeywell;scanner cb;8;0;1;0
ms-1602-1d;"lector codigos de barras ms-1602 portatil 1d distancia hasta 10 metros bateria larga duracion hasta 2.250 lecturas bluetooth negro";137.52;honeywell;scanner cb;2;0;1;0
ms-3580u;"lector codigos de barras ms-3580 quantum laser omnidireccional sobremesa lectura automatica 1d usb negro";177.55;honeywell;scanner cb;1;0;1;0
ms-7190g;"lector codigos de barras ms-7190 orbit hybrid laser omnidireccional sobremesa o mano lectura automatica 2d o pdf usb negro";191.28;honeywell;scanner cb;2;0;1;0
ms-7680u;"lector codigos de barras ms-7680 genesis xp laser sobremesa multidireccional lectura automatica 2d usb (7680gsr-2usb-1-r) negro";150.42;honeywell;scanner cb;10;0;1;0
msa019btcl;"funda sheerforce transparente y magnetica compatible magsafe para iphone 15";12.72;belkin;funda;4;0;1;0
msa020btcl;"funda sheerforce transparente  y magnetica compatible magsafe para iphone 15 plus";12.72;belkin;funda;4;0;1;0
msa022btcl;"funda sheerforce transparente  y magnetica compatible magsafe para iphone 15 pro max";12.72;belkin;funda;4;0;1;0
mt0;"pasta termica mt0 conductividad termica 6w/m*k 1 gramo gris";1.06;mars gaming;pasta;29;0;1;0
mt0h3ty/a;"cable desde usb-c macho a carga magnetica longitud 1 metro este cable conecta el apple watch combinando la tecnologia magsafe con la carga inductiva al puerto usb del ordenador para sincronizarlo o cargarlo o al adaptador de corriente usb de para cargarlo en una toma de pared";22.29;apple;cable;0;0;1;0
mt1;"pasta termica mt1 conductividad termica 9w/m*k 3 gramos gris";3.68;mars gaming;pasta;45;0;1;0
mt203zm/a;"funda transparente con magsafe para iphone 15 ";41.34;apple;funda;10;0;1;0
mt213zm/a;"funda transparente con magsafe para iphone 15 plus";41.34;apple;funda;3;0;1;0
mt233zm/a;"funda transparente con magsafe para iphone 15 pro max";41.34;apple;funda;2;0;1;0
mtjt3y/a;"altavoces 1.0 homepod mini bluetooth medianoche";87.03;apple;altavoz;0;0;1;0
mtjy3zm/a;"auriculares intrauditivo earpods con microfono y mando de control integrado en el cable usb-c blanco";13;apple;auricular;11;0;1;0
mtvf3ql/a;"iphone 15 pro 6.1' 1tb titanio natural";1299;apple;iphone;2;0;1;3.25
mtvg3ql/a;"iphone 15 pro 6.1' 1tb titanio azul";999;apple;iphone;3;0;1;3.25
mu-pc2t0t/ww;"disco duro externo ssd t7 2tb usb 3.2 color gris";215.07;samsung;ssd ext1+;8;0;1;6.45
mu883zm/a;"cable desde usb-c macho a usb-c macho thunderbolt 4 pro longitud 1 metro";58.3;apple;cable;0;0;1;0
mu963yp/a;"mac studio chip m4 max de apple con cpu de 14 nucleos gpu de 32 nucleos y neural engine de 16 nucleos 36gb de memoria unificada 512gb ssd frontal: dos puertos usb-c y ranura para tarjetas sdxc parte trasera: cuatro puertos thunderbolt 5, dos puertos usb-a, puerto hdmi, puerto ethernet de 10 gb y toma para auriculares de 3,5 mm";1771.9;apple;imac;0;0;1;5.33
mu973yp/a;"mac studio chip m3 ultra de apple con cpu de 28 nucleos gpu de 60 nucleos y neural engine de 32 nucleos 96gb de memoria unificada 1tb ssd frontal: dos puertos thunderbolt 5 y ranura para tarjetas sdxc parte trasera: cuatro puertos thunderbolt 5, dos puertos usb-a, puerto hdmi, puerto ethernet de 10 gb y toma para auriculares de 3,5 mm";3694.45;apple;imac;0;0;1;5.33
mu9d3yp/a;"mac mini chip m4 con cpu de 10 nucleos 16gb de memoria unificada 256gb ssd gpu de 10 nucleos gigabit ethernet tres puertos thunderbolt 4, un puerto hdmi, dos puertos usb-c y toma para auriculares plata";543.61;apple;macmini;0;0;1;5.33
mu9e3yp/a;"mac mini chip m4 con cpu de 10 nucleos 16gb de memoria unificada 512gb ssd gpu de 10 nucleos gigabit ethernet tres puertos thunderbolt 4, un puerto hdmi, dos puertos usb-c y toma para auriculares plata";735.33;apple;macmini;-1;0;1;5.33
mu9f2zm/a;"cargador inalambrico qi 5w para apple watch carga todos los modelos y tamaos se conecta mediante el cable de conector lightning a usb";62.63;apple;cargador;1;0;1;0
muq93zm/a;"cable desde usb-c macho a lightning macho longitud 1 metro este cable conecta iphone, ipad o ipod con conector lightning al puerto usb-c del mac para sincronizarlo o cargarlo o al adaptador de corriente usb-c para cargarlo en una toma de pared";17.28;apple;cable;11;0;1;0
muqw3zm/a;"cable desde lightning macho a usb-a macho 2.0 longitud 1 metro este cable conecta iphone, ipad o ipod con conector lightning al puerto usb del ordenador para sincronizarlo o cargarlo o al adaptador de corriente usb de para cargarlo en una toma de pared";17.3;apple;cable;4;0;1;0
muqx3zm/a;"adaptador desde usb-c macho a lightning hembra";25.44;apple;adaptador;2;0;1;0
muw63y/a;"macbook pro 16.2' chip m3 max con cpu de 16 nucleos 48gb de memoria unificada 1tb ssd grafica gpu de 40 nucleos pantalla liquid retina xdr tres puertos thunderbolt hdmi ranura tarjetas sdxc toma para auriculares y puerto magsafe 3 teclado magic keyboard con touch id trackpad force touch adaptador de corriente usb-c 140w negro espacial";3419;apple;macbook;1;0;1;5.33
muw73y/a;"macbook pro 16.2' chip m3 max con cpu de 16 nucleos 48gb de memoria unificada 1tb ssd grafica gpu de 40 nucleos pantalla liquid retina xdr tres puertos thunderbolt hdmi ranura tarjetas sdxc toma para auriculares y puerto magsafe 3 teclado magic keyboard con touch id trackpad force touch adaptador de corriente usb-c 140w plata";2999;apple;macbook;2;0;1;5.33
muwa3zm/a;"apple pencil usb-c para ipad pro de 13" m5 y m4, ipad pro de 11" m5 y m4, ipad air de 13" m3 y m2, ipad air de 11" m3 y m2 ipad decima generacion, ipad pro de 12.9" tercera, cuarta, quinta y sexta generacion, ipad pro de 11" primera, segunda, tercera y cuarta generacion, ipad air cuarta y quinta generacion, ipad mini sexta generacion. ipad a16. ipad mini a17 pro. carga usb-c";72.53;apple;pencil;10;0;1;0
muwh3ty/a;"ipad air chip m2 11' 256gb wifi azul";417;apple;ipad;1;0;1;3.75
muwl3ty/a;"ipad air chip m2 11' 512gb wifi gris espacial ";617;apple;ipad;2;0;1;3.75
muxg3ty/a;"ipad air chip m2 11' 128gb wifi + cellular purpura";485;apple;ipad;2;0;1;3.75
mv2n3ty/a;"ipad air chip m2 13' 512gb wifi purpura";873;apple;ipad;1;0;1;3.75
mv2q3ty/a;"ipad air chip  m2 13' 1tb wifi azul";978;apple;ipad;1;0;1;3.75
mv6t3ty/a;"ipad air chip m2 13' 128gb wifi + cellular blanco estrella";611;apple;ipad;2;0;1;3.75
mv6y3ty/a;"ipad air chip m2 13' 256gb wifi + cellular purpura";712;apple;ipad;1;0;1;3.75
mvvc3ty/a;"ipad pro 11' chip m4 512gb wifi vidrio estandar negro espacial";969;apple;ipad;1;0;1;3.75
mvvd3ty/a;"ipad pro 11' chip m4 512gb wifi vidrio estandar plata";969;apple;ipad;1;0;1;3.75
mvw13ty/a;"ipad pro 11' chip m4 256gb wifi + cellular vidrio estandar negro espacial (oem) ";969;apple;ipad;1;0;1;3.75
mvx63ty/a;"ipad pro 13' chip m4 1tb wifi vidrio estandar negro espacial";1454;apple;ipad;1;0;1;3.75
mvxr3ty/a;"ipad pro 13' chip m4 256gb wifi + cellular vidrio estandar negro espacial";1249;apple;ipad;1;0;1;3.75
mw2g3zm/a;"cargador de pared a usb-c 30w para iphone ipad macbook air apple watch apple vision pro y airpods";33.12;apple;cargador;9;0;1;0
mw2k3aa/a;"cargador de pared a usb-c doble 35w para iphone ipad";47.05;apple;cargador;5;0;1;0
mw2l3zm/a;"cargador de pared a usb-c 96w para macbook pro de 14' macbook air (13'-15' m3 2024) macbook air (13'-15' m2 2023)  macbook air (13' m1 2020) macbook air (retina 13' 2020-2019-2018) macbook pro (13' 2020) macbook pro (16' 2019) macbook pro (13' 2016-2019) macbook pro (15' 2016-2019) macbook (retina 12' a principios 2015-2017";62.54;apple;cargador;9;0;1;0
mw2m3aa/a;"cargador de pared a usb-c 140w para macbook air macbook pro macbook ipad pro ipad air iphone 15 iphone 16 airpods";86.53;apple;cargador;5;0;1;0
mw2p3zm/a;"adaptador desde lightning macho a hdmi hembra  (sustituye a md826zm/a)";40.83;apple;adaptador;3;0;1;0
mw2q3zm/a;"adaptador desde usb-c macho a mini jack hembra 3.5mm sustituye a mu7e2zm/a";6.91;apple;adaptador;32;0;1;0
mw2r3zm/a;"cable desde usb-c macho a lightning macho longitud 2 metros este cable conecta iphone, ipad o ipod con conector lightning al puerto usb-c del mac para sincronizarlo o cargarlo o al adaptador de corriente usb-c para cargarlo en una toma de pared sustituye a mqgh2zm/a";24.23;apple;cable;5;0;1;0
mw493zm/a;"cable desde usb-c macho a usb-c macho tipo trenzado longitud 1 metro velocidad de carga de hasta 60w sincronizar y transferir datos entre dispositivos usb-c color blanco.(sustituye a mqkj3zm/a)";17.39;apple;cable;18;0;1;0
mw5m3zm/a;"adaptador desde usb-c macho a hdmi hembra usb-c usb-a (sustituye a muf82zm/a )";57.32;apple;adaptador;6;0;1;0
mw613zm/a;"cable desde usb-c macho a magasafe 3 longitud 2 metros color plata";41.34;apple;cable;2;5;1;0
mw653zm/a;"adaptador desde usb-c macho a sd hembra sustituye a mufg2zm/a";32.81;apple;adaptador;3;0;1;0
mw973zm/a;"funda smart folio para ipad pro 11'  m4  blanco";62.54;apple;funda;0;0;1;0
mw983zm/a;"funda smart folio para ipad pro 11'  m4  negro";62.54;apple;funda;0;0;1;0
mw993zm/a;"funda smart folio para ipad pro 11'  m4  azul denim";62.54;apple;funda;0;0;1;0
mwk23zm/a;"funda smart folio para ipad pro 13'  m4  blanco";82.68;apple;funda;0;0;1;0
mwk33zm/a;"funda smart folio para ipad pro 13'  m4 negro";82.68;apple;funda;0;0;1;0
mwk43zm/a;"funda smart folio para ipad pro 13'  m4 azuil denim";82.68;apple;funda;0;0;1;0
mwk53zm/a;"funda smart folio para ipad air 11'  m3, m2, quinta y cuarta generacion gris carbon";62.54;apple;funda;0;0;1;0
mwk63zm/a;"funda smart folio para ipad air 11'  m3, m2, quinta y cuarta generacion azul denim";62.54;apple;funda;0;0;1;0
mwk73zm/a;"funda smart folio para ipad air 11'  m3, m2, quinta y cuarta generacion verde salvia";62.54;apple;funda;0;0;1;0
mwk83zm/a;"funda smart folio para ipad air 11'  m3, m2, quinta y cuarta generacion violeta claro";62.54;apple;funda;0;0;1;0
mwk93zm/a;"funda smart folio para ipad air 13'  m3 y m2 gris carbon";82.68;apple;funda;0;0;1;0
mwka3zm/a;"funda smart folio para ipad air 13'  m3 y m2 azul denim";82.68;apple;funda;0;0;1;0
mwkc3zm/a;"funda smart folio para ipad air 13'  m3 y m2 verde salvia";82.68;apple;funda;0;0;1;0
mwkd3zm/a;"funda smart folio para ipad air 13'  m3 y m2 violeta claro";82.68;apple;funda;0;0;1;0
mwr03y/a;"funda con teclado magic keyboard bluetooth para ipad pro 11'  m5, m4 blanco";285.14;apple;teclado;2;0;1;0
mwr23y/a;"funda con teclado magic keyboard bluetooth para ipad pro 11' m5, m4 negro";285.14;apple;teclado;1;0;1;0
mwr43y/a;"funda con teclado magic keyboard bluetooth para ipad pro 13' m5, m4 blanco";325.42;apple;teclado;2;0;1;0
mwr43z/a;"funda con teclado ingles magic keyboard bluetooth para ipad pro 13' m5, m4 blanco ";325.42;apple;teclado;0;0;1;0
mwr53y/a;"funda con teclado magic keyboard bluetooth para ipad pro 13' m5, m4 negro";321.29;apple;teclado;2;0;1;0
mwt23ty/a;"ipad pro 13' chip m4 2tb wifi + cellular vidrio nanotexturizado plata";2404.68;apple;ipad;1;0;1;3.75
mwty3zm/a;"auriculares intrauditivo earpods lightning blanco sustituye a mmtn2zm/a";16.28;apple;auricular;18;0;1;0
mwuc3y/a;"imac 24' retina 4.5k chip m4 con cpu de 8 nucleos 16gb de memoria unificada 256gb ssd gpu de 8 nucleos dos puertos thunderbolt/usb 4 magic keyboard plata";1153.95;apple;imac;0;0;1;5.33
mwue3y/a;"imac 24' retina 4.5k chip m4 con cpu de 8 nucleos 16gb de memoria unificada 256gb ssd gpu de 8 nucleos dos puertos thunderbolt/usb 4 magic keyboard verde";1153.95;apple;imac;0;0;1;5.33
mwuf3y/a;"imac 24' retina 4.5k chip m4 con cpu de 8 nucleos 16gb de memoria unificada 256gb ssd gpu de 8 nucleos dos puertos thunderbolt/usb 4 magic keyboard azul";1153.95;apple;imac;0;0;1;5.33
mwug3y/a;"imac 24' retina 4.5k chip m4 con cpu de 8 nucleos 16gb de memoria unificada 256gb ssd gpu de 8 nucleos dos puertos thunderbolt/usb 4 magic keyboard rosa";1153.95;apple;imac;-1;0;1;5.33
mwuu3y/a;"imac 24' retina 4.5k chip m4 con cpu de 10 nucleos 16gb de memoria unificada 256gb ssd gpu de 10 nucleos cuatro puertos thunderbolt magic keyboard plata";1344.67;apple;imac;2;0;1;5.33
mwuv3y/a;"imac 24' retina 4.5k chip m4 con cpu de 10 nucleos 16gb de memoria unificada 512gb ssd gpu de 10 nucleos cuatro puertos thunderbolt magic keyboard plata";1535.02;apple;imac;1;0;1;5.33
mwuy3y/a;"imac 24' retina 4.5k chip m4 con cpu de 10 nucleos 16gb de memoria unificada 256gb ssd gpu de 10 nucleos cuatro puertos thunderbolt magic keyboard verde";1344.67;apple;imac;0;0;1;5.33
mwv03y/a;"imac 24' retina 4.5k chip m4 con cpu de 10 nucleos 16gb de memoria unificada 512gb ssd gpu de 10 nucleos cuatro puertos thunderbolt magic keyboard verde";1535.02;apple;imac;1;0;1;5.33
mwv13y/a;"imac 24' retina 4.5k chip m4 con cpu de 10 nucleos 16gb de memoria unificada 256gb ssd gpu de 10 nucleos cuatro puertos thunderbolt magic keyboard azul";1344.67;apple;imac;0;0;1;5.33
mwv33y/a;"imac 24' retina 4.5k chip m4 con cpu de 10 nucleos 16gb de memoria unificada 512gb ssd gpu de 10 nucleos cuatro puertos thunderbolt magic keyboard azul";1520.15;apple;imac;0;0;1;5.33
mwv43y/a;"imac 24' retina 4.5k chip m4 con cpu de 10 nucleos 16gb de memoria unificada 256gb ssd gpu de 10 nucleos cuatro puertos thunderbolt magic keyboard rosa";1344.67;apple;imac;1;0;1;5.33
mwv53y/a;"imac 24' retina 4.5k chip m4 con cpu de 10 nucleos 16gb de memoria unificada 512gb ssd gpu de 10 nucleos cuatro puertos thunderbolt magic keyboard rosa";1535.02;apple;imac;0;0;1;5.33
mwvg2zm/a;"funda transparente para iphone 11 estandar";29;apple;funda;1;0;1;0
mww43zm/a;"auriculares de diadema airpods max con microfono y cancelacion de ruido con modo de sonido ambiente bluetooth audio compartido cambio automatico y deteccion de uso carga por usb-c color medianoche";440.64;apple;auricular;2;0;1;0
mww53zm/a;"auriculares de diadema airpods max con microfono y cancelacion de ruido con modo de sonido ambiente bluetooth audio compartido cambio automatico y deteccion de uso carga por usb-c color blanco estrella";440.64;apple;auricular;3;0;1;0
mww63zm/a;"auriculares de diadema airpods max con microfono y cancelacion de ruido con modo de sonido ambiente bluetooth audio compartido cambio automatico y deteccion de uso carga por usb-c color azul";440.64;apple;auricular;1;0;1;0
mww73zm/a;"auriculares de diadema airpods max con microfono y cancelacion de ruido con modo de sonido ambiente bluetooth audio compartido cambio automatico y deteccion de uso carga por usb-c color naranja";440.64;apple;auricular;3;0;1;0
mww83zm/a;"auriculares de diadema airpods max con microfono y cancelacion de ruido con modo de sonido ambiente bluetooth audio compartido cambio automatico y deteccion de uso carga por usb-c color purpura";440.64;apple;auricular;3;0;1;0
mwwf3ql/a;"apple watch series 10 gps caja de aluminio negro azabache 42mm, color de correa negra correa deportiva talla m/l";328.34;apple;watch;1;0;1;2.5
mwwh3ql/a;"apple watch series 10 gps caja de aluminio oro rosa 42mm, color de correa rosa rubor correa deportiva talla s/m";351;apple;watch;1;0;1;2.5
mwyk2zm/a;"funda transparente para iphone 11 pro";29;apple;funda;1;0;1;0
mx2d3zm/a;"pencil pro para ipad pro de 13' m5 y m4 ipad pro de 11' m5 y m4 ipad air de 13' m3 y m2 ipad air de 11' m3 y m2 ipad mini a17 pro carga magnetica";120.28;apple;pencil;11;0;1;0
mx432zm/a;"auriculares de diadema solo3 coleccion icon bluetooth con microfono negro mate";159.6;beats;auricular;1;0;1;0
mx472zm/a;"auriculares de diadema solo3 bluetooth con microfono rojo";151.2;beats;auricular;1;0;1;0
mx532zy/a;"airtag";21;apple;airtag;8;0;1;0
mx6x3zm/a;"cargador magsafe (el adaptador de corriente usb-c de 20w se vende por separado) para iphone (sustituye a mhxh3zm/a) tipo inalambrico qi";33.93;apple;cargador;5;0;1;0
mx753zm/a;"auriculares intrauditivo powerbeats pro 2 con microfono, sensor para medir la frecuencia cardiaca, cancelacion de ruido activa, modo de sonido ambiente, ecualizacion adaptativa, bluetooth hasta 45 horas de autonomia, resistentes al sudor y al agua y estuche de carga color purpura intenso.";222.53;beats;auricular;1;0;1;0
mx763zm/a;"pencil pack de 4 puntas adicionales (sustituye a mlun2zm/a)";20.67;apple;accesorio;0;0;1;0
mxck3y/a;"teclado magic keyboard bluetooth con touch id para modelos de mac con chip de apple y macos 11.4 o superior (usb-c)";125.08;apple;teclado;3;0;1;0
mxcl3y/a;"teclado magic keyboard bluetooth para modelos de mac con chip de apple macos11.3 o posterior ipados 14.5 o posterior iphone con ios 14.5 o posterior (usb-c)";87.98;apple;teclado;3;0;1;0
mxd13y/a;"macbook air 15.3' chip m3 con cpu de 8 nucleos 16gb de memoria unificada 512gb ssd grafica m2 gpu de 10 nucleos pantalla liquid retina camara facetime hd a 1080p teclado magic keyboard retroiluminado con touch id trackpad force touch gris espacial";1149;apple;macbook;1;0;1;5.33
mxd33y/a;"macbook air 15.3' chip m3 con cpu de 8 nucleos 16gb de memoria unificada 512gb ssd grafica m2 gpu de 10 nucleos pantalla liquid retina camara facetime hd a 1080p teclado magic keyboard retroiluminado con touch id trackpad force touch blanco estrella";1149;apple;macbook;2;0;1;5.33
mxec3ql/a;"apple watch serie se gps caja de aluminio plata 40mm, color de correa azul denim correa deportiva talla s/m";194;apple;watch;2;0;1;2.5
mxee3ql/a;"apple watch serie se gps caja de aluminio plata 40mm, color de correa azul nube correa loop deportiva";194;apple;watch;0;0;1;2.5
mxk53zm/a;"raton magic mouse bluetooth (sustituye a mk2e3zm/a)";62.33;apple;raton;2;0;1;0
mxk63zm/a;"raton magic mouse 2 bluetooth cable de carga usb-c negro (sustituye a mmmq3zm/a)";86.92;apple;accesorio;4;0;1;0
mxk73y/a;"teclado magic keyboard bluetooth con touch id y teclado numerico formato normal blanco para modelos de mac con chip de apple y macos 11.4 o posterior";147.34;apple;teclado;0;0;1;0
mxk83y/a;"teclado magic keyboard bluetooth con touch id y teclado numerico formato normal negro para modelos de mac con chip de apple y macos 11.4 o posterior";167.48;apple;teclado;2;0;1;0
mxk93z/a;"raton magic trackpad (sustituye a mk2d3z/a)";102.82;apple;accesorio;4;0;1;0
mxka3z/a;"raton magic trackpad superficie multi-touch bluetooth negro (sustituye a mmmp3z/a)";122.89;apple;accesorio;1;0;1;0
mxn43zm/a;"pencil bluetooth para ipad pro de 12.9' sexta, quinta,cuarta y tercera generacion, ipad pro de 11' cuarta, tercera, segunda y primera generacion, ipad air quinta y cuarta generacion, ipad mini sexta generacion.";126.14;apple;pencil;5;0;1;0
mxn53aa/a;"cargador de pared a usb-c 70w para iphone ipad  macbook pro, macbook air";47.85;apple;cargador;11;0;1;0
mxn63ty/a;"ipad mini 8.3' a17 pro 128gb wifi gris espacial 2024";434.04;apple;ipad mini;0;0;1;3.75
mxn73ty/a;"ipad mini 8.3' a17 pro 128gb wifi azul 2024";434.04;apple;ipad mini;0;0;1;3.75
mxn83ty/a;"ipad mini 8.3' a17 pro 128gb wifi blanco estrella 2024";434.04;apple;ipad mini;-1;0;1;3.75
mxn93ty/a;"ipad mini 8.3' a17 pro 128gb wifi purpura 2024";434.04;apple;ipad mini;0;0;1;3.75
mxna3ty/a;"ipad mini 8.3' a17 pro 256gb wifi gris espacial 2024";537.67;apple;ipad mini;0;0;1;3.75
mxnc3ty/a;"ipad mini 8.3' a17 pro 256gb wifi azul 2024";537.67;apple;ipad mini;0;0;1;3.75
mxnd3ty/a;"ipad mini 8.3' a17 pro 256gb wifi blanco estrella 2024";537.67;apple;ipad mini;0;0;1;3.75
mxne3ty/a;"ipad mini 8.3' a17 pro 256gb wifi purpura 2024";537.67;apple;ipad mini;0;0;1;3.75
mxp63zm/a;"auriculares intrauditivo airpods 4 con microfono y estuche de carga por usb-c bluetooth blanco ";112.36;apple;auricular;22;0;1;0
mxp93zm/a;"auriculares intrauditivo airpods 4 con microfono cancelacion de ruido estuche de carga inalambrica y por usb-c bluetooth blanco ";152.08;apple;auricular;22;0;1;0
mxpn3ty/a;"ipad mini 8.3' a17 pro 128gb wifi + cellular gris espacial 2024";569.56;apple;ipad mini;0;0;1;3.75
mxpp3ty/a;"ipad mini 8.3' a17 pro 128gb wifi + cellular azul 2024";569.56;apple;ipad mini;1;0;1;3.75
mxpq3ty/a;"ipad mini 8.3' a17 pro 128gb wifi + cellular blanco estrella 2024";569.56;apple;ipad mini;1;0;1;3.75
mxpr3ty/a;"ipad mini 8.3' a17 pro 128gb wifi + cellular purpura 2024";569.56;apple;ipad mini;1;0;1;3.75
mxpt3ty/a;"ipad mini 8.3' a17 pro 256gb wifi + cellular gris espacial 2024";673.19;apple;ipad mini;2;0;1;3.75
mxpw3ty/a;"ipad mini 8.3' a17 pro 256gb wifi + cellular azul 2024";673.19;apple;ipad mini;0;0;1;3.75
mxpx3ty/a;"ipad mini 8.3' a17 pro 256gb wifi + cellular blanco estrella 2024";673.19;apple;ipad mini;0;0;1;3.75
mxpy3ty/a;"ipad mini 8.3' a17 pro 256gb wifi + cellular purpura 2024";673.19;apple;ipad mini;0;0;1;3.75
my5h2y/a;"altavoces 1.0 homepod mini bluetooth blanco";87.44;apple;altavoz;0;0;1;0
mygy3ty/a;"ipad mini 8.3' a17 pro 512gb wifi gris espacial 2024";736.98;apple;ipad mini;0;0;1;3.75
myh13ty/a;"ipad mini 8.3' a17 pro 512gb wifi azul 2024";736.98;apple;ipad mini;0;0;1;3.75
myh23ty/a;"ipad mini 8.3' a17 pro 512gb wifi blanco estrella 2024";736.98;apple;ipad mini;0;0;1;3.75
myh33ty/a;"ipad mini 8.3' a17 pro 512gb wifi purpura 2024";736.98;apple;ipad mini;0;0;1;3.75
myh83z/a;"cargador de pared a magsafe 2 85w para macbook pro con pantalla retina";63.75;apple;cargador;1;3;1;0
myhc3ty/a;"ipad mini 8.3' a17 pro 512gb wifi + cellular gris espacial 2024";872.49;apple;ipad mini;0;0;1;3.75
myhd3ty/a;"ipad mini 8.3' a17 pro 512gb wifi + cellular azul 2024";872.49;apple;ipad mini;0;0;1;3.75
myhe3ty/a;"ipad mini 8.3' a17 pro 512gb wifi + cellular blanco estrella 2024";872.49;apple;ipad mini;0;0;1;3.75
myhf3ty/a;"ipad mini 8.3' a17 pro 512gb wifi + cellular purpura 2024";872.49;apple;ipad mini;0;0;1;3.75
myjg3yp/a;"monitor studio display vidrio standar soporte con inclinacion ajustables pantalla retina 5k (5120x2880) de 27' ultra camara gran angular de 12 mpx con encuadre centrado tres micrfonos y altavoces con audio espacial 3xusb-c + 1xthunderbolt 3";1362.4;apple;monitor;1;0;1;0
myqt3zm/a;"cable desde usb-c macho a usb-c macho velocidad de carga de hasta 240w longitud 2 metros";24.91;apple;cable;3;5;1;0
myqy3zm/a;"auriculares intrauditivo earpods con microfono y mando de control integrado en el cable usb-c blanco (sustituye a mtjy3zm/a)";12.98;apple;auricular;0;0;1;0
mz-77e1t0b/eu;"disco interno ssd 2.5' 870 evo serial ata 1tb 6gbit/s velocidad lectura hasta 560mb/s velocidad escritura hasta 530mb/s";192.71;samsung;ssd int1;2;0;1;1.5
mz-77e2t0b/eu;"disco interno ssd 2.5' 870 evo serial ata 2tb 6gbit/s velocidad lectura hasta 560mb/s velocidad escritura hasta 530mb/s";299.23;samsung;ssd int1+;5;0;1;3
mz-77e4t0b/eu;"disco interno ssd 2.5' 870 evo serial ata 3 4tb 6gbit/s velocidad lectura hasta 560mb/s velocidad escritura hasta 530mb/s";368.16;samsung;ssd int1+;0;0;1;3
mz-77e500b/eu;"disco interno ssd 2.5' 870 evo serial ata 500gb 6gbit/s velocidad lectura hasta 560mb/s velocidad escritura hasta 530mb/s";157.33;samsung;ssd int1;1;0;1;1.5
mz-v7s2t0bw;"disco interno ssd pcie nvme m.2 2280 970 evo plus 2tb velocidad lectura hasta 3500mb/s velocidad escritura hasta 3300mb/s";163.69;samsung;ssd int1+;0;0;1;3
mz-v9p1t0bw;"disco interno ssd pcie 4.0 nvme m.2 2280 990 pro 1tb velocidad lectura hasta 7450mb/s velocidad escritura hasta 6900mb/s compatible con ps5 ";166.95;samsung;ssd int1;14;0;1;1.5
mz-v9p2t0bw;"disco interno ssd pcie 4.0 nvme m.2 2280 990 pro 2tb velocidad lectura hasta 7450mb/s velocidad escritura hasta 6900mb/s";266.24;samsung;ssd int1+;10;0;1;3
mz-v9p4t0bw;"disco interno ssd pcie 4.0 nvme m.2 2280 990 pro 4tb velocidad lectura hasta 7450mb/s velocidad escritura hasta 6900mb/s";587.6;samsung;ssd int1+;4;0;1;3
mzb0alueu;"smartphone redmi note 11 capacidad 64gb ram 4gb procesador snapdragon 680 pantalla 6.43' camara frontal 13mp camara trasera triple 50mp bateria 5000mah nfc dual sim sensor de huella dactilar lateral sistema operativo miui 13 gris grafito";99;xiaomi;smartphone;1;0;1;3.25
mzb0g7ueu;"smartphone redmi note 13 pro nfc capacidad 256gb ram 8gb procesador mediatek helio g99 octa-core pantalla 6.67' amoled  camara frontal 16mp camara trasera triple 200mp+8mp+2mp bateria 5000mah 4g  sim + micro sd sensor de huellas dactilares lateral sistema operativo miui 14 android 11 purpura";208.65;xiaomi;smartphone;4;0;1;3.25
mzb0glceu;"smartphone redmi a3 capacidad  64gb ram 3gb procesador media tek helio g36 pantalla 6.71' camara frontal 5 mp camara trasera 8mp bateria 5000mah 4g dual sim slot micro sd color  verde oliva";62.45;xiaomi;smartphone;2;0;1;3.25
mzb0hxzeu;"smartphone redmi 14c capacidad  128gb ram 4gb procesador mediatek helio g81-ultra pantalla 6.88' camara frontal 13 mp camara trasera triple 50mp bateria 5160mah 4g dual sim + micro sd color  verde";89.06;xiaomi;smartphone;2;0;1;3.25
mzb0ikneu;"smartphone redmi note 14 pro plus nfc capacidad  512gb ram 12gb procesador snapdragon 7s gen 3 pantalla 6.67' camara frontal 20 mp camara trasera 200mp + 8mp bateria 5110mah 5g dual sim color purpura";296.39;xiaomi;smartphone;1;0;1;3.25
mzb0ikveu;"smartphone redmi note 14 nfc capacidad  256gb ram 8gb procesador helio g99-ultra pantalla 6.67' camara frontal 20 mp camara trasera triple 108mp + 2mp + 2mp bateria 5500mah 4g dual sim o micro sd color  negro";142.18;xiaomi;smartphone;3;0;1;3.25
mzb0inyeu;"smartphone redmi note 14 nfc capacidad  256gb ram 8gb procesador mediatek dimwnsity 7025-ultra pantalla 6.67' camara frontal 20 mp camara trasera triple 108mp + 8mp + 2mp bateria 5110mah 5g dual sim o micro sd color  negro";161.69;xiaomi;smartphone;4;0;1;3.25
mzb0iyweu;"smartphone redmi note 14 nfc capacidad  256gb ram 8gb procesador mediatek helio g99-ultra pantalla 6.67' camara frontal 20 mp camara trasera triple 108mp + 2mp + 2mp bateria 5500mah 4g dual sim o micro sd color  azul";133.75;xiaomi;smartphone;0;0;1;3.25
mzb0izzeu;"smartphone redmi note 14 nfc capacidad  256gb ram 8gb procesador helio g99-ultra pantalla 6.67' camara frontal 20 mp camara trasera triple 108mp + 2mp + 2mp bateria 5500mah 4g dual sim o micro sd color verde";133.81;xiaomi;smartphone;1;0;1;3.25
mzb0j09eu;"smartphone redmi note 14 nfc capacidad  128gb ram 6gb procesador helio g99-ultra pantalla 6.67' camara frontal 20 mp camara trasera triple 108mp + 2mp + 2mp bateria 5500mah 4g dual sim o mico sd proteccion ip54 color  azul";113.42;xiaomi;smartphone;0;0;1;3.25
mzb0koaeu;"smartphone redmi 15c nfc capacidad  128gb ram 4gb procesador mediatek helio g81-ultra pantalla 6.9' camara frontal 8 mp camara trasera 50mp bateria 6000mah 4g dual sim o micro sd color  negro";87.74;xiaomi;smartphone;2;0;1;3.25
mzb0lbteu;"smartphone redmi 15c capacidad  128gb ram 4gb nfc procesador mediatek helio g81-ultra pantalla 6.9' camara frontal 8 mp camara trasera 50mp bateria 6000mah 4g dual sim + micro sd color  azul";86.94;xiaomi;smartphone;3;0;1;3.25
mzb0lcfeu;"smartphone redmi 15c capacidad  128gb ram 4gb nfc procesador mediatek helio g81-ultra pantalla 6.9' camara frontal 8 mp camara trasera 50mp bateria 6000mah 4g dual sim + micro sd color  verde";87.74;xiaomi;smartphone;3;0;1;3.25
mzb0lineu;"smartphone redmi 15c capacidad  128gb ram 4gb procesador mediatek dimensity 6300 pantalla 6.9' camara frontal 8 mp camara trasera 50mp bateria 6000mah 5g dual sim o micro sd color negro";100.65;xiaomi;smartphone;3;0;1;3.25
mzb0liteu;"smartphone redmi 15c capacidad  128gb ram 4gb procesador mediatek dimensity 6300 pantalla 6.9' camara frontal 8 mp camara trasera 50mp bateria 6000mah 5g dual sim o micro sd color verde";101.72;xiaomi;smartphone;4;0;1;3.25
mzb0lwfeu;"smartphone redmi note 15 nfc capacidad  256gb ram 8gb procesador snapdragon 6 gen 3 pantalla 6.77' camara frontal 20 mp camara trasera 108mp + 8mp bateria 5520mah 5g dual (sim o microsd)  color  purpura";201.52;xiaomi;smartphone;1;0;1;3.25
mzb0lymeu;"smartphone redmi note 15 pro nfc capacidad  256gb ram 8gb procesador media tek helio g200-ultra pantalla 6.83' camara frontal 32 mp camara trasera 200mp + 8mp bateria 6500mah dual (sim o microsd) color negro";207.49;xiaomi;smartphone;3;0;1;3.25
mzb0mi3eu;"smartphone redmi note 15 pro plus nfc capacidad  256gb ram 8gb procesador snapdragon 7s gen 4 pantalla 6.83' camara frontal 32 mp camara trasera 200mp + 8mp bateria 6500mah 5g dual sim color azul glaciar";306.51;xiaomi;smartphone;1;0;1;3.25
mzb0mi4eu;"smartphone redmi note 15 pro plus nfc capacidad  256gb ram 8gb procesador snapdragon 7s gen 4 pantalla 6.83' camara frontal 32 mp camara trasera 200mp + 8mp bateria 6500mah 5g dual sim color negro";307.09;xiaomi;smartphone;3;0;1;3.25
n9j71ae;"tinta 62 negro + 62 tricolor pack ahorro";38.43;hp;tinta;1;0;1;0
n9j72ae;"tinta 301 negro + 301 tricolor pack ahorro";39.3;hp;tinta;8;0;1;0
n9j73ae;"tinta 364 serie 4 colores pack ahorro";49.29;hp;tinta;2;0;1;0
n9k05ae;"tinta 304 tricolor 100 paginas aproximadamente";12.1;hp;tinta;7;0;1;0
n9k06ae;"tinta 304 negro 120 paginas aproximadamente";12.52;hp;tinta;6;0;1;0
n9k07ae;"tinta 304xl tricolor 300 paginas aproximadamente";29.22;hp;tinta;11;0;1;0
n9k08ae;"tinta 304xl negro 300 paginas aproximadamente";25.78;hp;tinta;21;0;1;0
nc9110w;"adaptador wifi 2.4/5ghz  para impresora brother hll6410dn hll6415dn mfcl6910dn mfcl6915dn";39.22;brother;;0;0;1;0
nh.qz8eb.00q;"portatil nitro v15 anv15-52 intel core i9 13900h memoria ram 16gb ddr4 512gb ssd pcie nvme 15.6' fhd ips 165hz grafica 8gb gddr7 geforce rtx 5060 3xusb a 3.2 usb c thunderbolt hdmi ethernet wifi 6 bluetooth sin sistema operativo";864.26;acer;portatil;9;0;0.25;5.33
nh.u1heb.00c;"portatil gaming amd ryzen 7 260 memoria ram 16gb ddr5 512gb ssd pcie nvme  16' wuxga ips 180hz grafica 8gb geforce rtx 5050 wifi 6e bluetooth ethernet 3xusb 3.2 1xusb c compatible displayport hdmi lector micro sd teclado retroiluminado bateria 76wh sin sistema operativo";780.69;acer;portatil;7;0;0.25;5.33
nova;"chasis semitorre nova sin fuente soporta atx micro atx mini itx bahias internas 1x3.5' hdd 2x2.5' 1xventilador trasero 120mm rgb 3xventilador frontal 120mm rgb  2xusb 2.0 1xusb 3.0 salida audio y microfono ventana lateral y frontal dimensiones (prxalxan) 410x425x280mm peso 6 kg negro";48.21;l-link;chasis;24;0;1;0
np.kbd11.00a;"teclado bluetooth para iconia w-810";29.54;acer;teclado;1;0;0.25;0
np964qha-kg1es;"portatil convertible galaxy book5 360 intel core ultra 7-258v 32gb ddr5 1tb ssd m.2 nvme pcie 16' amoled wqxga 2880x1800 120hz tactil grafica 16gb intel arc 140v webcam fhd wifi 7 bluetooth 5.4 usb 3.2 2xusb-c thunderbolt 4 micro sd hdmi cuatro altavoces 2x5w y 2x3.3w teclado numerioco retroiluminado sensor de huella bateria 76wh windows 11 pro 64 bit peso 1.69kg gris";1499;samsung;portatil;0;0;1;5.33
nv-cam01-solar4g;"camara videovigilancia exterior fija tubular 4g con bateria y panel solar resolucion super hd 2k  1296p 3mp (2304x1296) angulo de vision de 120 con zoom digital 4x movimiento horizontal de 260 y vertical de 90 vision infrarroja con led ir 20m  modo inteligente vision infrarroja en reposo y activacion de flash ante detecciones comunicacion bidireccional de audio deteccion de movimiento inteligente notificaciones grabacion en tarjeta micro sd hast a128gb ranura para tarjeta sim 4g";94.69;nivian;camara vid;0;0;1;0
nv-cam02s;"camara videovigilancia exterior motorizada 4g con bateria y panel solar resolucion super hd 2k 1296p 3mp (2304x1296) angulo de vision de 120 con zoom digital 4x movimiento horizontal de 260 y vertical de 90 vision infrarroja con led ir 20m modo inteligente vision infrarroja en reposo y activacion de flash ante detecciones comunicacion bidireccional de audio deteccion de movimiento inteligente notificaciones grabacion en tarjeta micro sd hast a128gb ranura para tarjeta sim 4g";123.2;nivian;camara vid;1;0;1;0
nvs-ipc-bulb1;"camara videovigilancia exterior motorizada de bombilla  2k con vista panoramica de 360 de 3 megapixeles y led infrarrojo grabacion en tarjeta micro sd (hasta 128gb) o cloud casquillo e27 wifi 2.4 ghz  control pt autotraking ir 10m luz led blanca deteccion de personas compatible tuya smart google y alexa";28.6;nivian;camara vid;3;0;1;0
nx.b0zeb.007;"portatil travelmate  tmp214-55-tco-76lp intel i7-1355u, memoria ram 16gb ddr4, 512gb ssd m.2 nvme 14' wuxga ips resolucion  1920 x 1200 grafica integrada intel® iris® xe graphics, wifi 6e, bluetooth® 5.3,  webcam  smartcard lector de huellas teclado retroiluminado hdmi usb-c thunderbolt 4 2xusb 3.2 gen 1 windows 11 pro negro";612.12;acer;portatil;-1;0;0.25;5.33
nx.b63eb.002;"portatil travelmate p2 14 tmp214-55 intel core 7 150u hasta 5.4ghz, memoria ram 16gb ddr5 (una ranura vacia), 512gb ssd m.2 nvme 14' ips wuxga resolucion  1920 x 1200 grafica integrada intel  wifi 6e  bluetooth® ,  micro sd - card reader ethernet usb-c compatible thunderbolt 4 y displayport atl mode + usb 3.2 w/power off charging usb 3.2 gen 1 hdmi fhd webcam windows 11 pro  bateria 53wh color gris metalizado";640.64;acer;portatil;7;0;0.25;5.33
nx.bd3eb.003;"portatil travelmate p2 tmp214-56-tco intel i5-1334u hasta 4.6ghz, memoria ram 16gb ddr5 (una ranura vacia), 512gb ssd m.2 nvme 14' wuxga resolucion  1920 x 1200 grafica integrada intel iris xe, wifi 6e  bluetooth® ,  micro sd - card reader ethernet 2xusb-c compatible thunderbolt 4 y displayport atl mode + usb 3.2 w/power off charging usb 3.2 gen 1 hdmi fhd webcam windows 11 pro  bateria 53wh color plata";564.72;acer;portatil;3;0;0.25;5.33
nx.bhheb.002;"portatil travelmate p2 tmp216-51 intel i5-1334u hasta 4.6ghz, memoria ram 16gb ddr5, 256gb ssd m.2 nvme 16' fhd ips resolucion  1920 x 1200 grafica integrada intel uhd, wifi 6e  bluetooth® 5.3,  micro sd - card reader ethernet 2xusb-c compatible thunderbolt 4 2xusb-a 3.2 gen 1 hdmi fhd webcam windows 11 pro  color negro";575.12;acer;portatil;2;0;0.25;5.33
nx.blpeb.001;"portatil travelmate p2 tmp215-75-g2-tco intel core ultra 5 125h hasta 4.5ghz, memoria ram 16gb ddr5 (una ranura vacia), 512gb ssd m.2 nvme 15.6' fhd ips resolucion  1920 x 1080 grafica integrada intel arc, wifi 6e  bluetooth® 5.3, micro sd - card reader ethernet 2xusb-c compatible thunderbolt 4 y displayport atl mode + usb 3.2 w/power off charging usb 3.2 gen 1 hdmi fhd webcam windows 11 pro  bateria 53wh color plata apto para el kit digital";717.6;acer;portatil;9;0;0.25;5.33
nx.ds1eb.001;"portatil aspire lite 15 al15-48p-r8we amd ryzen 7 5825u hasta 4.5ghz memoria ram 8gb ddr4 512gb ssd m.2 nvme  grafica integrada amd radeon graphics 15.6' ips full hd slimbezer 1920 x 1080 pixeles/ 250 cd / m² / 60 hz wi-fi 6 bluetooth 5.2 webcam (fhd) 1 x usb 3.2 (gen1) tipo a 1 x usb 2.01 x  usb 3.2 (gen2) tipo c  soporta dp y suministro de energia 1 x  usb 3.2 (gen2) tipo c soporta suministro de energia 1 x hdmi 1 x combo de salida de auriculares / microfono lector de tarjeta microsd windows 11 home bateria 53wh peso 1.45 kg  color plata";452.3;acer;portatil;10;0;0.25;5.33
nx.egyeb.0041tb;"portatil extensa 215-55-58px intel i5-1235u, memoria ram 8gb ddr4, 256gb ssd m.2 + 1tb hdd 15.6' fhd resolucion 1920 x 1080, intel® dual band wireless ax, bluetooth 5.0, grafica integrada intel® iris® xe graphics, webcam hd 720p, bateria 40wh, windows 11 home extensa gris metalizado";435.76;acer;portatil;1;0;0.25;5.33
nx.egyeb.00a;"portatil extensa 215-55-71de intel i.7-1255u, memoria ram 8gb ddr4, 512gb ssd, 15.6'  fhd resolucion 1920 x 1080, intel® dual band wireless ax, bluetooth 5.0, grafica integrada intel® iris® xe graphics, webcam hd 720p, bateria 40wh, windows 11 home gris metalizado";477.36;acer;portatil;2;0;0.25;5.33
nx.ej5eb.004;"portatil extensa ex215-24 amd ryzen 5 7520u hasta 2.8ghz memoria ram 8gb ddr5 512gb ssd m.2 nvme grafica integrada amd radeon graphics 15.6' full hd 1920x1080 60hz  wifi bluetooth 5.1 hdmi usb 2.0 usb 3.2 2xusb-c bateria 53wh sin sistema operativo color gris";310.04;acer;portatil;1;0;0.25;5.33
nx.ej8eb.004;"portatil extensa ex215-57 intel i5 13420h hasta 4.6ghz memoria ram 16gb ddr5 512gb ssd m.2 nvme grafica integrada intel uhd graphics 15.6' full hd 1920x1080 60hz  tn wifi bluetooth 5.2 hdmi 2xusb-c 3.2 compatible con el modo alternativo displayport 2xusb 3.2  bateria 53wh windows 11 pro peso 1.8kg color plata pura.";512.66;acer;portatil;12;0;0.25;5.33
nx.ej9eb.008;"portatil extensa ex215-57 intel core 5 120u hasta 5ghz memoria ram 16gb ddr5 512gb ssd m.2 nvme grafica integrada intel graphics 15.6' full hd 1920x1080 60hz  wifi bluetooth 5.2 hdmi 2xusb 3.2 2xusb-c soporta displayport alt mode y suministro de energia bateria 53wh windows 11 pro color negro";549;acer;portatil;7;20;0.25;5.33
nx.ejbeb.004;"portatil extensa ex215-57 intel i7-13620h hasta 4.9ghz memoria ram 16gb ddr5 1tb ssd m.2 nvme grafica integrada intel uhd graphics 15.6' full hd tn 1920x1080 60hz  wifi 6 bluetooth 5.1 hdmi 2xusb 3.2 2xusb-c ethernet bateria 53wh freedos color plata";493.77;acer;portatil;20;0;0.25;5.33
nx.ejbeb.005;"portatil extensa ex215-57 intel i7-13620h hasta 4.9ghz memoria ram 16gb ddr5 512gb ssd m.2 nvme grafica integrada intel uhd graphics 15.6' full hd tn 1920x1080 60hz  wifi 6 bluetooth 5.1 hdmi 2xusb 3.2 2xusb-c ethernet bateria 53wh freedos color plata";466.96;acer;portatil;23;0;0.25;5.33
nx.ek8eb.001;"portatil extensa 15 exo15-51 intel core ultra 5 115u hasta 4.2ghz, memoria ram 16gb ddr5, 512gb ssd m.2 nvme 15.6' fhd resolucion  1920 x 1080 grafica integrada intel, wifi 6e  bluetooth® 5.1, ethernet 2xusb-c compatible displayport atl mode + power off charging 2xusb 3.2 gen 1 hdmi fhd webcam windows 11 pro  bateria 53wh color  gris lunar";571.04;acer;portatil;20;0;0.25;5.33
nx.j4geb.01h;"portatil aspire go 15 ag15-71p intel i5-13420h hasta 4.6ghz memoria ram 16gb ddr5 512gb ssd m.2 nvme 15.6' tn full hd comfyview 1920 x 1080 pixeles/ 220 cd / m² / 60 hz grafica integrada wi-fi 6 bluetooth webcam (hd) 2 x usb 3.2 (gen1) tipo a 2 x usb 3.2 (gen1) tipo c  soporta dp 1 x hdmi 1 x combo de salida de auriculares / microfono del puerto windows 11 home bateria 53wh peso 1.8 kg plata pura";428.08;acer;portatil;17;0;0.25;5.33
nx.j4geb.01j;"portatil aspire go 15 ag15-71p intel i7 13620h memoria ram 16gb ddr5 1tb ssd pcie nvme 15.6' fhd ips 1920x1080 grafica integrada uhd graphics 2xusb-a 3.2 2xusb-c 3.2 bluetooth 5.0 hdmi wifi  windows 11 home bateria 53wh color plata";530.23;acer;portatil;15;0;0.25;5.33
nx.j4geb.023;"portatil aspire go 15 ag15-42p intel i5-13420h hasta 4.6ghz memoria ram 8gb ddr5 512gb ssd m.2 nvme  15.6' tn full hd comfyview 1920 x 1080 pixeles/ 220 cd / m² / 60 hz grafica integrada wi-fi 6 bluetooth webcam (hd) 2 x usb 3.2 (gen1) tipo a 2 x usb 3.2 (gen1) tipo c  soporta dp 1 x hdmi 1 x combo de salida de auriculares / microfono del puerto windows 11 home bateria 53wh peso 1.8 kg  color plata";388.96;acer;portatil;18;0;0.25;5.33
nx.j4geb.02f;"portatil aspire go 15 ag15-42p intel i7-13620h hasta 4.9ghz memoria ram 16gb ddr5 1tb ssd m.2 nvme  15.6' tn full hd comfyview 1920 x 1080 pixeles/ 220 cd / m² / 60 hz grafica integrada wi-fi 6 bluetooth webcam (hd) 2 x usb 3.2 (gen1) tipo a 2 x usb 3.2 (gen1) tipo c  soporta dp 1 x hdmi 1 x combo de salida de auriculares / microfono del puerto windows 11 home bateria 53wh peso 1.8 kg  color plata";564.16;acer;portatil;23;0;0.25;5.33
nx.j7web.00h;"portatil aspire go 15 ag15-42p amd ryzen 5 5625u hasta 4.3ghz memoria ram 16gb ddr4 512gb ssd m.2 nvme  grafica integrada amd radeon graphics 15.6' tn full hd comfyview 1920 x 1080 pixeles/ 220 cd / m² / 60 hz  wi-fi 6 bluetooth 5.1 webcam  3 x usb 3.2 (gen1) tipo a 1 x usb 3.2 (gen1) tipo c  soporta dp 1 x hdmi 1 x ethernet lan (rj-45) 1 x combo de salida de auriculares / microfono bateria 53wh peso 1.78 kg windows 11 home plata pura";420.16;acer;portatil;7;0;0.25;5.33
nx.j7web.03y;"portatil aspire go 15 ag15-42p amd ryzen 5 7430u hasta 4.3ghz 16gb ddr4 512gb ssd m.2 nvme  grafica integrada amd radeon graphics 15.6' tn full hd comfyview 1920 x 1080 pixeles/ 220 cd / m² / 60 hz ethernet/ wi-fi 6 bluetooth webcam (hd) 3 x usb 3.2 (gen1) tipo a 1 x usb 3.2 (gen1) tipo c  soporta dp 1 x hdmi 1 x ethernet lan (rj-45) 1 x combo de salida de auriculares / microfono del puerto windows 11 home bateria 53wh peso 1.8 kg  color plata";426.94;acer;portatil;27;0;0.25;5.33
nx.jrreb.01g;"portatil aspire go 15  intel core 5 120u memoria ram 16gb ddr4 512gb ssd pcie nvme 15.6' fhd comfyview led lcd grafica integrada intel wi-fi 6 bluetooth 2xusb c 2xusb 3.0 hdmi windows 11 home bateria 53wh color plata";465.79;acer;portatil;25;0;0.25;5.33
nx.jrreb.01m;"portatil aspire go 15 ag15-72p intel core 7 150u memoria ram 16gb ddr4 1tb ssd pcie nvme 15.6' fhd comfyview led lcd grafica integrada wifi 6 bluetooth 2xusb-a 3.2 2xusb-c hdmi bateria 53wh windows 11 home color plata";583.89;acer;portatil;25;0;0.25;5.33
nx.js9eb.004;"portatil aspire go 16 ag16-71p intel core i9 13900h memoria ram 32gb ddr5 1tb ssd pcie nvme 16' wuxga ips grafica integrada wifi 6 bluetooth 2xusb-a 3.2 2xusb-c hdmi bateria 53wh windows 11 home color plata";705.12;acer;portatil;15;0;0.25;5.33
nxb001;"maletin para portatil hasta 15.6' poliester negro con bandolera";6.26;nilox;maletin;20;0;1;0
nxb021;"maletin para portatil hasta 15.6'  poliester negro con bandolera dispone de dos bolsillos";12.07;nilox;maletin;1;0;1;0
nxb023;"maletin para portatil hasta 15.6'  poliester rosa con bandolera dispone de dos bolsillos";6.25;nilox;maletin;3;0;1;0
nxf1304;"funda de neopreno para portatil 13.3' rojo";4.38;nilox;funda;2;0;1;0
nxf1305;"funda de neopreno para portatil 13.3' rosa";4.38;nilox;funda;1;0;1;0
nxf1402;"funda de neopreno para portatil 14.1' gris";5.7;nilox;funda;10;0;1;0
nxf1404;"funda de neopreno para portatil 14.1' rojo";6.19;nilox;funda;1;0;1;0
nxf1405;"funda de neopreno para portatil 14.1' rosa";4.98;nilox;funda;1;0;1;0
nxhummerh212;"refrigeracion por aire h-212 tres heatpipes con disipador de cobre y aluminio ventilador 120mm potencia cpu 130w nivel sonoro 16-20.2 dba socket intel lga 2066/2011/1851/1700/1200/1156/1155/1151/1150/amd/am5/am4";15.22;nox;ventilador;4;0;1;0
nxhummerh903;"refrigeracion por aire h-903 tres heatpipes con disipador de cobre y aluminio ventilador pwm 92mm potencia cpu 160w nivel sonoro 14-25.8 dba socket intel lga 1851/1700/1200/1156/1155/1151/1150/amd/am5/am4";14.3;nox;ventilador;11;0;1;0
nxhummerm240lcdbk;"refrigeracion liquida 2 ventiladores m-240 lcd socket lga intel 1200/ 1150/ 1151/ 1155/ 1156/  1700 / 1851 / am4/ am5";66;nox;ventilador;0;0;1;0
nxhummerr400bk;"refrigeracion por aire r-400 negro cuatro heatpipes con disipador de cobre y aluminio ventilador pwm 120mm potencia cpu 235w nivel sonoro 18-34.9 dba socket intel lga 1851/1700/1200/1156/1155/1151/1150/amd/am5/am4";15.51;nox;ventilador;7;0;1;0
nxhummerr400wh;"refrigeracion por aire r-400 blanco cuatro heatpipes con disipador de cobre y aluminio ventilador pwm 120mm potencia cpu 235w nivel sonoro 18-34.9 dba socket intel lga 1851/1700/1200/1156/1155/1151/1150/amd/am5/am4";22;nox;ventilador;4;0;1;0
nxkromkenya;"teclado y raton  con cable usb auriculares alfombrilla pack gaming 4 en 1 teclado rgb retroiluminado con raton optico auriculares rgb ";26.4;krom;teclado;2;0;1;0
nxsl13bk;"funda de poliester para portatil 13.3'  negra";5.45;nilox;funda;10;0;1;0
nxsl13bl;"funda de poliester para portatil 13.3'  azul";5.47;nilox;funda;10;0;1;0
nxsl13gy;"funda de poliester para portatil 13.3'  gris";5.45;nilox;funda;10;0;1;0
nxsl14bk;"funda de poliester para portatil 14.1'  negra";6.07;nilox;funda;10;0;1;0
nxsl14bl;"funda de poliester para portatil 14.1'  azul";6.06;nilox;funda;10;0;1;0
nxsl14gy;"funda de poliester para portatil 14.1'  gris";6.06;nilox;funda;10;0;1;0
ova068zz;"protector de pantalla cristal templado para iphone 13 mini proteccion antimicrobiano";6.14;belkin;accesorio;9;0;5;0
ova069zz;"protector de pantalla cristal templado para iphone 14 iphone 13 y iphone 13pro proteccion antimicrobiano";6.05;belkin;accesorio;2;0;1;0
ova070zz;"protector de pantalla cristal templado para iphone 14 plus y iphone 13 pro max  proteccion antimicrobiano";6.08;belkin;accesorio;16;0;1;0
ova101zz;"protector de pantalla cristal templado para iphone 14pro proteccion antimicrobiano";8.27;belkin;accesorio;4;0;1;0
ova132zz;"protector de pantalla con revestimiento screenforce ultraglass 2 para iphone 15 plus";9.98;belkin;protector;7;0;1;0
ova134zz;"protector de pantalla con revestimiento screenforce ultraglass 2 para iphone 15 pro max";9.98;belkin;protector;5;0;1;0
ova159hq;"protector de pantalla cristal templado para iphone 16pro proteccion antibacteriano, resistente a impactos, resistente a rayones.";8.48;belkin;protector;3;0;1;0
ova160hq;"protector de pantalla cristal templado para iphone 16pro max proteccion antibacteriano, resistente a impactos, resistente a rayones.";8.48;belkin;protector;2;0;1;0
ova173hq;"protector de pantalla cristal templado para iphone 17 y iphone 16pro proteccion antimicrobiano";10.77;belkin;accesorio;2;0;1;0
ova237hq;"protector de pantalla cristal templado para iphone 17 air proteccion antimicrobiano";11.24;belkin;accesorio;5;0;1;0
ova238;"protector de pantalla cristal templado para iphone 17 pro proteccion antimicrobiano";10.44;belkin;protector;-5;0;1;0
ova239hq;"protector de pantalla cristal templado para iphone 17 pro max proteccion antimicrobiano";11.66;belkin;protector;2;0;1;0
ozul02b;"cargador con 6 puertos usb-a y 2 puertos usb-c con interruptor de encendido / apagado 75w para iphone y smartphone";47.12;conceptronic;hub;6;0;1;0
ozul03be;"cargador para portatil universal 100w gan usb-c pd 3.0 ";28.66;conceptronic;cargador;17;0;1;0
ozul08b10;"cargador para portatil universal 90w automatico15v a 20v  10 puntas 6.0amp.";28.46;conceptronic;cargador;12;0;1;0
ozul08b15;"cargador para portatil universal 90w automatico 18.5v a 20v  15 puntas 6.0amp.";31.9;conceptronic;cargador;16;0;1;0
p00924-b21;"memoria ram ddr4 sdram 2933mhz pc4-23400 32gb 288-pin dimm para: servidores hpe proliant dl380 gen10, proliant bl460c gen10, dl180 gen10, dl360 gen10, dl388 gen10, dl560 gen10, dl580 gen10, dx170r gen10, dx360 gen10, dx380 gen10, dx560 gen10, ml350 gen10";177.22;hp;memoria;3;0;1;0
p3300dw;"impresora laser monocromo p3300dw a4 1200x600pp 33ppm usb 2.0 wifi ethernet impresion duplex bandeja entrada papel 250 hojas volumen mensual hasta 3500 paginas nfc peso 6.8 kg";99.97;pantum;impresora;5;0;1;4
p46221-b21;"windows server 2022 licencia de usuarios 5 cal  acceso remoto oem  necesita tambien 5 cal de usuario.";765.45;microsoft;licencia;0;0;1;0
p71385-425;"servidor proliant ml30 gen11 intel xeon e-2414 quad core 2.6ghz hasta 4.5ghz memoria ram 32gb ddr5 4400mhz 2x1tb hpe 6g 7.2k rpm no hot plug 4 bahias 3.5' lff intel vroc sata software raid 0, 1, 5 y 10 vga displayport 4xethernet 5xusb 3.2 (1 frontal, 4 posteriores 1 interno) fuente de alimentacion 350w formato torre dimensiones 475x368.3x175mm peso 10.2 kg negro";2797.2;hp;servidor n;2;0;1;0
p71647-425;"servidor proliant ml110 gen 11 intel xeon b-3508u 8 core 2.10ghz 22.50mb memoria ram 32gb ddr5 pc5-5600b rdimm 2x2tb hpe 6gb 7.2k rpm 4xhot plug 3.5 lff low profile sata no opcional fuente redundante 1000w  redundante formato torre 3 year next business day warranty (smart chouice purchase program)";3525;hp;servidor n;1;0;1;0
p77100-a21;"windows server 2025 stardard 64bit 16 nucleos rok sistema operativo";864.98;microsoft;server;1;3;1;0
p77103-a21;"windows server 2025 essentials rok eu sw 10 nucleos sistema operativo";340.39;microsoft;server;3;0;1;0
p77114-b21;"windows server 2025 licencia de usuarios 10 cal.";464.1;microsoft;licencia;0;0;1;0
p77118-b21;"windows server 2025 licencia de usuarios 1 cal. (servicio de escritorio remoto)";221.55;microsoft;licencia.;0;0;1;0
pa-cd-600wr;"adaptador de coche 12v accesorio para impresora termica";18.92;brother;componente;6;0;1;0
pa03810-b101;"escaner documental fi-8150 a4 usb 3.2 resolucion salida hasta 600ppp velocidad 50 ppm duplex adf 100 hojas hasta 8.000 exploraciones por dia peso 4 kg";520.03;fujitsu;scann pro;2;0;1;0
pa03811-b001;"escaner documental sp-1120n a4 usb 2.0 ethernet resolucion salida hasta 600ppp velocidad 20ppm duplex hasta 3.000 exploraciones por dia adf 50 hojas peso 2.5kg";181.63;fujitsu;scanner;1;0;1;3
pa03811-b011;"escaner documental sp-1125n a4 usb ethernet resolucion salida hasta 600ppp velocidad 20ppm duplex hasta 3.000 exploraciones por dia adf 50 hojas peso 2.5kg";253.82;fujitsu;scanner;1;0;1;3
pa03811-b021;"escaner documental sp-1130n a4 usb ethernet resolucion salida hasta 600ppp velocidad 20ppm duplex hasta 3.000 exploraciones por dia adf 50 hojas peso 2.5kg";193.83;fujitsu;scann pro;2;0;1;0
pa03820-b001;"escaner documental scansnap ix1400 a4 usb 3.2 resolucion salida hasta 600ppp velocidad 40ppm duplex adf 50 hojas compatible pc/mac ";324.5;fujitsu;scann pro;1;0;1;0
pa03841-b001;"escaner de superficie plana fi-70f a6 usb 2.0 resolucion salida hasta 600ppp horizontal peso 1.5 kg ideal para documento de pequeo tamao como pasaportes, tarjetas de identificacion, dni. etc.";277.65;fujitsu;scann pro;2;0;1;0
pa03860-b001;"escaner documental scansnap ix2500 a4 usb 3.2 wifi resolucion salida hasta 600ppp velocidad 45ppm duplex adf 100 hojas compatible pc/mac ";415.8;fujitsu;scann pro;1;0;1;0
pa03870-b001;"escaner documental scansnap ix2400 a4 usb 3.2 resolucion salida hasta 600ppp velocidad 45ppm duplex adf 100 hojas compatible pc/mac ";339.9;fujitsu;scann pro;1;0;1;0
pa5116e-3prp;"docking station hdmi 2xdisplayport dvi-d vga ethernet 4xusb 3.0 2xusb 2.0 2xminijack 3.5mm negro admite los siguientes pc:tecra a40-c, a40-d, a50-a, a50-c,a50-d, a50-e, z40-a, z40-b, z40-c,z40t-c,z50-a, z50-c, z50-d, z50-e, y portatiles a30-c, a30t-c, a30-d, r30-a, z30-a, z30-b, z30-c, z30t-c, z30-e.";150.99;toshiba;docking;1;0;1;0
pad7 8-128 bl;"tablet pad 7 11.2' (3200x2136) capacidad 128gb 8gb ram procesador snapdragon 7+ generacion 3 nfc wifi 6 bluetooth 5.4 bateria 8850 mah sistema hyperos 2, android 15 camara frontal de 8mp camara trasera 13mp azul";289.81;xiaomi;tablet;2;0;1;3.75
pad7 8-128 gree;"tablet pad 7 11.2' (3200x2136) capacidad 128gb 8gb ram procesador snapdragon 7+ generacion 3 nfc wifi 6 bluetooth 5.4 bateria 8850 mah sistema hyperos 2, android 15 camara frontal de 8mp camara trasera 13mp verde";289.81;xiaomi;tablet;2;0;1;3.75
pad7 8-256 gree;"tablet pad 7 11.2' (3200x2136) capacidad 256gb 8gb ram procesador snapdragon 7+ generacion 3 nfc wifi 6 bluetooth 5.4 bateria 8850 mah sistema hyperos 2, android 15 camara frontal de 8mp camara trasera 13mp verde";323.25;xiaomi;tablet;2;0;1;3.75
pad7 p 8-256 gy;"tablet pad 7 pro 11.2' 3,2k (3200x2136) capacidad 256gb 8gb ram procesador snapdragon 8s generacion 3 wifi 7 bluetooth 5.4 bateria 8850 mah sistema hyperos 2 camara 50mp  color gris grafito";384.55;xiaomi;tablet;2;0;1;3.75
paym0046se;"smartphone moto g84 capacidad 256gb ram 8gb procesador qualcomm snapdragon 695 5g pantalla 6.55' fhd+ 1080x2400 120hz camara frontal 16mp camara trasera 50mp + 8mp optical image stabilization ranura hibrida dual sim nfc bateria 5000 mah color azul medianoche ";133.89;motorola;smartphone;1;0;1;3.25
pb3t0030se;"smartphone moto edge 50 fusion capacidad 256gb ram 12gb procesador qualcomm snapdragon 7s gen 2 5g pantalla 6.70' p-oled gorilla glass 5 2400x1080 144hz camara frontal 32mp camara trasera 50mp + 13mp ranura dual sim nfc bateria 5000 mah color azul";210.82;motorola;smartphone;2;0;1;3.25
pb6e0018es;"smartphone moto g15 capacidad 256gb ram 8gb procesador media tek helio g81 extreme 4g pantalla 6.72' fhd+ 2400x1080 60hz camara frontal 8mp camara trasera 50mp + 5mp ranura dual sim micro sd nfc bateria 5200 mah color gris gravity";144.35;motorola;smartphone;2;0;1;3.25
pc42tpe01318;"impresora de etiquetas desktop pc42t plus, transferencia trmica. usb & ethernet";253.5;honeywell;imp etique;1;0;1;0
pci-paralelo;"adaptador desde pci a paralelo";7.87;l-link;adaptador;7;0;1;0
pd-2800un;"visor tpv pd-2800iiun usb negro 2 lineas x 20 caracteres fluorescente";81.36;posiflex;visor;11;0;1;0
pfj4098eu;"receptor digital mi tv stick fhd (1920x1080@60fps) ram 1gb almacenamiento 8gb so android 9.0 wifi bluetooth hdmi micro usb control por voz";32.7;xiaomi;accesorio;7;0;1;0
pfj4191eu;"receptor digital mi tv box s 3nd gen 4k (3840x2160@60fps) ram 2gb  32gb de rom so google tv wifi bluetooth 5.2 hdmi usb 2.0 ";48.15;xiaomi;accesorio;1;0;1;0
pfj4197eu;"receptor digital tv stick 4k (3840x2160@60fps) gen 2 ram 2gb  8gb de rom so google tv wifi 2.4/5 ghz bluetooth 5.2 hdmi micro usb 2.0 control por voz";42.8;xiaomi;accesorio;4;0;1;0
pg-510;"tinta pg-510 negro 220 paginas segun iso/iec 24711";13.83;canon;tinta;6;0;1;0
pg-512;"tinta pg-512 negro 401 paginas segun iso/iec 24711";18.88;canon;tinta;6;0;1;0
pmcb541a;"toner remanufacturado 125a cian compatible con hp cb541a alrededor de 1.400 paginas";27.85;printmate;toner;1;0;1;0
pmce285a;"toner remanufacturado 85a negro compatible con hp ce285a alrededor de 1.600 paginas";14.96;printmate;toner;2;0;1;0
pmce313a;"toner remanufacturado 126a magenta compatible con hp ce313a alrededor de 1.000 paginas";30.49;printmate;toner;5;0;1;0
pmcf211a;"toner remanufacturado 131a cian compatible con hp cf211a alrededor de 1.800 paginas";25.51;printmate;toner;2;0;1;0
pmcf213a;"toner remanufacturado 131a magenta compatible con hp cf213a alrededor de 1.800 paginas";25.51;printmate;toner;2;0;1;0
pmcf226a;"toner remanufacturado negro compatible con hp cf226a alrededor de 3.100 paginas";49.09;printmate;toner;4;0;1;0
pmfx10;"toner remanufacturado fx10 negro compatible con canon can94040 alrededor de 2.000 paginas";15.64;printmate;toner;1;0;1;0
pmml-d3470b/eur;"toner remanufacturado negro compatible con samsung ml3470 alrededor de 10.000 paginas";31.21;printmate;toner;5;0;1;0
pmq2612a;"toner remanufacturado 12a negro compatible con hp q2612a alrededor de 2.000 paginas";13.73;printmate;toner;2;0;1;0
pmtn230c;"toner remanufacturado cian compatible con brother tn230c alrededor de 1.400 paginas";20.31;printmate;toner;2;0;1;0
pmtn230m;"toner remanufacturado magenta compatible con brother tn230m alrededor de 1.400 paginas";20.28;printmate;toner;2;0;1;0
poe-24-12w-g-wh;"inyector poe 24-12w inyectors 24v 12w 0,5a gigabit color blanco";9.84;ubiquiti;accesorio;8;0;1;0
poe-24-24w-g;"inyector poe 24-24w-g isp  inyectors 24v 24w 1a gigabit";12.06;ubiquiti;accesorio;3;0;1;0
poe-48-24w-wh;"inyector poe 48-24w-wh isp inyectors 48v 24w 0,5a 10/100 blanco";9.17;ubiquiti;accesorio;9;0;1;0
polona01b;"auriculares de diadema con microfono usb con control de volumen negro y blanco";11.8;conceptronic;auricular;7;0;1;0
polona02ba;"auriculares de diadema con microfono mini jack 3.5mm con control de volumen negro";9.36;conceptronic;auricular;15;0;1;0
polona03bd;"auriculares de diadema polona con microfono bluetooth monoaural base de carga y autonomia hasta 20 horas cancelacion de ruido negro";32.19;conceptronic;auricular;5;0;1;0
pov-s52031;"accesorio camara deportiva estuche sp pov case azul para hero3 y hero2  220x165x70mm";18.51;spgagets;estuche;3;0;50;0
pov-s52032;"accesorio camara deportiva estuche sp pov case amarillo para hero3 y hero2  220x165x70mm";18.5;spgagets;estuche;2;0;50;0
pov-s52034;"accesorio camara deportiva estuche sp pov case gris para hero3 y hero2  220x165x70mm";19.53;spgagets;estuche;5;0;50;0
ps-12v1g;"fuente alimentacion 12v para: tpv posiflex";53.9;posiflex;fuente;4;0;1;0
ps-24v;"fuente alimentacion ps-24v para: impresoras epson tm";26.54;epson;fuente;1;0;1;0
ps362500005200w9;"tpv ps3615 g2 fanless 15' tactil flat capacitivo 1024x768 intel j6412 4gb ddr4 128gb ssd 2xusb 2.0 3xusb 3.0 3xrs232 ethernet vga puerto directo de cajon compatible vesa dimensiones 372x320.4x252.7mm peso 5.86kg sin sistema operativo";581.73;posiflex;tpv;2;0;1;0
ps362501305200w9;"tpv ps3615 g2 fanless 15' tactil flat capacitivo 1024x768 intel j6412 4gb ddr4 128gb ssd 2xusb 2.0 3xusb 3.0 3xrs232 ethernet vga puerto directo de cajon compatible vesa dimensiones 372x320.4x252.7mm peso 5.86kg sistema operativo windows 10 iot";634.78;posiflex;tpv;2;0;1;0
psenn512ga87qc0;"disco interno ssd pcie nvme m.2 2280 512gb velocidad lectura hasta 4715mb/s velocidad escritura hasta 2308mb/s pcie gen4 x4";72.63;phison;ssd int1;0;0;1;1.5
pt-e110vp;"rotuladora brother pt-e110vp profesional ideal para electricistas e instaladores velocidad de impresion hasta 20mm/seg y vista previa de impresion admite cintas tze de 3,5 / 6 / 9 y 12mm";40.76;brother;rotuladora;2;0;1;0
pt-p750w;"rotuladora pt-p750w wifi usb 2.0 velocidad impresion hasta 30mm/s resolucion 180x360ppp ancho etiquetas hasta 24mm impresion codigos de barras wifi direct admite cintas tze / hse de 3,5 / 6 / 9 / 12 / 18 y 24mm";95.85;brother;rotuladora;2;0;1;0
pte560btsp;"rotuladora electronica portatil profesional con conexion pc usb 3.2 y bluetooth 5.0 para electricistas e instaladores teclas de funcion separadas: general, panel frontal, identificacion de cables, panel de conexiones, bloque de conexiones electricas cintas tze y hse velocidad impresion hasta 30mm/s. pantalla lcd retroiluminada admite cintas tze de 3,5 / 6 / 9 / 12 / 18 y 24mm";204.58;brother;rotuladora;1;0;1;0
pth100lb;"rotuladora brother pt-h100lb azul velocidad de impresion hasta 20mm/seg y hasta dos lineas de impresion con vista previa admite cintas tze de 3,5 / 6 / 9 y 12mm";16.42;brother;rotuladora;0;0;1;0
pth110ta;"rotuladora brother pt-h110 pantalla lcd velocidad de impresion hasta 20mm/seg y hasta dos lineas de impresion con vista previa admite cintas tze y textiles de 3,5 / 6 / 9 y 12mm";23.32;brother;rotuladora;2;0;1;0
ptk470k0b;"tablet grafica intuos pro s con bluetooth tamao area activa 187x105mm tamao tableta 215x163x8,8mm incluye wacom pro pen usb-a / c negro";206.01;wacom;tableta;1;0;1;0
ptk670k0b;"tablet grafica intuos pro m con bluetooth tamao area activa 263x148mm tamao tableta 291x206x4mm incluye wacom pro pen 3 usb-c negro";305.2;wacom;tableta;1;0;1;0
pz42iz-gr;"regleta cuatro tomas de enchufe schuko 230v con interruptor entrada iec cable 1.5 metros";24.13;apc;regleta;0;0;1;0
q2612a;"toner 12a negro 2.000 paginas segun iso/iec 19752";80.71;hp;toner;4;0;1;0
qbh4141eu;"altavoces 1.0 bluetooth mi compact speaker 2/ 1.0/ blanco bluetooth 4,2 con un alcance de hasta 10m impedancia de 40 hms compatible a2dp/avrcp/spp autonomia hasta 6 horas de reproduccion de musica con un 80% de volumen dependiendo de la reproduccion, manos libres con microfono incorparado. dimensiones: 50x32 mm  54gr";6.72;xiaomi;altavoz;0;0;1;0
ql-700;"impresora de etiquetas profesional ql-700 usb 2.0 tecnologia termica directa impresion 93 etiquetas por minuto impresion codigos barras corte automatico ancho maximo 62mm";66.49;brother;imp etique;2;0;1;0
ql600bxx1;"impresora de etiquetas profesional ql-600b usb 2.0 tecnologia termica directa impresion 44 etiquetas por minuto impresion codigos barras, logotipos e imagenes corte automatico ancho maximo 62mm";53.83;brother;imp etique;1;0;1;0
ql800;"impresora de etiquetas profesional ql-800 usb 2.0 tecnologia termica directa impresion 93 etiquetas por minuto impresion codigos barras impresion logotipos corte automatico ancho maximo 62mm impresion negro y rojo con el rollo dk22251";72.8;brother;imp etique;4;0;1;0
ql810wc;"impresora de etiquetas profesional ql-810w usb 2.0 wifi tecnologia termica directa impresion 110 etiquetas por minuto impresion codigos barras impresion logotipos corte automatico ancho maximo 62mm impresion negro y rojo con el rollo dk22251 admite rollo continuo para imprimir etiquetas de hasta 1m de largo";111.41;brother;imp etique;4;0;1;0
ql820nwbc;"impresora de etiquetas profesional ql-820nwb usb 2.0 ethernet wifi bluetooth mfi tecnologia termica directa impresion 110 etiquetas por minuto impresion codigos barras impresion logotipos corte automatico ancho maximo 62mm impresion negro y rojo con el rollo dk22251 gran pantalla lcd retroiluminada admite rollo continuo para imprimir etiquetas de hasta 1m de largo";136.76;brother;imp etique;2;0;1;0
r15;"router wifi 6 ax1500 mesh ia asssitant gigabit dual band 2.4ghz hasta 300 mbps y 5ghz hasta 1201 mbps tres puertos lan y un puerto wan 10/100/1000 cuatro antenas control parental ";37.97;d-link;router;1;0;1;0
r18-06458;"windows server 2022 1 licencia de usuario cal oem";40.99;microsoft;server cal;0;0;1;0
rangev-neo;"escaner 3d de escritorio rangevision neo prescision de hasta 0.05mm resolucion 3d de hasta 0,13mm captura de textura";2099.12;rangevision;scanner;0;0;1;3
rbc6;"ups bateria intercambiable en caliente diseñado para p/n: dla1500j, sc1000, smc1500, smc15000i, smc1500c, smc1500i, smc1500ic, smc1500tw, smt1000, smt1000c, smt1000i, smt1000i-6w, smt1000i-ar, smt1000ic, smt1000tw, smt1000us, su1000rm, su1000rmi, sua1000-br, sua1000ich, sua1000ich-45, sua1000i-in, sua1000j, sua1000j3w, sua1000-tw, sua1500j3w, suvs1000";238.71;apc;bateria;1;0;1;0
re450;"range extender ac1750 gigabit wifi dual band 2.4ghz hasta 450mbps 5ghz hasta 1300mbps 3 antenas 1 puerto ethernet 10/100/1000mbps";40.73;tp-link;wifi;8;0;1;0
re76546;"papel tickets ancho 76.5mm rollo de 65 metros pack 10 unidades";5.26;indefinida;componente;7;0;1;0
regas01b;"raton con cable regas desktop optico interruptor dpi (800/1000/1200) sencilla instalacion plug and play adecuado tanto para usuarios zurdos como diestros  acabado de goma conexion usb 2.0";3.48;conceptronic;raton;10;0;1;0
rp-12n;"impresora de tickets termica corte automatico y seal acustica de fin de impersion usb serial ethernet negro";58.24;10pos;imp etique;4;0;1;0
rp-12nw;"impresora de tickets termica corte automatico y seal acustica de fin de impersion usb serial ethernet y wifi negro";67.1;10pos;imp etique;7;0;1;0
rs422+;"nas racstation rs422+ amd ryzen embedded r1600 3.1ghz 2gb ddr4 ecc 4 bahias 1xusb a 3.2 2xconexiones ethernet raid 0, 1, 5, 6, 10, jbod sistema operativo dsm 7.1";833.53;synology;nas;0;0;1;0
rt5740;"papel termico ancho 57mm rollo de 40metros pack 10 unidades";4.62;indefinida;componente;17;0;1;0
rt8080x8;"papel termico ancho 80mm rollo de 80metros pack 8 unidades";9.24;indefinida;componente;61;0;1;0
s015086;"cinta de nylon negro";21.07;epson;cinta;17;0;1;0
s015262;"cinta de nylon 7762 negro";7.61;epson;cinta;16;0;1;0
s015329;"cinta de nylon negro";5.1;epson;cinta;15;0;1;0
s015337;"cinta de nylon negro";10.96;epson;cinta;8;0;1;0
s015610;"cinta de nylon negro lq-690 de larga duracion";21.93;epson;cinta;0;0;1;0
s015624;"cinta de nylon negro";5.04;epson;cinta;9;0;1;0
s015633;"cinta de nylon 7753 negro";5.1;epson;cinta;28;0;1;0
s015637;"cinta de nylon 8750 negro";4.25;epson;cinta;13;0;1;0
s015642;"cinta de nylon negro";5.07;epson;cinta;1;0;1;0
sa400s37/240g;"disco interno ssd 2.5' a400 serial ata 240gb 6gbit/s velocidad lectura hasta 500mb/s velocidad escritura hasta 350mb/s";57.29;kingston;disco int;5;10;1;0.9
sa400s37/480g;"disco interno ssd 2.5' a400 serial ata 480gb 6gbit/s velocidad lectura hasta 500mb/s velocidad escritura hasta 450mb/s";86.25;kingston;ssd int1;4;0;1;1.5
sa400s37/960g;"disco interno ssd 2.5' a400 serial ata 960gb 6gbit/s velocidad lectura hasta 500mb/s velocidad escritura hasta 450mb/s";111.1;kingston;ssd int1;41;0;1;1.5
scr01b;"lector de tarjetas externo para dnie y smartcards conexion usb 2.0 (bajo consumo) se conecta fcilmente al ordenador para identificacin personal en sitios web y administraciones pblicas negro";9.08;conceptronic;lector;10;0;1;0
scw83zm/a;"applecare + para macbook air 13' m5  (solo producto sin activar)";208.93;apple;applecare;-1;0;1;0
scx-d5530b/el;"toner scx-d5530b negro alrededor de 8.000 paginas";110.52;samsung;toner;1;0;1;0
sdcs3/128gb;"tarjeta de memoria microsdxc 128gb + adaptador sd clase 10 150 mb/s canvas select plus";15.35;kingston;memoria fl;4;25;1;0.24
sdcs3/256gb;"tarjeta de memoria microsdxc 256gb + adaptador sd clase 10 150 mb/s canvas select plus";26.73;kingston;memoria fl;32;0;1;0.24
sdcs3/512gb;"tarjeta de memoria microsdxc 512gb + adaptador sd clase 10 150mb/s canvas select plus";51.57;kingston;memoria fl;18;0;1;0.24
sdcs3/64gb;"tarjeta de memoria microsdxc 64gb + adaptador sd clase 10 100 mb/s canvas select plus";10.23;kingston;memoria fl;31;0;1;0.24
sdssde61-1t00-g25;"disco duro externo ssd 1tb extreme v2 usb-c velocidad escritura hasta 1000 mb/s ";189.66;sandisk;disco ext;1;0;1;4
sdssde61-2t00-g25;"disco duro externo ssd 2tb extreme v2 usb-c velocidad escritura hasta 1050 mb/s ";305.87;sandisk;ssd ext1+;2;0;1;6.45
sdssde81-4t00-g25;"disco duro externo ssd 4tb extreme pro v2 usb-c 3.2 gen 2 velocidad escritura/lectura hasta 2000 mb/s ";437.72;sandisk;ssd ext1+;2;0;1;6.45
sel02zm/a;"applecare + para studio display (solo producto sin activar)";133.12;apple;applecare;0;0;1;0
sg3428mp;"switch 28 puertos rj45 10/100/1000mbps semigestionable jetstream con 24 puertos poe+ (384w) y 4 puertos sfp gigabit montaje en rack y sobremesa";302.35;tp-link;switch;0;0;1;0
sjv4083ty;"cable desde usb-a macho 2.0 a usb-c macho/ a micro usb macho (30cm)";2.62;xiaomi;cable;2;0;1;0
skc3000s/1024g;"disco interno ssd pcie 4.0 nvme m.2 2280 kc3000 1tb con disipador termico velocidad de lectura hasta 7000mb/s escritura hasta 6000 mb/s";190.3;kingston;ssd int1;7;0;1;1.5
skc3000s/512g;"disco interno ssd pcie 4.0 nvme m.2 2280 sk3000 512gb con disipador termico velocidad de lectura hasta 7000mb/s escritura hasta 3900 mb/s";150.7;kingston;ssd int1;3;0;1;1.5
skc600/1024g;"disco interno ssd 2.5' kc600 serial ata 3 1tb velocidad lectura hasta 550mb/s velocidad escritura hasta 520mb/s";228.8;kingston;ssd int1;10;0;1;1.5
skc600/2048g;"disco interno ssd 2.5' kc600 serial ata 3 2tb velocidad lectura hasta 550mb/s velocidad escritura hasta 520mb/s";418.25;kingston;ssd int1+;3;0;1;3
skc600/256g;"disco interno ssd 2.5' kc600 serial ata 3 256gb velocidad lectura hasta 550mb/s velocidad escritura hasta 500mb/s";69.96;kingston;disco int;3;10;1;0.9
skc600/512g;"disco interno ssd 2.5' kc600 serial ata 3 512gb velocidad lectura hasta 550mb/s velocidad escritura hasta 520mb/s";129.8;kingston;ssd int1;4;0;1;1.5
sm-s947bzkgeub;"smartphone galaxy s26+ ram 12gb 512gb pantalla 6.70' 5g dual sim / esim nfc procesador exynos 2600 octa core camara frontal 12 mp tres camaras traseras 50 mp resolucion de video 8k  bateria 4900mah android 16 color negro";942.24;samsung;smartphone;4;0;1;3.25
sm-s948bzkgeeb;"smartphone galaxy s26 ultra ram 12gb 512gb pantalla 6.9' 5g enterprise edition dual sim / esim nfc procesador exynos 2600 octa core camara frontal 12 mp cuatro camaras traseras 200 mp resolucion de video 8k  bateria 5000mah android 16 color negro";1093;samsung;smartphone;1;0;1;3.25
sm-x230nzapeub;"tablet galaxy tab a11+ 11' (1920x1200 wuxga tft)  capacidad 256gb 8gb ram  ranura microsd bluetooth 5. wifi  usb-c bateria 7040 mah android 16 gris";203.3;samsung;tablet;6;0;1;3.75
sm-x230nzareub;"tablet galaxy tab a11+ 11' (1920x1200 wuxga tft)  capacidad 128gb 6gb ram  ranura microsd bluetooth 5. wifi  usb-c bateria 7040 mah android 16 gris";175.27;samsung;tablet;5;0;1;3.75
sm-x236bzareub;"tablet galaxy tab a11+ 11' (1920x1200 wuxga tft)  octacore tecnologia 5g capacidad 128gb 6gb ram  ranura sim + microsd hasta 2tb bluetooth 5.3  wifi  usb-c bateria 7040 mah android gris";196.88;samsung;tablet;5;0;1;3.75
sm-x400nzapeub;"tablet galaxy tab s10 lite 10.9' (2112x1320 wuxga tft)  capacidad 256gb 8gb ram  ranura microsd con s-pen bluetooth 5.3 wifi 6 usb-c bateria 8000 mah android 15 gris";279.76;samsung;tablet;4;0;1;3.75
sm-x400nzareub;"tablet galaxy tab s10 lite 10.9' (2112x1320 wuxga tft)  capacidad 128gb 6gb ram  ranura microsd con s-pen bluetooth 5.3 wifi 6 usb-c bateria 8000 mah android 15 gris";262.15;samsung;tablet;7;0;1;3.75
sm-x406bzapeub;"tablet galaxy tab s10 lite 10.9' (2112x1320 wuxga tft)  capacidad 256gb 8gb ram  nano sim tecnologia 5g ranura microsd con s-pen bluetooth 5.3 wifi 6 usb-c bateria 8000 mah android 15 gris";326.35;samsung;tablet;2;0;1;3.75
sm-x406bzareub;"tablet galaxy tab s10 lite 10.9' (2112x1320 wuxga tft)  capacidad 128gb 6gb ram  nano sim tecnologia 5g ranura microsd con s-pen bluetooth 5.3 wifi 6 usb-c bateria 8000 mah android 15 gris";337.05;samsung;tablet;4;0;1;3.75
sm-x516bzaaeub;"tablet galaxy tab s9 fe 10.9'  (2304x1440 wuxga+)  capacidad 128gb 6gb ram doble sim tecnologia 4g y tecnologia 5g ranura microsd hasta 1tb con s-pen bluetooth  usb-c bateria 8000 mah android  gris";395.54;samsung;tablet;2;0;1;3.75
sm-x610nzaeeub;"tablet galaxy tab s9 fe+ wifi 12.4' dinamic amoled 2x (2800x1752)  capacidad 256gb 12gb ram ranura microsd hasta 1tb con s-pen bluetooth  usb-c bateria 9720 mah android 13 gris";472.69;samsung;tablet;3;0;1;3.75
sm-x616bzaeeub;"tablet galaxy tab s9 fe+ tecnologia 5g 12.4' dinamic amoled 2x (2800x1752)  capacidad 256gb 12gb ram ranura microsd hasta 1tb nano sim + esim  con s-pen bluetooth  usb-c bateria 9720 mah android 13 gris";562.54;samsung;tablet;1;0;1;3.75
sm2w2zm/a;"applecare + para ipad pro 13' m4 (solo producto sin activar)";170.77;apple;applecare;0;0;1;0
sm2x2zm/a;"applecare + para ipad pro 11' m4 (solo producto sin activar)";151.58;apple;applecare;0;0;1;0
smt1000ic;"ups smart 1000 1000va 700w 230v line interactive formato torre 8xiec 320 c13 bateria de reserva 2xiec jumpers bateria de reserva usb rs232 peso 23 kg";601.73;apc;ups;2;0;1;0
smt1500ic;"ups smart 1500 1500va 1000w 230v line interactive formato torre 8xiec 320 c13 bateria de reserva 2xiec jumpers bateria de reserva usb rs232 peso 28 kg";792.79;apc;ups;1;0;1;0
smt1500rmi2uc;"ups smart 1500 1500va 1000w 230v line interactive formato rack u2 4xiec 320 c13 bateria de reserva 2xiec jumpers bateria de reserva usb rs232 peso 32 kg";1029.7;apc;ups;1;0;1;0
smt1500rmi2unc;"ups smart 1500 1500va 1000w 230v line interactive formato rack u2 4xiec 320 c13 bateria de reserva 2xiec jumpers bateria de reserva ethernet usb rs232 peso 32 kg";1362.5;apc;ups;0;0;1;0
smt2200ic;"ups smart 2200 1500va 1980w 230v line interactive formato torre 8xiec 320 c13 bateria de reserva 2xiec jumpers bateria de reserva 1xiec 320 c19 usb rs232 peso 65 kg";1226.25;apc;ups;0;0;1;0
smt3000ic;"ups smart 3000 3000va 2700w 230v line interactive formato torre 8xiec 320 c13 bateria de reserva 2xiec jumpers bateria de reserva 1xiec 320 c19 usb rs232 peso 64 kg";1962;apc;ups;1;0;1;0
snv3s/1000g;"disco interno ssd pcie nvme m.2 2280 snv3s 1tb velocidad lectura hasta 6000mb/s velocidad escritura hasta 4000mb/s";148.5;kingston;ssd int1;9;0;1;1.5
snv3s/2000g;"disco interno ssd pcie nvme m.2 2280 snv3s 2tb velocidad lectura hasta 6000mb/s velocidad escritura hasta 5000mb/s";209;kingston;ssd int1+;3;5;1;3
snv3s/500g;"disco interno ssd pcie nvme m.2 2280 snv3s 500gb velocidad lectura hasta 5000mb/s velocidad escritura hasta 3000mb/s";92.02;kingston;ssd int1;16;0;1;1.5
spike;"teclado spike con cable usb multimedia con 105 teclas formato compacto blanco";7.32;ngs;teclado;12;0;1;0
sr172zm/a;"applecare + para macbook pro 14' m4 (solo producto sin activar)";285.25;apple;applecare;0;0;1;0
sr182zm/a;"applecare + para macbook pro 14' m4 pro/m4 max (solo producto sin activar)";285.14;apple;applecare;0;0;1;0
sr192zm/a;"applecare + para macbook pro 16' m4 pro/m4 max (solo producto sin activar)";409.16;apple;applecare;0;0;1;0
sr1a2zm/a;"applecare + para imac m4 (solo producto sin activar)";170.66;apple;applecare;-1;0;1;0
sr1c2zm/a;"applecare + para mac mini m4 (solo producto sin activar)";113.42;apple;applecare;0;0;1;0
srb002vf2m;"regleta de proteccion contra sobretensiones con seis tomas de enchufe, puerto usb a + usb c con interruptor de encendido/apagado cable de 2 metros color blanco";26.5;belkin;;1;0;1;0
st-3600;"soporte para lector de codigo de barras cd-3600 negro";9.57;posiflex;soporte;0;0;1;0
st10000vn0004;"disco duro interno 3.5' ironwolf serial ata 10tb hdd 7200rpm 6gbit/s para: sistema nas";301.93;seagate;disco int6+;0;0;1;3
st1000lm048;"disco duro interno 2.5' barracuda serial ata 1tb hdd 5400rpm 6gbit/s";75.32;seagate;disco int;5;0;1;0.9
st12000vn0008;"disco duro interno 3.5' ironwolf serial ata 12tb hdd 7200rpm 6gbit/s para: sistema nas";367.59;seagate;disco int6+;0;0;1;3
st16000nm002h;"disco duro interno 3.5' exos x24 serial ata 16tb hdd 7200rpm 6gbit/s para: sistema nas, servidores  ";410.3;seagate;disco int6+;2;0;1;3
st16000nt001;"disco duro interno 3.5' ironwolf serial ata 16tb hdd 7200rpm 6gbit/s para: sistema nas";372.9;seagate;disco int6+;0;0;1;3
st20000nm002h;"disco duro interno 3.5' exos x24 20tb 7200 rpm 6gb/s 512e 4kn";435.6;seagate;disco int6+;1;0;1;3
st20000nm007d;"disco duro interno 3.5' exos x20 serial ata 20tb hdd 7200rpm 6gbit/s para: sistema nas, servidores";452.58;seagate;disco int6+;4;0;1;3
st2000dm008;"disco duro interno 3.5' barracuda serial ata 2tb hdd 7200rpm 6gbit/s";115.71;seagate;disco int6;2;0;1;1.5
st2000vx017;"disco duro interno 3.5' skyhawk surveillance serial ata 2tb hdd 7200rpm 6gbit/s";113.3;seagate;disco int6;2;0;1;1.5
st22000nm001e;"disco duro interno 3.5' exos x22 serial ata 22tb hdd 7200rpm 6gbit/s para: sistema nas";438.58;seagate;disco int6+;0;0;1;3
st24000nm002h;"disco duro interno 3.5' exos x24 serial ata 24tb hdd 7200rpm 6gbit/s para: sistema nas, servidores";433.76;seagate;disco int6+;0;0;1;3
st4000dm004;"disco duro interno 3.5' barracuda serial ata 4tb hdd 5400rpm 6gbit/s";203.68;seagate;disco int6;5;0;1;1.5
st4000vn006;"disco duro interno 3.5' ironwolf serial ata 4tb hdd 5400 rpm 6 gbit/s 256 mb de cache para sistemas nas";139.06;seagate;disco int6;4;0;1;1.5
st4000vx016;"disco duro interno 3.5' skyhawk serial ata 4tb hdd 7200 rpm 6 gbit/s 256 mb de cache para videovigilancia";132;seagate;disco int6;6;0;1;1.5
st6000vn006;"disco duro interno 3.5' ironwolf serial ata 6tb hdd 5400rpm 6gbit/s para: sistema nas";187;seagate;disco int6;0;0;1;1.5
st8000dm004;"disco duro interno 3.5' barracuda serial ata 8tb hdd 5400rpm 6gbit/s  256mb";180.94;seagate;disco int6+;3;0;1;3
st8000vn004;"disco duro interno 3.5' ironwolf serial ata 8tb hdd 7200rpm 6gbit/s para: sistema nas";237.6;seagate;disco int6+;0;0;1;3
stjl4000400;"disco duro externo 2.5' 4tb basic usb 3.0 plata";111.1;seagate;disco ext;9;0;1;4
stkt2zm/a;"applecare + para mac studio m4 (solo producto sin activar)";170.66;apple;applecare;-1;0;1;0
stnd-15f03-100;"soporte para lector de codigo de barras honeywell youjie yj3300 yj4600 negro";7.08;honeywell;soporte;2;0;1;0
stu-430-ch2;"terminal de firma con display lcd 4.5' area activa 96x60mm usb + software sign pro pdf for windows";181.6;wacom;tableta;5;0;1;0
stu-540-ch2;"terminal de firma  con display lcd 5' area activa 108x65mm usb +  software sign pro pdf for windows";231;wacom;tableta;10;0;1;0
su696a;"toner mlt-d101s negro 1.500 paginas aproximadamente";70.1;samsung;toner;0;0;1;0
su810a;"toner mlt-d111s negro 1.000 paginas segun iso/iec 19798";52.43;samsung;toner;4;0;1;0
su828a;"toner mlt-d116l negro 3.000 paginas segun iso/iec 19798";74.73;samsung;toner;3;0;1;0
sub-bp-1ul0002;"mochila para portatil hasta 15.6' urban lock backpack resistente al agua dos amplios compartimentos puerto usb-a material oxford roja";13.16;subblim;mochila;5;0;1;0
sub-bp-2bl2001;"mochila para portatil hasta 15.6' city backpack resistente al agua dos amplios compartimentos puerto usb-a material polyester azul";10.64;subblim;mochila;6;0;1;0
sub-hdd-hbc001;"funda organizador para disco externo de 2.5' color negro.";4.4;subblim;funda;2;0;1;0
sub-kt1-usb002;"funda con teclado keytab con cable micro usb y adaptador usb-c pro para tablet 10.1' con cierre de solapa magnetica rojo";14.01;subblim;teclado;4;0;1;0
sub-lb-1olb031;"maletin para portatil hasta 14' oxford con asas y correa de hombro bolsillo exterior y cierre doble cremalllera material poliester gris";7.24;subblim;maletin;5;0;1;0
sub-lb-3elb001;"maletin para portatil hasta 14' elite con asas y correa de hombro bolsillo exterior balda para enchandar a un trolley material poliester gris";10.36;subblim;maletin;2;0;1;0
sub-ls-0ps0001;"maletin para portatil hasta 14' negro urban laptop sleeve con asas bolsillo exterior y cierre con doble cremallera material poliester-foam negro";7.19;subblim;maletin;3;0;1;0
sub-ls-0ps0003;"funda para portatil hasta 14' urban laptop sleeve con asas bolsillo exterior y cierre con doble cre-mallera material poliester-foam rosa";6.96;subblim;maletin;11;0;1;0
sub-ls-0ts0002;"funda de neopreno para portatil 14' rosa dispone de un bolsillo exterior y un asa para transportar";9.7;subblim;funda;1;0;1;0
subcst-5sc030;"funda shock case para tablet samsung galaxy tab a9 8,7' con cierre magnetico negro";11;subblim;funda;5;0;1;0
subcst-5sc041;"funda clear shock case para tablet samsung galaxy tab a11+ 11' 2025 con cierre magnetico negro";13.2;subblim;funda;2;0;1;0
subcst-5sc401;"funda clear shock case para ipad pro 11' 2024 m4 con cierre magnetico color negro";17.6;subblim;funda;2;0;1;0
subcst-5sc421;"funda clear shock case para ipad pro 13' 2024 m4 con cierre magnetico color negro";20.9;subblim;funda;2;0;1;0
subkbc-0ssk51;"teclado business slim silencioso con cable usb con 104 teclas formato compacto blanco";6.6;subblim;teclado;5;0;1;0
subkbc-cssk02;"teclado y raton business slim silencioso con cable usb 104 teclas formato compacto blanco";7.3;subblim;teclado;6;0;1;0
subkt3-btl200;"funda con teclado keytab pro bt para tablet lenovo tab m1o fhd plus de 10.3' color negro";14.41;subblim;funda;1;0;1;0
subkt3-bts060;"funda con teclado shock case para tablet samsung galaxy tab a9+ 11' con cierre magnetico bluetooth negro";18.49;subblim;funda;3;0;1;0
subkt3-bts070;"funda con teclado keytab pro bt para tablet samsung galaxy tab a11+ 11' con cierre magnetico bluetooth 5.2 negro";19.8;subblim;funda;-1;0;1;0
subls-ap36001;"maletin para portatil hasta 14' air padding 360 sleeve con asa bolsillo exterior y cierre doble cremalllera material poliester gris oscuro";12.42;subblim;maletin;3;0;1;0
subls-ap36002;"maletin para portatil hasta 14' air padding 360 sleeve con asa bolsillo exterior y cierre doble cremalllera material poliester gris claro";12.42;subblim;maletin;5;0;1;0
subls-ap36003;"maletin para portatil hasta 14' air padding 360 sleeve con asa bolsillo exterior y cierre doble cremalllera material poliester azul";12.67;subblim;maletin;5;0;1;0
subls-ap36050;"maletin para portatil hasta 15.6' air padding 360 sleeve con asa bolsillo exterior y cierre doble cremalllera material poliester gris oscuro";12.74;subblim;maletin;7;0;1;0
subls-ap36051;"maletin para portatil hasta 15.6' air padding 360 sleeve con asa bolsillo exterior y cierre doble cremalllera material poliester gris claro";12.72;subblim;maletin;9;0;1;0
subls-ap36052;"maletin para portatil hasta 15.6' air padding 360 sleeve con asa bolsillo exterior y cierre doble cremalllera material poliester azul";12.43;subblim;maletin;3;0;1;0
suwe2zm/a;"applecare + para macbook air 13' m4  (solo producto sin activar)";208.82;apple;applecare;0;0;1;0
suwf2zm/a;"applecare + para macbook air 15' m4  (solo producto sin activar)";237.44;apple;applecare;0;0;1;0
sv.wcma0.a00;"garantia careplus ampliacion de garantia para pc de escritorio profesional 3 anyos carry-in (recogida y entrega a domicilio) recogida tras aviso: 48 horas (lu-vi) activacion: registro online sin folleto fisico. se puede adquirir durante el años siguiente a la compra del equipo (max. 365 dias) vigencia: 3 anyos (desde la fecha de compra del equipo)";16.15;acer;garantia;-2;0;0.25;0
sv.wcma0.a02;"garantia careplus ampliacion de garantia para pc de escritorio profesional 5 anyos carry-in (recogida y entrega a domicilio) recogida tras aviso: 48 horas (lu-vi) activacion: registro online sin folleto fisico. se puede adquirir durante el anyo siguiente a la compra del equipo (max. 365 dias) vigencia: 5 anyos (desde la fecha de compra del equipo)";43.82;acer;garantia;6;0;0.25;0
sv.wcmap.a00;"garantia careplus ampliacion de garantia para pc de escritorio profesional 3 aos carry-in (recogida y entrega a domicilio) recogida tras aviso: 48 horas (lu-vi) activacion: registro online sin folleto fisico. se puede adquirir durante el ao siguiente a la compra del equipo (max. 365 dias) vigencia: 3 aos (desde la fecha de compra del equipo)";21.26;acer;garantia;0;0;0.25;0
sv.wcmap.a02;"garantia careplus ampliacion de garantia para pc de escritorio profesional 5 aos carry-in (recogida y entrega a domicilio) recogida tras aviso: 48 horas (lu-vi) activacion: registro online sin folleto fisico. se puede adquirir durante el ao siguiente a la compra del equipo (max. 365 dias) vigencia: 5 aos (desde la fecha de compra del equipo)";59.27;acer;garantia;-3;0;0.25;0
sv.wldap.a03;"garantia careplus ampliacion de garantia para lcd monitor profesional y consumo 5 aos carry-in (recogida y entrega a domicilio) recogida tras aviso: 48 horas (lu-vi) activacion: registro online sin folleto fisico. se puede adquirir durante el ao siguiente a la compra del equipo (max. 365 dias) vigencia: 5 aos (desde la fecha de compra del equipo)";12.64;acer;garantia;-1;0;0.25;0
sv.wnba0.a09;"garantia careplus ampliacion de garantia para portatiles (travelmate extensa aspire chromebook) 3 aos carry-in (recogida y entrega a domicilio) recogida tras aviso: 48 horas (lu-vi) activacion: registro online sin folleto fisico. se puede adquirir durante el ao siguiente a la compra del equipo (max. 365 dias) vigencia: 3 aos (desde la fecha de compra del equipo)";19.55;acer;garantia;0;0;0.25;0
sv.wnba0.a11;"garantia careplus ampliacion de garantia para portatiles (travelmate extensa aspire chromebook) 5 aos carry-in (recogida y entrega a domicilio) recogida tras aviso: 48 horas (lu-vi) activacion: registro online sin folleto fisico. se puede adquirir durante el ao siguiente a la compra del equipo (max. 365 dias) vigencia: 5 años (desde la fecha de compra del equipo)";64.6;acer;garantia;1;0;0.25;0
sv.wnbap.a09;"garantia careplus ampliacion de garantia para portatiles profesionales (travelmate y extensa) 5 aos carry-in (recogida y entrega a domicilio) recogida tras aviso: 48 horas (lu-vi) activacion: registro online sin folleto fisico. se puede adquirir durante el ao siguiente a la compra del equipo (max. 365 dias) vigencia: 5 aos (desde la fecha de compra del equipo)";85.05;acer;garantia;0;0;0.25;0
sv.wpaap.a02;"garantia careplus ampliacion de garantia para all in one pc de escritorio profesional 3 aos carry-in (recogida y entrega a domicilio) recogida tras aviso: 48 horas (lu-vi) activacion: registro online sin folleto fisico. se puede adquirir durante el ao siguiente a la compra del equipo (max. 365 dias) vigencia: 3 aos (desde la fecha de compra del equipo)";21.06;acer;garantia;0;0;0.25;0
sv.wpaap.a05;"garantia careplus ampliacion de garantia para all in one pc de escritorio profesional 5 aos carry-in (recogida y entrega a domicilio) recogida tras aviso: 48 horas (lu-vi) activacion: registro online sin folleto fisico. se puede adquirir durante el ao siguiente a la compra del equipo (max. 365 dias) vigencia: 3 aos (desde la fecha de compra del equipo)";59.56;acer;garantia;0;0;0.25;0
sv072zm/a;"applecare + para ipad air 11' m3 (solo producto sin activar)";84.91;apple;applecare;0;0;1;0
sv134a;"tambor mlt-r116 color de impresion: negro";56.49;samsung;toner;0;0;1;0
sxs1000r/1000g;"disco duro externo ssd 1tb xs1000 usb-c velocidad lectura/escritura hasta 1050 mb/s color rojo";118.8;kingston;disco ext;4;0;1;4
sxs2000/2000g;"disco duro externo ssd 2tb xs2000 usb-c velocidad lectura/escritura hasta 2000 mb/s ";236.5;kingston;ssd ext1+;3;0;1;6.45
t00p140;"tinta 104 65ml negro para ecotank";7.9;epson;tinta;7;0;1;0
t00p240;"tinta 104 65ml cian para ecotank";7.32;epson;tinta;2;0;1;0
t00p340;"tinta 104 65ml magenta para ecotank";7.32;epson;tinta;6;0;1;0
t00p440;"tinta 104 65ml amarilla para ecotank";7.3;epson;tinta;6;0;1;0
t00p640;"tinta 104 pack 4 cartuchos (negro, amarillo, cian y magenta) para ecotank";28.73;epson;tinta;10;0;1;0
t02w140;"tinta 502xl negro 550 paginas aproximadamente";26.78;epson;tinta;4;0;1;0
t02w240;"tinta 502xl cian 470 paginas aproximadamente";15.44;epson;tinta;0;0;1;0
t02w340;"tinta 502xl magenta 470 paginas aproximadamente";15.44;epson;tinta;0;0;1;0
t02w440;"tinta 502xl amarillo 470 paginas aproximadamente";15.44;epson;tinta;0;0;1;0
t02w640;"tinta 502xl pack 4 cartuchos(negro, cian, magenta y amarillo)";74.45;epson;tinta;0;0;1;0
t03a140;"tinta 603xl negro";24.07;epson;tinta;9;0;1;0
t03a240;"tinta 603xl cian";14.03;epson;tinta;0;0;1;0
t03a340;"tinta 603xl magenta";13.19;epson;tinta;8;0;1;0
t03a440;"tinta 603xl amarillo";14.03;epson;tinta;0;0;1;0
t03a640;"tinta 603xl pack 4 cartuchos (negro, amarillo, cian y magenta)";67.45;epson;tinta;4;0;1;0
t03m140;"tinta 111xl 127ml negro para ecotank";10.89;epson;tinta;9;0;1;0
t03r140;"tinta 102 negro 127ml para ecotank";11.72;epson;tinta;18;0;1;0
t03r240;"tinta 102 70ml cian para ecotank";7.32;epson;tinta;11;0;1;0
t03r340;"tinta 102 70ml magenta para ecotank";7.32;epson;tinta;12;0;1;0
t03r440;"tinta 102 70ml amarilla para ecotank";7.3;epson;tinta;19;0;1;0
t03r640;"tinta 102 pack 4 cartuchos (negro, amarillo, cian y magenta) para ecotank";30.64;epson;tinta;8;0;1;0
t03u140;"tinta 603 negro 150 paginas aproximadamente";11.36;epson;tinta;1;0;1;0
t03u240;"tinta 603 cian 150 paginas aproximadamente";7.03;epson;tinta;0;0;1;0
t03u340;"tinta 603 magenta 150 paginas aproximadamente";6.74;epson;tinta;5;0;1;0
t03u440;"tinta 603 amarillo 150 paginas aproximadamente";6.68;epson;tinta;4;0;1;0
t03u640;"tinta 603 pack 4 cartuchos (negro, amarillo, cian y magenta)";31.48;epson;tinta;8;0;1;0
t04d100;"caja de mantenimiento t04d1";6.84;epson;consumible;7;0;1;0
t05h640;"tinta t05h6 pack 4 cartuchos (negro, amarillo, cian y magenta)";116.62;epson;tinta;0;0;1;0
t06b140;"tinta 113 negro 127ml para ecotank";13.58;epson;tinta;12;0;1;0
t06b240;"tinta 113 cian 70ml para ecotank";10.87;epson;tinta;5;0;1;0
t06b340;"tinta 113 magenta 70ml para ecotank";10.87;epson;tinta;6;0;1;0
t06b440;"tinta 113 amarilla 70ml para ecotank";10.87;epson;tinta;7;0;1;0
t071440;"tinta t0714 amarillo 410 paginas aproximadamente";11.23;epson;tinta;0;0;1;0
t07u140;"tinta 407 negro 2600 paginas aproximadamente";35.1;epson;tinta;1;0;1;0
t07u240;"tinta 407 cian 1.900 paginas aproximadamente";25.44;epson;tinta;4;0;1;0
t07u340;"tinta 407 magenta 1.900 paginas aproximadamente";25.43;epson;tinta;4;0;1;0
t07u440;"tinta 407 amarillo 1.900 paginas aproximadamente";25.45;epson;tinta;3;0;1;0
t10g640;"tinta 604 pack 4 cartuchos (negro, cian, magenta y amarillo)";35.31;epson;tinta;3;0;1;0
t10h640;"tinta 604xl pack 4 cartuchos (negro, cian, magenta y amarillo)";73.2;epson;tinta;0;0;1;0
t129140;"tinta t1291 negro 385 paginas aproximadamente";13.4;epson;tinta;0;0;1;0
t129540;"tinta t1295 pack 4 cartuchos (negro, amarillo, cian y magenta)";50.48;epson;tinta;0;0;1;0
t163140;"tinta 16xl negro 500 paginas aproximadamente";20.08;epson;tinta;6;0;1;0
t163240;"tinta 16xl cian 450 paginas aproximadamente";15.39;epson;tinta;14;0;1;0
t163340;"tinta 16xl magenta 450 paginas aproximadamente";15.38;epson;tinta;4;0;1;0
t163440;"tinta 16xl amarillo 450 paginas aproximadamente";15.38;epson;tinta;6;0;1;0
t163640;"tinta 16xl pack 4 cartuchos (negro, amarillo, cian y magenta)";66.24;epson;tinta;4;0;1;0
t261140;"tinta 26 negro photo 200 paginas aproximadamente";11.12;epson;tinta;0;0;1;0
t263640;"tinta 26xl pack 4 cartuchos (negro, amarillo, cian y magenta)";77.25;epson;tinta;0;0;1;0
t298440;"tinta 29 amarillo 180 paginas aproximadamente";8.43;epson;tinta;0;0;1;0
t298640;"tinta 29 pack 4 cartuchos (negro, amarillo, cian y magenta)";38.27;epson;tinta;0;0;1;0
t299640;"tinta 29xl pack 4 cartuchos (negro, amarillo, cian y magenta)";70.24;epson;tinta;0;0;1;0
t580100;"tinta t580100 negro photo";46.77;epson;tinta;0;0;1;0
t580800;"tinta t580800 negro mate";46.77;epson;tinta;0;0;1;0
t580900;"tinta t580900 gris claro";46.77;epson;tinta;0;0;1;0
t580b00;"tinta epson stylus pro 3880 magenta vivo claro";46.77;epson;tinta;0;0;1;0
t6l87ae;"tinta 903 cian 315 paginas aproximadamente";10.17;hp;tinta;2;0;1;0
t6l91ae;"tinta 903 magenta 315 paginas aproximadamente";10.54;hp;tinta;5;0;1;0
t6l95ae;"tinta 903 amarillo 315 paginas aproximadamente";10.35;hp;tinta;3;0;1;0
t6l99ae;"tinta 903 negro 300 paginas aproximadamente";16.92;hp;tinta;6;0;1;0
t6m03ae;"tinta 903xl cian 825 paginas aproximadamente";18.87;hp;tinta;6;0;1;0
t6m07ae;"tinta 903xl magenta 825 paginas aproximadamente";18.63;hp;tinta;6;0;1;0
t6m11ae;"tinta 903xl amarillo 825 paginas aproximadamente";18.64;hp;tinta;5;0;1;0
t6m15ae;"tinta 903xl negro 825 paginas aproximadamente";37.36;hp;tinta;13;0;1;0
t6n01ae;"tinta 303 tricolor 165 paginas aproximadamente";18.89;hp;tinta;6;0;1;0
t6n02ae;"tinta 303 negro 200 paginas aproximadamente";15.02;hp;tinta;14;0;1;0
t6n03ae;"tinta 303xl tricolor 415 paginas aproximadamente";39.23;hp;tinta;6;0;1;0
t6n04ae;"tinta 303xl negro 600 paginas aproximadamente";35.25;hp;tinta;10;0;1;0
t8i-00004;"docking station usb-c thunderbolt 4 a 3xthunderbolt 4 3xusb-a 3.2 lan gbe 2500mbit/s combo de salida de auriculaes y microfono longitud del cable 0,8 metros";225.75;microsoft;docking;0;0;1;0
t944140;"tinta t9441 negro 3000 paginas aproximadamente";38.35;epson;tinta;4;0;1;0
t944240;"tinta t9442 cian 3000 paginas aproximadamente";53.48;epson;tinta;0;0;1;0
t944340;"tinta t9443 magenta 3000 paginas aproximadamente";47.75;epson;tinta;7;0;1;0
t944440;"tinta t9444 amarillo 3000 paginas aproximadamente";53.48;epson;tinta;0;0;1;0
tan1713;"mochila para portatil hasta 15.6' tan1713 dos compartimentos material de poliester azul";17.7;tech air;mochila;3;0;1;0
tapo c225;"camara videovigilancia interior wifi motorizada de seguridad para el hogar con movimiento horizontal y vertical modo privado deteccion inteligentevision panoramica 360º seguimiento inteligente de movimiento sensor starlight de alta sensibilidad alarma con luz y sonido sonido bidireccional. facil configuracion y control. a traves de la app tapo.";41.92;tp-link;camara vid;5;0;1;0
tapo c320ws;"camara videovigilancia exterior fija tapo c320ws ip66 ip wifi o ethernet ultra alta definicin 2k vision nocturna hasta 30 metros alerta movimientos y notificaciones audio dos vias alarma sonido y luz soporta microsd hasta 256gb control por voz con el asistente de google y amazon alexa blanco";50.44;tp-link;camara vid;5;0;1;0
tapo c420s2;"camara videovigilancia interior o exterior fija tapo c420s2 ip wifi resolucion  2kqhd 2560x1440px vision nocturna alerta movimientos y notificaciones audio dos vias alarma sonido y luz soporta microsd hasta 256gb o en la nube tapo care batera de larga duracin. gracias a su reducido consumo solo tendrs que recargarlas dos veces al ao.";173.68;tp-link;camara vid;4;0;1;0
tapo c520ws;"camara videovigilancia interior y exterior wifi y ethernet 2k qhd resolucion 2560x1440 motorizada de seguridad para el hogar con movimiento horizontal y vertical modo privado deteccion inteligentevision panoramica 360º seguimiento inteligente de movimiento sensor starlight de alta sensibilidad alarma con luz y sonido sonido bidireccional. facil configuracion y control. a traves de la app tapo.";40.97;tp-link;camara vid;4;0;1;0
tapo l900-5;"tira led inteligente wi-fi 5 metros 13.5w";16.72;tp-link;luces;0;0;1;0
tapo p100;"enchufe inteligente mini tapo p100 control remoto programacion control de voz modo fuera de casa google home";9.48;tp-link;wifi;10;0;1;0
tapo p100 pack2;"enchufe inteligente mini tapo p100 control remoto programacion control de voz modo fuera de casa google home pack 2 unidades";19.02;tp-link;wifi;5;0;1;0
tapo tc60;"camara videovigilancia interior fija tapo tc60 ip wifi full hd vision nocturna alerta movimientos y notificaciones audio dos vias alarma sonido y luz soporta microsd hasta 128gb modo privacidad";21.16;tp-link;camara vid;3;0;1;0
tapo tc65;"camara videovigilancia exterior fija tapo tc65 ip wifi o ethernet ultra alta definicion vision nocturna hasta 30 metros alerta movimientos y notificaciones audio dos vias alarma sonido y luz soporta microsd hasta 128gb control por voz con el asistente de google y amazon alexa blanco";35.76;tp-link;camara vid;5;0;1;0
tapo tc70;"camara videovigilancia interior motorizada tapo tc70 ip wifi full hd vision rotativa horizontal 360 vision vertical 114 vision nocturna alerta movimientos audio dos vias alarma sonido y luz soporta microsd hasta 512gb modo privacidad";18.49;tp-link;camara vid;0;5;1;0
taue100bk/00;"auriculares intrauditivo taue100bk jack 3.5 negros";3.38;philips;auricular;7;0;1;0
taxut020;"funda para tablet 7' taxut020 reversible compatible con: ipad mini, samsung galaxy 7, google nexus 7, archos 7', kindle fire, black berry 7' material: microfibra  verde";2;tech air;funda;5;0;1;0
taxut022;"funda para tablet 7' taxut022 reversible compatible con: ipad mini, samsung galaxy 7, google nexus 7, archos 7', kindle fire, black berry 7' material: microfibra rosa";2;tech air;funda;1;0;1;0
tg-1;"pasta termica tg-1 alto rendimiento intervalo de temperatura -30 240c 4 gramos gris";3.99;nox;pasta;26;0;1;0
tg-3468;"tarjeta de red gigabit pci express 10/100/1000mbps 1 puerto rj45";8.89;tp-link;tarjeta;14;0;1;0
thana01b;"base de refrigeracion para portatil hasta 15.6' 2 ventiladores";10.19;conceptronic;ventilador;7;0;1;0
thana02b;"base de refrigeracion para portatil hasta 17' 2 ventiladores";13.54;conceptronic;ventilador;6;0;1;0
thana03b;"soporte elevador de portatil hasta 15.6' ergonomica de aluminio";8.57;conceptronic;ventilador;4;0;1;0
thz935gl;"funda tablet versavu slim ipad 2022 negra.";46.32;targus;funda;4;0;1;0
tickred;"raton tick con cable usb optico 6 botones 1.600dpi negro/rojo";3.92;ngs;raton;7;0;1;0
ticksilver;"raton tick con cable usb optico 6 botones 1.600dpi negro/plata";4.32;ngs;raton;8;0;1;0
tl-ant2414a;"antena interior o exterior direccional 14dbi 2.4ghz cable extension 1 metro";36.33;tp-link;antena;4;0;1;0
tl-ant24ec3s;"cable desde rp-sma macho a rp-sma hembra longitud 3 metros";8.73;tp-link;cable;1;0;1;0
tl-mr100;"router wifi 4g lte n a 300mbps 2.4ghz hasta 300mbps 2 antenas desmontables externas 1 puerto lan 10/100 1 puerto wan 10/100 1 ranura para tarjeta nano sim";38.45;tp-link;router;5;0;1;0
tl-mr6400;"router wifi 4g lte n a 300mbps 2.4ghz hasta 300mbps 2 antenas avanzadas lte desmontables 3 puertos lan 10/100 1 puerto wan 10/100 1 ranura para tarjeta nano sim";57.13;tp-link;router;5;0;1;0
tl-pa7017kit;"powerline kit av1000 cableado hasta 1000mbps 1 puerto gigabit ethernet compatible homeplug av2 alcance hasta 300 metros sobre circuito electrico";36.74;tp-link;wifi;11;0;1;0
tl-pa7017pkit;"powerline kit av1000 cableado con enchufe incorporado hasta 1000mbps 1 puerto gigabit ethernet compatible homeplug av2 alcance hasta 300 metros sobre circuito electrico";43.65;tp-link;wifi;5;0;1;0
tl-poe160s;"inyector poe gigabit 802.3af/at autodetermina los requisitos de energia necesarios hasta 30w con 2 puertos gigabit hasta 100 metros";14.25;tp-link;accesorio;3;0;1;0
tl-sg1005d;"switch 5 puertos rj45 10/100/1000mbps carcasa de plastico sobremesa";10.41;tp-link;switch;10;0;1;0
tl-sg1005p;"switch 5 puertos rj45 10/100/1000mbps con 4 puertos poe hasta 15.4w por cada puerto carcasa metalica sobremesa";28.91;tp-link;switch;8;0;1;0
tl-sg1008d;"switch 8 puertos rj45 10/100/1000mbps carcasa de plastico sobremesa";15.13;tp-link;switch;5;0;1;0
tl-sg1008p;"switch 8 puertos rj45 10/100/1000mbps con 4 puertos poe hasta 15.4w por cada puerto carcasa metlica sobremesa";37.58;tp-link;switch;7;0;1;0
tl-sg1016;"switch 16 puertos rj45 10/100/1000mbps carcasa de metal de 19 pulgadas rack";50.92;tp-link;switch;5;0;1;0
tl-sg1024;"switch 24 puertos rj45 10/100/1000mbps carcasa de metal rack 19 pulgadas sobremesa, montaje en rack";63.2;tp-link;switch;2;0;1;0
tl-sg1024d;"switch 24 puertos rj45 10/100/1000mbps carcasa de metal de 13 pulgadas sobremesa, montaje en rack";65.02;tp-link;switch;2;0;1;0
tl-sg1048;"switch 48 puertos rj45 10/100/1000mbps carcasa de metal 19 pulgadas sobremesa, montaje en rack";229.53;tp-link;switch;4;0;1;0
tl-sg108s;"switch 8 puertos rj45 10/100/1000mbps carcasa metalica sobremesa";19.26;tp-link;switch;5;0;1;0
tl-sg2008p;"switch omada gestionable 8 puertos rj45 10/100/1000mbps con 4 puertos poe hasta 15.4w por cada puerto carcasa metlica sobremesa";87.27;tp-link;switch;3;0;1;0
tl-sg3428xmp;"switch 24 puertos rj45 10/100/1000mbps poe l2+ jetstream + 4 puertos 10gesfp+ sobremesa, montaje en rack";420.7;tp-link;switch;1;0;1;0
tl-wn722n;"usb inalambrico n 2.4ghz 150mbps con antena 4dbi usb 2.0";8.03;tp-link;wifi;10;0;1;0
tl-wn781n;"tarjeta de red pci express inalambrica 2.4ghz 150mbps 1 antena 2dbi tl-wn781nd";7.89;tp-link;wifi;20;0;1;0
tl-wn821n;"usb inalambrico n 2.4ghz 300mbps usb 2.0";7.27;tp-link;wifi;8;0;1;0
tl-wn822n;"usb inalambrico n 2.4ghz 300mbps 2 antenas 3dbi usb 2.0";10.41;tp-link;wifi;8;0;1;0
tl-wn881nd;"tarjeta de red pci express inalambrica n 2.4ghz 300mbps 2 antenas 2dbi";11.26;tp-link;wifi;5;0;1;0
tl-wpa4220kit;"powerline kit av600 cableado y wifi hasta 300mbps cableado hasta 600mbps 2 puertos ethernet 10/100mbps compuesto por un tl-wpa4220 y un tl-pa4010";44.14;tp-link;powerline;3;0;1;0
tl-wpa7617kit;"powerline kit av1000 cableado y  wifi ac1200 doble banda wifi 2.4ghz hasta 300mbps 5ghz hasta 867mbps 1 puertos gigabit ethernet compatible homeplug av2 compuesto por un tl-wpa7617 y un tl-pa7017p con enchufe";66.69;tp-link;wifi;5;0;1;0
tl-wr841n;"router wifi n 2.4ghz 300mbps 2 antenas 4 puertos lan 10/100 mbps y un puerto wan 10/100mbps";16.35;tp-link;router;0;0;1;0
tm-3315;"monitor 15' tm-3315 tactil 1024x768 vga usb soporte sistema friccion soporte vesa 100x100 dimensiones 372x258x300mm 4.71kg negro";241.45;posiflex;monitor;4;0;1;0
tm-7117;"monitor 17' tm-7117 tactil 1280x1024 vga usb teclado programable soporte sistema engranaje soporte vesa 100x100 dimensiones 400x345x400mm 6.8kg negro";331.29;posiflex;monitor;2;0;1;0
tm-mr-3000;"lector de tarjetas banda magnetica 3 pistas para: tm-3315 15' negro";35.15;posiflex;lector;2;0;1;0
tm-mr-3000m;"lector de tarjetas banda magnetica 3 pistas para: tm-3315 17' ks-6700 ks-7200 negro";35.16;posiflex;lector;2;0;1;0
tm-st2;"soporte de proyector para techo o pared ajustable de 930 hasta 1530mm inclinable blanco";66.86;vision;soporte;1;0;1;0
tm-u220eth neg;"impresora de tickets matricial tm-u220bii corte automatico ethernet negro";181.04;epson;imp etique;3;0;1;0
tn1050;"toner tn1050 negro 1.000 paginas segun iso/iec19752";34.1;brother;toner;9;0;1;0
tn1150;"toner tn1150 negro 1.000 paginas segun iso/iec19752";34.28;brother;toner;1;0;1;0
tn130bk;"toner tn130bk negro 2.500 paginas al 5% cobertura";50.48;brother;toner;5;0;1;0
tn2010;"toner tn2010 negro 1.000 paginas segun iso/iec19752";30.98;brother;toner;0;0;1;0
tn2110;"toner tn2110 negro 1.500 paginas segun iso/iec19752";42.94;brother;toner;0;0;1;0
tn2210;"toner tn2210 negro 1.200 paginas segun iso/iec19752";36.35;brother;toner;7;0;1;0
tn2220;"toner tn2220 negro 2.600 paginas segun iso/iec19752";56;brother;toner;6;0;1;0
tn2310;"toner tn2310 negro 1.200 paginas segun iso/iec19752";37.95;brother;toner;8;0;1;0
tn2320;"toner tn2320 negro 2.600 paginas segun iso/iec19752";58.49;brother;toner;8;0;1;0
tn2410;"toner tn2410 negro 1.200 paginas segun iso/iec19752";37.89;brother;toner;18;0;1;0
tn241bk;"toner tn241bk negro 2.500 paginas segun iso/iec19798";57.28;brother;toner;5;0;1;0
tn241c;"toner tn241c cian 1.400 paginas segun iso/iec19798";56.78;brother;toner;6;0;1;0
tn241m;"toner tn241m magenta 1.400 paginas segun iso/iec19798";56.74;brother;toner;13;0;1;0
tn241y;"toner tn241y amarillo 1.400 paginas segun iso/iec19798";56.83;brother;toner;6;0;1;0
tn2420;"toner tn2420 negro 3.000 paginas segun iso/iec19752";67.34;brother;toner;15;0;1;0
tn243bk;"toner tn243bk negro 1.000 paginas segun iso/iec19798";42.83;brother;toner;9;0;1;0
tn243c;"toner tn243c cian 1.000 paginas segun iso/iec19798";46.6;brother;toner;5;0;1;0
tn243cmyk;"toner tn243 pack ahorro 4 colores (bk/m/y/c)";155.36;brother;toner;4;0;1;0
tn243m;"toner tn243m magenta 1.000 paginas segun iso/iec19798";46.59;brother;toner;6;0;1;0
tn243y;"toner tn243y amarillo 1.000 paginas segun iso/iec19798";47.04;brother;toner;7;0;1;0
tn245m;"toner tn245m magenta 2.200 paginas segun iso/iec19798";80.1;brother;toner;0;0;1;0
tn247bk;"toner tn247bk negro 3.000 paginas segun iso/iec19798";72.9;brother;toner;6;0;1;0
tn247c;"toner tn247c cian 2.300 paginas segun iso/iec19798";84.57;brother;toner;3;0;1;0
tn247m;"toner tn247m magenta 2.300 paginas segun iso/iec19798";84.74;brother;toner;4;0;1;0
tn247y;"toner tn247y amarillo 2.300 paginas segun iso/iec19798";84.56;brother;toner;5;0;1;0
tn248bk;"toner tn248bk negro 1.000 paginas segun iso/iec 19798. hll3220cw, hll3240cdw, dcpl3520cdw, dcpl3560cdw, mfcl3740cdw, mfcl3760cdw, hll8230cdw, hll8240cdw, mfcl8340cdw, mfcl8390cdw.";42.53;brother;toner;13;0;1;0
tn248c;"toner tn248c cian 1.000 paginas segun iso/iec 19798. hll3220cw, hll3240cdw, dcpl3520cdw, dcpl3560cdw, mfcl3740cdw, mfcl3760cdw, hll8230cdw, hll8240cdw, mfcl8340cdw, mfcl8390cdw.";46.4;brother;toner;3;0;1;0
tn248m;"toner tn248m magenta 1.000 paginas segun iso/iec 19798. hll3220cw, hll3240cdw, dcpl3520cdw, dcpl3560cdw, mfcl3740cdw, mfcl3760cdw, hll8230cdw, hll8240cdw, mfcl8340cdw, mfcl8390cdw.";46.4;brother;toner;8;0;1;0
tn248val;"toner tn248val negro, cian, magenta y amarillo 1.000 paginas segun iso/iec 19798. hll3220cw, hll3240cdw, dcpl3520cdw, dcpl3560cdw, mfcl3740cdw, mfcl3760cdw, hll8230cdw, hll8240cdw, mfcl8340cdw, mfcl8390cdw.";155.67;brother;toner;5;0;1;0
tn248xlbk;"toner tn248xlbk negro 3.000 paginas segun iso/iec 19798. hll3220cw, hll3240cdw, dcpl3520cdw, dcpl3560cdw, mfcl3740cdw, mfcl3760cdw, hll8230cdw, hll8240cdw, mfcl8340cdw, mfcl8390cdw.";73.26;brother;toner;8;0;1;0
tn248xlc;"toner tn248xlc cian 2.300 paginas segun iso/iec 19798. hll3220cw, hll3240cdw, dcpl3520cdw, dcpl3560cdw, mfcl3740cdw, mfcl3760cdw, hll8230cdw, hll8240cdw, mfcl8340cdw, mfcl8390cdw.";84.47;brother;toner;4;0;1;0
tn248xlm;"toner tn248xlm magenta 2.300 paginas segun iso/iec 19798. hll3220cw, hll3240cdw, dcpl3520cdw, dcpl3560cdw, mfcl3740cdw, mfcl3760cdw, hll8230cdw, hll8240cdw, mfcl8340cdw, mfcl8390cdw.";84.5;brother;toner;4;0;1;0
tn248xly;"toner tn248xly amarillo 2.300 paginas segun iso/iec 19798. hll3220cw, hll3240cdw, dcpl3520cdw, dcpl3560cdw, mfcl3740cdw, mfcl3760cdw, hll8230cdw, hll8240cdw, mfcl8340cdw, mfcl8390cdw.";84.5;brother;toner;4;0;1;0
tn248y;"toner tn248y amarillo 1.000 paginas segun iso/iec 19798. hll3220cw, hll3240cdw, dcpl3520cdw, dcpl3560cdw, mfcl3740cdw, mfcl3760cdw, hll8230cdw, hll8240cdw, mfcl8340cdw, mfcl8390cdw.";46.4;brother;toner;9;0;1;0
tn249bk;"toner tn249bk negro 4.500 paginas segun iso/iec 19798. hll8230cdw, hll8240cdw, mfcl8340cdw, mfcl8390cdw.";86.41;brother;toner;1;0;1;0
tn249c;"toner tn249c cian 4.000 paginas segun iso/iec 19798. hll8230cdw, hll8240cdw, mfcl8340cdw, mfcl8390cdw.";135.46;brother;toner;4;0;1;0
tn249m;"toner tn249m magenta 4.000 paginas segun iso/iec 19798. hll8230cdw, hll8240cdw, mfcl8340cdw, mfcl8390cdw.";135.46;brother;toner;4;0;1;0
tn249y;"toner tn249y amarillo 4.000 paginas segun iso/iec 19798. hll8230cdw, hll8240cdw, mfcl8340cdw, mfcl8390cdw.";135.46;brother;toner;3;0;1;0
tn2510;"toner tn2510 negro 1.200 paginas segun iso/iec 19798. hll2400dw, hll2445dw, dcpl2620dw, dcpl2627dwxl,dcpl2660dw,mfcl2800dw,mfcl2827dwxl, mfcl2860dw.";37.63;brother;toner;16;0;1;0
tn2510xl;"toner tn2510xl negro 3.000 paginas segun iso/iec 19798. hll2400dw, hll2445dw, dcpl2620dw, dcpl2627dwxl,dcpl2660dw,mfcl2800dw,mfcl2827dwxl, mfcl2860dw.";67.14;brother;toner;15;0;1;0
tn3170;"toner tn3170 negro 7.000 paginas al 5% cobertura";101.48;brother;toner;2;0;1;0
tn326bk;"toner tn326bk negro 4.000 paginas segun iso/iec19798";61.11;brother;toner;0;0;1;0
tn3430;"toner tn3430 negro 3.000 paginas segun iso/iec19752";66.49;brother;toner;7;0;1;0
tn3480;"toner tn3480 negro 8.000 paginas segun iso/iec19752";113.84;brother;toner;10;0;1;0
tn3512;"toner tn3512 negro 12.000 paginas segun iso/iec19752";127.11;brother;toner;0;0;1;0
tn3600;"toner tn3600 negro 3.000 paginas segun iso/iec19752 equipos relacionados hll5210dn hll5210dw hll6210dw hll6410dn dcpl5510dw mfc5710dn mfcl5710dw mfcl6710dw mfcl6910dn";65.72;brother;toner;6;0;1;0
tn3600xl;"toner tn3600xl negro 6.000 paginas segun iso/iec19752 equipos relacionados hll5210dn hll5210dw hll6210dw hll6410dn dcpl5510dw mfc5710dn mfcl5710dw mfcl6710dw mfcl6910dn";119.98;brother;toner;2;0;1;0
tn3600xxl;"toner tn3600xxl negro 11000 paginas segun iso/iec19752 equipos relacionados hll5210dn hll5210dw hll6210dw hll6410dn dcpl5510dw mfc5710dn mfcl5710dw mfcl6710dw mfcl6910dn";151.43;brother;toner;4;0;1;0
tn3610xl;"toner tn3610xl negro 25.000 paginas segun iso/iec19752 equipos relacionados hll6410dn mfcl6910dn";192.67;brother;toner;0;0;1;0
tn421bk;"toner tn421bk negro 3.000paginas segun iso/iec19798";84.27;brother;toner;8;0;1;0
tn421c;"toner tn421c cian 1.800 paginas segun iso/iec19798";74.32;brother;toner;3;0;1;0
tn421m;"toner tn421m magenta 1.800 paginas segun iso/iec19798";74.39;brother;toner;3;0;1;0
tn421y;"toner tn421y amarillo 1.800 paginas segun iso/iec19798";74.32;brother;toner;3;0;1;0
tn423bk;"toner tn423bk negro 6.500 paginas segun iso/iec19798";96.63;brother;toner;8;0;1;0
tn423c;"toner tn423c cian 4.000 paginas segun iso/iec19798";130.44;brother;toner;8;0;1;0
tn423m;"toner tn423m magenta 4.000 paginas segun iso/iec19798";130.82;brother;toner;8;0;1;0
tn423y;"toner tn423y amarillo 4.000 paginas segun iso/iec19798";130.44;brother;toner;8;0;1;0
to;"toner lexmark optra ref:1382100 (14000 copias)";143.75;lexmark;toner;3;0;1;0
tpu4s;"adaptador desde pci a usb 2.0 hembra (cuatro) y interno (uno)";4.95;l-link;tarjeta;14;0;1;0
tqclk0035-g;"candado de seguridad longitud1.5 metros para portatiles, monitores, televisores sistema nano con combinacion.";9.9;tooq;candado;17;0;1;0
tqclkc0045-g;"candado de seguridad longitud1.5 metros para portatiles, monitores, televisores sistema nano con llave color gris oscuro.";6.16;tooq;cable segu;12;0;1;0
tqr-210b;"lector de tarjetas externo para dnie y smartcards conexion usb 2.0 (bajo consumo) se conecta facilmente al ordenador para identificacion personal en sitios web y administraciones publicas negro";5.95;tooq;lector;8;0;1;0
tqr-210w;"lector de tarjetas externo para dnie y smartcards conexion usb 2.0 (bajo consumo) se conecta facilmente al ordenador para identificacion personal en sitios web y administraciones publicas blanco";5.96;tooq;lector;14;0;1;0
ts-133;"nas ts-133 arm cortex a55 1.8ghz 2gb 1 bahia 3.5' hdd 2.5' hdd 2.5' ssd 1xusb 3.0 1x usb2.0 1xethernet";145;qnap;nas;2;0;1;0
ts-15hv;"monitor 15' ts-15ihv tactil flat capacitiva 1024x768 500 cd/m 350:1 vga hdmi interface tactil usb vesa 75x100mm dimensiones 374x288x50mm negro 4kg";156.6;10pos;monitor;1;0;1;0
ts-15iifv;"monitor 15' ts-15iifv tactil flat capacitiva 1024x768 500cd/m2 350:1 vga usb vesa 75x100mm dimensiones 371x288x50mm negro 4kg";154.92;10pos;monitor;1;0;1;0
ts-16hv;"monitor 15.6' ts-16hv tactil flat capacitiva 10 puntos 1920x1080 500cd/m2 350:1 vga hdmi usb dimensiones 370x335x50mm vesa 75 x 100 2,59kg negro";138.24;10pos;monitor;2;0;1;0
ts-16hvb;"monitor 15.6' ts-16hv tactil flat capacitiva 10 puntos 1920x1080 500cd/m2 350:1 vga hdmi usb dimensiones 370x335x50mm vesa 75 x 100 2,59kg blanco";137.16;10pos;monitor;2;0;1;0
ts-17hv;"monitor 17' ts-17fv tactil flat capacitiva 10 puntos 1280x1024 500cd/m2 700:1 vga hdmi usb dimensiones 380x320x50mm vesa 75 x 100 4kg negro";162;10pos;monitor;2;0;1;0
ts-19hv;"monitor 19' ts-19ihv tactil capacitiva 1280x1024 500cd/m2 800:1 sin marco vga+hdmi y usb soporte vesa 75x100mm negro";188.81;10pos;monitor;4;0;1;0
ts-233;"nas ts-233 cortex-a55 de cuatro ncleos a 2,0ghz de 64 bits 2gb de ram integrado 2 bahias un puerto lan gigabit 2xusb 2.0 usb 3.2 admite dos unidades de disco duro sata ancho: 90,2 mm profundidad: 156,3 mm altura: 188,6 mm peso: 1,11 kg color blanco";201.67;qnap;nas;3;0;1;0
ts-462-4g;"nas ts-462-4g intel celeron n4505 hasta 2.9ghz ddr4 4gb grafica intel uhd graphics 4 bahias 3.5' hdd 2.5' hdd 2.5' ssd 2 ranuras pcie m.2 2280 gen 3 capacidad maxima por disco duro 22tb raid 0 1 5 6 10 50 60 2xusb 3.0 2xusb.2.0 hdmi ethernet 2.5gbe";508.23;qnap;nas;2;0;1;0
ts-464-8g;"nas ts-464-8g intel celeron n5095 hasta 2.9ghz sodimm ddr4 8gb 4gb flash grafica intel uhd graphics 4 bahias 3.5' hdd 2.5' hdd 2.5' ssd 2 ranuras pcie m.2 2280 gen 3 capacidad maxima por disco duro 22tb raid 0 1 5 6 10 50 60 2xusb 3.0 2xusb.2.0 hdmi 2xethernet 2.5gbe";561.96;qnap;nas;3;0;1;0
tu43u8005fuxxc;"televisor 43' crystal ultra hd 4k resolucion 3840x2160 smart tv 3xhdmi ethernet wifi 5 bluetooth 1xusb vesa 200x200 altavoz 20w dos canales sonido adaptativo q-sinfonia peso 6.4kg";249.6;samsung;televisor;2;0;1;0
tu50u8005fuxxc;"televisor 50' crystal ultra hd 4k resolucion 3840x2160 smart tv 3xhdmi ethernet wifi 5 bluetooth 1xusb vesa 200x200 altavoz 20w dos canales sonido adaptativo q-sinfonia peso 8.3kg";276.54;samsung;monitor;1;0;1;0
tu55u7025fkxxc;"televisor 55' u7025f crystal ultra hd 4k resolucion 3840x2160 50hz hdr10+ smart tv sintonizadores dvb-t2 dvb-c 3xhdmi ethernet wifi 5 bluetooth 5.3 1xusb 2.0 peso 11.8kg vesa 200x200 sistema operativo tizen";317.2;samsung;televisor;3;0;1;0
tz-344;"cinta laminada texto oro sobre fondo negro ancho 18mm bobina 8 metros";16.01;brother;etiquetas;3;0;1;0
tz-e345;"cinta laminada texto blanco sobre fondo negro ancho 18mm bobina 8 metros";17.03;brother;etiquetas;0;0;1;0
tze-211;"cinta laminada texto negro sobre fondo blanco ancho 6mm bobina 8 metros";9.81;brother;etiquetas;0;0;1;0
tze-221;"cinta laminada texto negro sobre fondo blanco ancho 9mm bobina 8 metros";11.39;brother;etiquetas;19;0;1;0
tze-222;"cinta laminada texto rojo sobre fondo blanco ancho 9mm bobina 8 metros";11.38;brother;etiquetas;0;0;1;0
tze-231;"cinta laminada texto negro sobre fondo blanco ancho 12mm bobina 8 metros";12.6;brother;etiquetas;27;0;1;0
tze-251;"cinta laminada texto negro sobre fondo blanco ancho 24mm bobina 8 metros";17.03;brother;etiquetas;0;0;1;0
tze-315;"cinta laminada texto blanco sobre fondo negro ancho 6mm bobina 8 metros";12.22;brother;etiquetas;1;0;1;0
tze-421;"cinta laminada texto negro sobre fondo rojo ancho 9mm bobina 8 metros";11.39;brother;etiquetas;6;0;1;0
tzefx231;"cinta laminada flexible texto negro sobre fondo blanco ancho 12mm bobina 8 metros";14.98;brother;etiquetas;0;0;1;0
tzesl261;"cinta autolaminada texto negro sobre fondo blanco ancho 36mm bobina 8 metros";24.17;brother;etiquetas;0;0;1;0
u27b3a;"monitor 27' u27b3a profesional 4k 3840x2160 a 60hz ips hdr10 uhd 4ms 350cd/m2 16:9 2xhdmi displayport angulo de vision  h:178-v:178 vesa 100x100 peso 3,59 kg negro";168.48;aoc;monitor;1;0;1;0
u34e2m;"monitor 34' ultrapanoramico 3440x1440 a 100hz wqhd 4ms 20000000:1 21:9 2 x hdmi displayport salida mini jack 3.5mm  angulo vision h:178-v178 inclinacion dimensiones 817.5x253.8x475mm 7.67kg negro";239.4;aoc;monitor;2;0;1;0
u6-pro;"punto acceso interior u6-pro ganancia de antena 2.4ghz 4 dbi  5ghz 6 dbi mimo 2.4 ghz 2 x 2 (ul mu-mimo) 5 ghz  4 x 4 (dl/ul mu-mimo) 1 puerto ethernet poe 48v 10/100/1000mbps interfaz de administracin ethernet y bluetooth";145.74;ubiquiti;wireless;6;0;1;0
u67u6e;"garantia care pack ampliacion de garantia para hardware de pc de escritorio 3 aos in situ activacion: registro online sin folleto fisico. repuesta de tres dias habiles";41.34;hp;garantia;0;0;1;0
u7-lite;"punto acceso interior u7 wifi7 rango maximo de transferencia de datos: 4300 mbit/s, velocidad (2.4ghz): 688 mbit/s, velocidad (5ghz): 4300 mbit/s. rango de voltaje dc: 44 - 57 v, consumo de energia (max): 13 w. ubicacion: techo, multi user mimo 1 puerto ethernet poe gigabit color del producto: blanco, ganancia de la antena (max): 5 dbi";91.7;ubiquiti;wireless;3;0;1;0
uap-in-5 pack;"punto acceso interior en caja electrica uap-iw 2.4ghz 3 puertos 10/100mbps poe pack 5 unidades";207.42;ubiquiti;wireless;1;0;1;0
ub5a;"adaptador desde usb 2.0 macho a bluetooth 5.0 con distancia maxima 100 metros";8.45;tp-link;adaptador;7;0;1;0
ubiquiti es-24-;"switch 24 puertos rj45 10/100/1000mbps 24 puertos poe 250w 2 pueros sfp rack es-24-250w edgeswitch";356.4;ubiquiti;switch;0;0;1;0
ubiquiti locom2;"punto acceso exterior loco m2 2.4ghz 8dbi mimo 1 puerto ethernet poe 24v 10/100mbps";37.09;ubiquiti;wireless;5;0;1;0
ubiquiti locom5;"punto acceso exterior loco m5 5ghz 13dbi mimo 1 puerto ethernet poe 24v 10/100mbps";55.99;ubiquiti;wireless;4;0;1;0
ubiquiti minica;"camara videovigilancia interior fija aircam mini ethernet 10/100mbps horizontal 52 vertical 34 ranura tarjeta microsd adaptador poe";66.64;ubiquiti;camara vid;1;0;80;0
ubiquiti nsm2;"punto acceso exterior nsm2 2.4ghz 11dbi mimo 630nw 2 puertos 10/100mbps poe 24v";78.48;ubiquiti;wireless;3;0;1;0
ubiquiti nsm5;"punto acceso exterior nsm5 5ghz 16dbi mimo 500mw 2 puertos 10/100mbps poe 24v";69.63;ubiquiti;wireless;2;0;1;0
ubiquiti poe-15;"inyector poe 15-12w isp inyectors 15v 12w 0,8a 10/100";6.08;ubiquiti;accesorio;4;0;1;0
ubiquiti poe-ac;"inyector poe 24-12w isp inyectors 24v 12w 0,5a gigabit";9.68;ubiquiti;accesorio;4;0;1;0
ubiquiti poe48;"inyector poe 48-24w-g isp inyectors 48v 24w 0,5a gigabit";12.27;ubiquiti;accesorio;9;0;1;0
ubiquiti uapac3;"punto acceso interior uap-ac-3 5ghz 28dbi mimo hasta 1300mbps soporte techo o pared 2 puertos gigabit 10/100/1000mbps pack 3 unidades alimentacion poe+";726.26;ubiquiti;wireless;1;0;50;0
ubiquitiuapacm;"punto acceso interior o exterior uap-ac-m mesh 2.4ghz hasta 300mbps 5ghz hasta 867mbps soporte techo o pared 1 puerto gigabit 10/100/1000mbps poe 24v";77.88;ubiquiti;wireless;0;0;1;0
ubiquitiuapacmp;"punto acceso interior o exterior uap-ac-m mesh 2.4ghz hasta 300mbps 5ghz hasta 867mbps soporte techo o pared 1 puerto gigabit 10/100/1000mbps no incluye poe pack 5 unidades";368.69;ubiquiti;wireless;0;0;1;0
ubiquitiuapacp5;"punto acceso interior o exterior uap-ac-pro-5 2.4ghz hasta 450mbps 5ghz hasta 1300mbps soporte techo o pared 2 puertos gigabit 10/100/1000mbps no incluye poe pack 5 unidades";578.72;ubiquiti;wireless;0;0;1;0
ue300;"adaptador desde usb 3.0 macho a ethernet hembra 10/100/1000mbps";8.32;tp-link;adaptador;11;0;1;0
ue300c;"adaptador desde usb-c macho a ethernet hembra 10/100/1000mbps";10.32;tp-link;adaptador;13;0;1;0
ue306;"adaptador desde usb 3.0 macho a ethernet hembra 10/100/1000mbps";9.43;tp-link;adaptador;7;0;1;0
ue330;"adaptador desde usb 3.0 macho a ethernet hembra 10/100/1000mbps + hub usb 3.0 3 puertos";16.38;tp-link;adaptador;10;0;1;0
ue43du8072uxxh;"televisor 43' crystal ultra hd 4k hdr10 tizen resolucion 3840x2160 50hz smart tv sintonizadores dvb-t2 dvb-c dvb-s2 3xhdmi ethernet wifi 5 bluetooth 5.2 2xusb 2.0 vesa 200x200 altavoz 20w dos canales sonido peso 8.7kg";239.2;samsung;televisor;1;0;1;0
ue43u8072fuxxh;"televisor 43' crystal ultra hd 4k hdr tizen resolucion 3840x2160 50hz smart tv sintonizadores dvb-t2 dvb-c dvb-s2 3xhdmi ethernet wifi 5 bluetooth 5.3 usb 2.0 vesa 200x200 altavoz 20w dos canales sonido peso 6.6kg";213.2;samsung;televisor;2;0;1;0
um.hb7ee.e48;"monitor 27' vero b277udebmiiprczx 2560x1440 a 100hz qhd led 4ms 350cd/m2 100m:1 16:9 2xhdmi 1xdisplayport 4xusb altavoces 2x2w webcam 5 mp regulable altura pivotante angulo visualizacion h:178 - v:178 inclinacion -5/+35 vesa 100x100 negro";135.2;acer;monitor;13;0;0.25;0
um.hb7ee.g01;"monitor 27' vero b277 gbmiprzx 1920x1080 a 120hz ips led 1ms 250cd/m2 1500:1 16:9 hdmi displayport vga hub 4xusb 3.2 altavoces 2x2w regulable altura pivotante angulo visualizacion h:178 - v:178 inclinacion -5/+25 vesa 100x100 6.17kg garantia 3 años negro";112.32;acer;monitor;26;0;0.25;0
um.hb7ee.g02;"monitor 27' vero b277 ebmiprx 1920x1080 a 120hz ips led 1ms 250cd/m2 1500:1 16:9 hdmi displayport vga altavoces 2x2w regulable altura pivotante angulo visualizacion h:178 - v:178 inclinacion -5/+25 vesa 100x100 6.17kg garantia 3 años negro";102.68;acer;monitor;2;0;0.25;0
um.hv7ee.g01;"monitor 27' v277 gbi ips 1920x1080 a 120hz full hd led 1ms 250cd/m2 16:9 hdmi vga freesync angulo visualizacion h:178 - v:178 vesa 100x100 incluye cable hdmi garantia 3 años color negro";73.15;acer;monitor;143;0;0.25;0
um.kx3ee.p08;"monitor 24.5' predator xb253qgpbmiiprzx zeroframe 1920x1080 a 144hz full hd ips led 2ms 400cd/m2 100m:1 16:9 2xhdmi displayport angulo visualizacion h:178 - v:178 inclinacion -5/+25 soporte vesa 100x100 regulable altura pivotante altavoces 4wx2 dimensiones (sin base) 55.8x23.6x51.3cm 5.30kg negro";255.84;acer;monitor;1;0;0.25;0
um.qb2ee.g01;"monitor 23.8' vero cb242ygbmiprx cb2 1920x1080 a 120hz full hd ips zero frame 1ms 250cd/m2 16:9 hdmi vga displayport 1.2 angulo vision h178-v178 inclinacion +35/-5 regulable altura y pivotante soporte vesa  mis-d 100x100 color negro";76.63;acer;monitor;5;0;0.25;0
um.qb7ee.601;"monitor 23.8' vero b247yd6bmiprczx con webcam 1920x1080 a 120hz full hd ips  led 4ms 250cd/m2 1000m:1 16:9 hdmi vga displayport hub usb 3.1 1 a 4 regulable altura pivotante soporte vesa 100x100 altavoces canal de 10w garantia 3 años negro apto para el kit digital";140.92;acer;monitor;5;0;0.25;0
um.qs2ee.109;"monitor 23.8' sa242y h1bi 1920x1080 a 100hz full hd va  ultra fino 4ms 250cd/m2 16:9 hdmi vga  angulo vision h178-v178 inclinacion +20/-5 soporte vesa 75x75 alimentacion externa con transformador color negro";57.1;acer;monitor;99;0;0.25;0
um.qv7ee.g01;"monitor 23.8' v247y gbip 1920x1080 a 120hz full hd led 4ms 250cd/m2 16:9 hdmi vga con soporte vesa adaptive-sync angulo visualizacion h:178 - v:178 color negro";60.7;acer;monitor;55;0;0.25;0
um.qx1ee.307;"monitor 23.8' nitro kg241 p3bip ips 1920x1080 a 180hz full hd va led 0.5ms 250cd/m2 16:9 hdmi displayport con soporte vesa 100x100 angulo visualizacion h:178 - v:178 color negro";73.84;acer;monitor;17;0;0.25;0
um.wv7ee.024;"monitor 21.5' v227qe0bi v7 vero led ips fullhd 1920x1080 16:9 250cd/m2 100m:1 1ms 100hz hdmi vga inclinacion -5 a 25 vesa 100x100 2.85kg alimentador de corriente de 12v negro";54.07;acer;monitor;-1;0;0.25;0
umcs0004-b;"soporte cpu con ruedas metalico para pc hasta 10kg entre 119-209 mm de ancho color negro";9.35;tooq;soporte;11;0;1;0
ume2-0640w0r11;"pen drive 64gb ume2 usb 2.0 blanco";5.14;goodram;pendrive;23;0;1;0.24
usb-0401;"adaptador desde usb 3.0 macho a ethernet hembra 10/100/1000mbps";13.71;level one;adaptador;3;0;1;0
usb-0402;"adaptador desde usb-c macho a ethernet hembra 10/100/1000mbps";13.69;level one;adaptador;9;0;1;0
usb-0503;"adaptador desde usb 3.0 macho a ethernet hembra 10/100/1000mbps + hub usb 3.0 con 3 puertos";18.05;level one;adaptador;3;0;1;0
usbcharkit;"cargador de pared-coche y hogar universal de viaje a usb 5v 2a";15.39;conceptronic;cargador;3;0;1;0
usw-16-poe;"switch 16 puertos rj45 10/100/1000mbps con 8 puertos poe 48/w";270.27;ubiquiti;switch;0;0;1;0
usw-24;"switch 24 puertos rj45 10/100/1000mbps 24 puertos + 2 x sfp ";212.55;ubiquiti;switch;0;0;1;0
usw-24-poe;"switch 24 puertos rj45 10/100/1000mbps 24 puertos con 16 puertos poe 95w sfp";335.23;ubiquiti;switch;1;0;1;0
usw-flex;"switch 5 puertos rj45 10/100/1000mbps con 5 puerto poe 46w 1 puerto usb 2.0 (requiere alimentacion poe)";83.6;ubiquiti;switch;1;0;1;0
usw-flex-mini;"switch 5 puertos rj45 10/100/1000mbps sobremesa (se puede alimentar con poe o un adaptador usb-c de 5 v no incluido) ";27.35;ubiquiti;switch;2;0;1;0
usw-lite-16-poe;"switch 16 puertos rj45 10/100/1000mbps con 8 puertos poe 45w sobremesa";181.89;ubiquiti;switch;2;0;1;0
usw-lite-8-poe;"switch 8 puertos rj45 10/100/1000mbps con 4 puertos poe 52w sobremesa";100.9;ubiquiti;switch;2;0;1;0
usw-pro-48;"switch 48 puertos rj45 10/100/1000mbps 4 sfp+ rack 1u";537.39;ubiquiti;switch;1;0;1;0
usw-pro-48-poe;"switch 48 puertos rj45 10/100/1000mbps 4 sfp+ rack 1u con 40 puertos poe";1032.6;ubiquiti;switch;0;0;1;0
usw-ultra;"switch - ultra 8 puertos rj45 con 7 puertos poe 42w rj45 10/100/1000mbps sobremesa geastion managed";92.74;ubiquiti;switch;0;0;1;0
v0l79aa;"raton inalambrico hp z3700 con receptor usb nano optico 2 botones 1.200dpi ambidiestro negro";13.84;hp;raton;4;0;1;0
v13h010l78;"lampara proyector epson elplp78";110.44;epson;lampara;1;0;1;0
vc500wz1;"impresora de etiquetas profesional vc-500 usb 2.0 wifi tecnologia termica zero ink velocidad impresion 8mm/segundo impresion logos e imagenes personalizadas corte automatico o manual ancho maximo 50mm";133.42;brother;imp etique;0;0;1;0
vcg50608dfxpb1;"tarjeta grafica geforce rtx5060 8gb gddr7 128 bit cuda 3840 3xdisplayport 1xhdmi tdp 145w dual fan reoslucion 7680x4320 alimentacion 1x8 pines ";284.43;pny;vga;1;0;1;0
vcg507012tfxpb1-o;"tarjeta grafica geforce rtx5070 oc 12gb ddr7 3xdp hdmi 3 x displayport triple fan cuda 6144 192bit 250w reloj 2325mhz ";600.76;pny;vga;2;0;1;0
vhu4231eu;"tablet redmi pad 10.61' (1200x1200) capacidad 128gb 4gb ram wifi bluetooth 5.3 bateria 8000 mah miui gris grafito";183.91;xiaomi;tablet;1;0;1;3.75
vol-ock6-u8;"conector rj45 hembra utp categoria 6 para patch panel (pack 8 udes.)";20.16;3m;conector;9;0;1;0
w-70w;"cargador para portatil universal automatico 70w";16.07;ngs;cargador;2;0;1;0
w1106a;"toner 106a negro 1.000 paginas segun iso/iec 19752";43.83;hp;toner;7;0;1;0
w1120a;"tambor 120a laserjet color 150a 150nw 178nw 179fnw mono 16,000 paginas color 4,000 paginas aproximadamente.";109.96;hp;tambor;6;0;1;0
w1143a;"toner 143a kit de recarga neverstop 2500 paginas segun iso/iec 19798";15.63;hp;toner;1;0;1;0
w1143ad;"toner 143ad kit de recarga neverstop pack 2 5000 paginas segun iso/iec 19798";31.35;hp;toner;5;0;1;0
w1144a;"tambor 144a laserjet  1202nw 1001nw 1201n 20.000 paginas aproximadamente";75.66;hp;tambor;4;0;1;0
w1350a;"toner 135a negro 1100 paginas segun iso/iec 19798";39;hp;toner;8;0;1;0
w1350x;"toner 135x negro 2400 paginas segun iso/iec 19798";65.18;hp;toner;10;0;1;0
w1420a;"toner 142a negro 950 paginas segun iso/iec 19798";43.08;hp;toner;4;0;1;0
w1470a;"toner 147a negro 10500 paginas segun iso/iec 19798";175.75;hp;toner;0;0;1;0
w1470x;"toner 147x negro 25200 paginas segun iso/iec 19798";282.58;hp;toner;0;0;1;0
w1490a;"toner 149a negro 2900 paginas segun iso/iec 19798";94.48;hp;toner;0;0;1;0
w1490x;"toner 149x negro 9500 paginas segun iso/iec 19798";190.11;hp;toner;0;0;1;0
w1530a;"toner 153a negro kit de recarga 2500 paginas segun iso/iec 19798";14.13;hp;toner;7;0;1;0
w1530x;"toner 153x negro kit de recarga 5000 paginas segun iso/iec 19798";25.52;hp;toner;4;0;1;0
w1y44a;"impresora laser color pro m454dn a4 600x600ppp usb 2.0 ethernet impresion monocromo 28ppm impresion color 28ppm impresion duplex bandeja entrada papel 300 hojas wifi direct eprint volumen mensual hasta 4.000 paginas peso 22 kg";390.03;hp;impresora;1;0;1;4
w1y45a;"impresora laser color pro m454dw a4 600x600ppp usb 2.0 wifi ethernet impresion monocromo 28ppm impresion color 28ppm impresion duplex bandeja entrada papel 300 hojas wifi direct eprint volumen mensual hasta 4.000 paginas peso 22 kg";394.92;hp;impresora;1;0;1;4
w2030a;"toner 415a negro 2.400 paginas segun iso/iec 19798";78.89;hp;toner;10;0;1;0
w2030x;"toner 415x negro 7.500 paginas segun iso/iec 19798";161.08;hp;toner;2;0;1;0
w2031a;"toner 415a cian 2.100 paginas segun iso/iec 19798";102.05;hp;toner;6;0;1;0
w2031x;"toner 415x cian 6.000 paginas segun iso/iec 19798";220.55;hp;toner;0;0;1;0
w2032a;"toner 415a amarillo 2.100 paginas segun iso/iec 19798";102.05;hp;toner;8;0;1;0
w2032x;"toner 415x amarillo 6.000 paginas segun iso/iec 19798";220.53;hp;toner;1;0;1;0
w2033a;"toner 415a magenta 2.100 paginas segun iso/iec 19798";102.06;hp;toner;6;0;1;0
w2033x;"toner 415x magenta 6.000 paginas segun iso/iec 19798";220.53;hp;toner;0;0;1;0
w2070a;"toner 117a negro 1.000 paginas segun iso/iec 19798";40.11;hp;toner;6;0;1;0
w2071a;"toner 117a cian 700 paginas segun iso/iec 19798";44.38;hp;toner;9;0;1;0
w2072a;"toner 117a amarillo 700 paginas segun iso/iec 19798";44.36;hp;toner;5;0;1;0
w2073a;"toner 117a magenta 700 paginas segun iso/iec 19798";44.36;hp;toner;5;0;1;0
w2121a;"toner 212a cian 4.500 paginas";195.96;hp;toner;4;0;1;0
w2190a;"toner 219a negro 1.300 paginas";57.89;hp;toner;5;0;1;0
w2190x;"toner 219x negro 3.200 paginas";84.21;hp;toner;3;0;1;0
w2191a;"toner 219a cian 1.200 paginas";67.85;hp;toner;4;0;1;0
w2191x;"toner 219x cian 2.500 paginas";95.64;hp;toner;4;0;1;0
w2192a;"toner 219a amarillo 1.200 paginas";67.85;hp;toner;3;0;1;0
w2192x;"toner 219x amarillo 2.500 paginas";95.64;hp;toner;4;0;1;0
w2193a;"toner 219a magenta 1.200 paginas";68.09;hp;toner;1;0;1;0
w2193x;"toner 219x magenta 2.500 paginas";97.05;hp;toner;4;0;1;0
w2200a;"toner 220a negro 2000 paginas segun iso/iec 19798";74.32;hp;toner;4;0;1;0
w2200x;"toner 220x negro 7500 paginas segun iso/iec 19798";147.19;hp;toner;3;0;1;0
w2201a;"toner 220a cian 1800 paginas segun iso/iec 19798";89.63;hp;toner;3;0;1;0
w2201x;"toner 220x cian 5500 paginas segun iso/iec 19798";181.22;hp;toner;3;0;1;0
w2202a;"toner 220a amarillo 1800 paginas segun iso/iec 19798";89.64;hp;toner;3;0;1;0
w2202x;"toner 220x amarillo 5500 paginas segun iso/iec 19798";181.22;hp;toner;3;0;1;0
w2203a;"toner 220a magenta 1800 paginas segun iso/iec 19798";89.65;hp;toner;3;0;1;0
w2203x;"toner 220x magenta 5500 paginas segun iso/iec 19798";181.24;hp;toner;0;0;1;0
w2210a;"toner 207a negro 1.350 paginas segun iso/iec 19798";57.37;hp;toner;8;0;1;0
w2210x;"toner 207x negro 3.150 paginas segun iso/iec 19798";87.28;hp;toner;4;0;1;0
w2211a;"toner 207a cian 1.250 paginas segun iso/iec 19798";67.69;hp;toner;6;0;1;0
w2211x;"toner 207x cian 2.450 paginas segun iso/iec 19798";90.68;hp;toner;7;0;1;0
w2212a;"toner 207a amarillo 1.250 paginas segun iso/iec 19798";67.66;hp;toner;7;0;1;0
w2212x;"toner 207x amarillo 2.450 paginas segun iso/iec 19798";92.02;hp;toner;6;0;1;0
w2213a;"toner 207a magenta 1.250 paginas segun iso/iec 19798";67.66;hp;toner;5;0;1;0
w2213x;"toner 207x magenta 2.450 paginas segun iso/iec 19798";92.01;hp;toner;6;0;1;0
w2410a;"toner 216a negro 1.050 paginas segun iso/iec 19798";44.86;hp;toner;6;0;1;0
w2411a;"toner 216a cian 850 paginas segun iso/iec 19798";48.38;hp;toner;0;0;1;0
w2412a;"toner 216a  amarillo 850 paginas segun iso/iec 19798";48.38;hp;toner;5;0;1;0
w2413a;"toner 216a magenta 850 paginas segun iso/iec 19798";48.35;hp;toner;5;0;1;0
wca003vfwh;"cargador de pared a usb-c 20w blanco";9.2;belkin;cargador;2;0;1;0
wca004vf1mwh-b6;"cargador de pared a usb-c 25w con pps + cable usb-c a usb-c blanco";12.94;belkin;cargador;7;0;1;0
wca004vfbk;"cargador de pared a usb-c pd 3.0pps de 25w negro";10.18;belkin;cargador;2;0;1;0
wca004vfwh;"cargador de pared a usb-c pd 3.0pps de 25w blanco";8.52;belkin;cargador;3;0;1;0
wca005vfwh;"cargador de pared a usb-c pd 3.0 pps de 30w blanco";11.96;belkin;cargador;17;0;1;0
wca006vf1mwh-b6;"cargador de pared a usb-c 20w + cable usb-c  1 metro color blanco ";5.18;belkin;cargador;5;0;1;0
wca008kq1mwh-b6;"cargador de pared a usb-c 30w  con cable usb-c incluido blanco";13.08;belkin;cargador;2;0;1;0
wca008kqwh;"cargador de pared a usb-c 30w  blanco";11.46;belkin;cargador;3;0;1;0
wca009kq1mwh-b6;"cargador de pared a usb-c de 20w blanco con cable de usb-c a usb-c";11.41;belkin;cargador;6;0;1;0
wca009kqwh;"cargador de pared a usb-c 20w  blanco";7.97;belkin;cargador;4;0;1;0
wca012kq1mwh-b6;"cargador de pared a usb-c 25w  con cable usb-c 1m incluido blanco";11.41;belkin;cargador;6;0;1;0
wca012kqwh;"cargador de pared a usb-c power delivery 3.1 de 25w blanco";8.02;belkin;cargador;7;0;1;0
wca013kqwh;"cargador de pared a usb-c 45w  blanco";12.6;belkin;cargador;3;0;1;0
wcb007vfwh;"cargador de pared dual 37w usb-c (pd 25w) usb a (12w) blanco";12.77;belkin;cargador;4;0;1;0
wcb009vfwh;"cargador de pared dual 42w usb-c (pd 30w) usb a (12w) blanco";12.72;belkin;cargador;3;0;1;0
wcb010vfwh;"cargador de pared a usb-c doble de 30w + 30w blanco";17.07;belkin;cargador;7;0;1;0
wch013vf2mwh-b6;"cargador de pared a usb-c doble con pps de 45w + 20w con cable usb-c a usb-c 2 metros blanco";28.62;belkin;cargador;4;0;1;0
wch013vfwh;"cargador de pared a usb-c doble con pps de 45w + 20w blanco";23.66;belkin;cargador;5;0;1;0
wd101efbx;"disco duro interno 3.5' red plus serial ata 10tb hdd 7200rpm 6gbit/s para: sistema nas";313.5;wtdigital;disco int6+;0;0;1;3
wd102purp;"disco duro interno 3.5' purple surveillance serial ata 10tb hdd 7200rpm 6gbit/s 512mb de cache para: sistema de videovigilancia";341;wtdigital;disco int6+;0;0;1;3
wd11purz;"disco duro interno 3.5' purple surveillance serial ata 1tb hdd 5400rpm 6gbit/s para: sistema de videovigilancia";85.12;wtdigital;disco int;4;0;1;0.9
wd121kfbx;"disco duro interno 3.5' red plus serial ata 12tb hdd 7200rpm 6gbit/s para: sistema nas";340.97;wtdigital;disco int6+;1;0;1;3
wd122kfbx;"disco duro interno 3.5' red pro serial ata 12tb hdd 7200rpm 6gbit/s para: sistema nas";468.6;wtdigital;disco int6+;0;0;1;3
wd161kfgx;"disco duro interno 3.5' red pro serial ata 16tb hdd 7200rpm 6gbit/s para: sistema nas";372.9;wtdigital;disco int6+;0;0;1;3
wd23purz;"disco duro interno 3.5' purple surveillance serial ata 2tb hdd 5400rpm 6gbit/s para: sistema de videovigilancia";116.6;wtdigital;disco int6;0;0;1;1.5
wd4005ffbx;"disco duro interno 3.5' red serial ata 4tb hdd 7200rpm 6gbit/s para: sistema nas";178.06;wtdigital;disco int6;0;0;1;1.5
wd40efzz;"disco duro interno 3.5' red plus serial ata 4tb hdd 5400rpm 6gbit/s para: sistema nas";156.2;wtdigital;disco int6;0;0;1;1.5
wd43purz;"disco duro interno 3.5' purple surveillance serial ata 4tb hdd 5400rpm 6gbit/s 64mb de cache para: sistema de videovigilancia";162.8;wtdigital;disco int6;1;0;1;1.5
wd60efpx;"disco duro interno 3.5' red serial ata 6tb hdd 5400rpm 6gbit/s para: sistema nas";187;wtdigital;disco int6;0;0;1;1.5
wd64purz;"disco duro interno 3.5' purple surveillance serial ata 6tb hdd 5640rpm 6gbit/s 256 mb de cache para: sistema de videovigilancia";188.44;wtdigital;disco int6;3;0;1;1.5
wd8005ffbx;"disco duro interno 3.5' red pro serial ata 8tb hdd 6gbit/s bufer 256 mb para: sistema nas";256;wtdigital;disco int6+;5;0;1;3
wd80efpx;"disco duro interno 3.5' red plus serial ata 8tb hdd 5640rpm 256mb 6gbit/s para: sistema nas";243.1;wtdigital;disco int6+;0;0;1;3
wd85purz;"disco duro interno 3.5' purple surveillance serial ata 8tb hdd 5400rpm 256mb 6gbit/s para: sistema de videovigilancia";199.1;wtdigital;disco int6+;4;0;1;3
wdbr9s0060bbk-wesn;"disco duro externo 2.5' my passport 6tb usb 3.2 gen 1";200.2;wtdigital;disco ext;3;0;1;4
wiz001vfbk;"cargador inalambrico qi 7.5w 3 en 1 para iphone 11 pro max, 11 pro, 11, xs max, xs, xr, x, 8, 8 plus,  apple watch serie 1,2,3,4,5 y primera generacion airpods pro y segunda generacion negro";57.71;belkin;cargador;1;0;1;0
wiz002vfbk;"cargador inalambrico qi2 boost charge 10w doble para dispositivos apple negro";9.24;belkin;cargador;7;0;1;0
wiz002vfwh;"cargador inalambrico qi2 boost charge 10w doble para dispositivos apple color blanco";6.86;belkin;cargador;3;0;1;0
wiz008vfbk;"cargador inalambrico qi 15w 2 en 1 para dispositivos apple samsung negro";33.62;belkin;cargador;2;0;1;0
wiz008vfwh;"cargador inalambrico qi 15w 2 en 1 para dispositivos apple samsung blanco";35.64;belkin;cargador;3;0;1;0
wiz010vfbk;"cargador inalambrico 2 en 1 con magsafe, carga simultneamente tu nuevo iphone 16-12 (con hasta 15 w) y unos airpods comodidad con estilo: optimizado para una gran velocidad de carga, acoplamiento magnetico y un diseo moderno muy atractivo negro";77.38;belkin;cargador;2;0;1;0
wiz010vfwh;"cargador inalambrico 2 en 1 con magsafe, carga simultneamente tu nuevo iphone 16-12 (con hasta 15 w) y unos airpods comodidad con estilo: optimizado para una gran velocidad de carga, acoplamiento magnetico y un diseo moderno muy atractivo blanco";77.38;belkin;cargador;1;0;1;0
wiz011vfwh;"cargador inalambrico qi esterilizadora boost charge potencia 10w compatible con dispositivos que acepten carga rpida inalmbrica eliminando el 99,99% de bacterias a travs de sus luces ultravioletas, siendo totalmente seguro y responsable con el medio ambiente. podrs ubicar incluso tu iphone con la funda puesta y objetos de hasta 188 milmetros y con una altura mxima de 14 milmetros.";40.21;belkin;cargador;2;0;1;0
wiz015btbk;"cargador inalambrico boostcharge pro carga rapida para  apple watch series 1,2,3,4,5,6,,7,8,9,10, ultra 2, ultra y airpods pro segunda generacion color negro";47.16;belkin;cargador;3;0;1;0
wiz015btwh;"cargador inalambrico boostcharge pro carga rapida para  apple watch series 1,2,3,4,5,6,,7,8,9,10, ultra 2, ultra y airpods pro segunda generacion color blanco";47.16;belkin;cargador;2;0;1;0
wiz016vfbk;"cargador inalambrico 3 en 1 con magsafe, carga simultaneamente tu iphone 17, air, 17 pro, 17 pro max, 15, 15 pro, 15 plus, 15 pro max,14, 14 pro, 14 plus, 14 pro max, 13, 13 mini, 13 pro, 13 pro max, 12, 12 mini, 12 pro, 12 pro max (con hasta 15 w) apple watch series 1,2,3,4,5,6,7,8,9,10, se segunda generacion, ultra 2, ultra airpods airpods pro y airpods pro segunda generacion auriculares con carga inalambrica  comodidad con estilo: optimizado para una gran velocidad negro";102.27;belkin;cargador;2;0;1;0
wiz016vfwh;"cargador inalambrico 3 en 1 con magsafe, carga simultaneamente tu iphone 17, air, 17 pro, 17 pro max, 15, 15 pro, 15 plus, 15 pro max,14, 14 pro, 14 plus, 14 pro max, 13, 13 mini, 13 pro, 13 pro max, 12, 12 mini, 12 pro, 12 pro max (con hasta 15 w) apple watch series 1,2,3,4,5,6,7,8,9,10, se segunda generacion, ultra 2, ultra airpods airpods pro y airpods pro segunda generacion auriculares con carga inalambrica  comodidad con estilo: optimizado para una gran velocidad";60.08;belkin;cargador;8;0;1;0
wiz017vfbk;"cargador inalambrico qi 15w 3 en 1 para dispositivos apple iphone 17, air, 17 pro, 17 pro max, 15, 15 pro, 15 plus, 15 pro max, 14, 14 pro, 14 plus, 14 pro max, 13,13 min, 13 pro, 13 pro max, 12, 12 mini, 12 pro, 12 pro max, airpods 4 con cancelacion de ruido activa, airpods (3. generacin) con funda de carga con magsafe apple airpods pro apple airpods (2. generacion)  apple watch series 1,2,3,4,5,6,7,8,9,10, se, ultra 2, ultra y auriculares con carga inalambrica  color negro";102.35;belkin;cargador;5;0;1;0
wiz021vfbk;"cargador inalambrico qi2 boost charge 15w 2 en 1 para dispositivos apple negro";42.36;belkin;cargador;3;0;1;0
wiz021vfwh;"cargador inalambrico qi2 boost charge 15w 2 en 1 para dispositivos apple blanco";35.61;belkin;cargador;6;0;1;0
wiz023vfwh;"cargador inalambrico qi2 15w 3 en 1 para apple watch se, ultra 2, ultra apple watch series 1,2,,4,5,6,7,8,9,10, google pixel 10, pixel 10 pro, pixel pro fold, pixel 10 pro xl iphone 17, air, 17 pro, 17 pro max, 15,15 pro, 15 plus, 15 pro max, 14, 14 pro, 14 plus,14 pro max, 13, 13 mini, 13 pro, 13 pro max, 12, 12 mini, 12 pro,12 pro max, galaxy s25, s25+, s25 ultra apple airpods 4 con cancelacion de ruido activa, airpods tercera generacion  con funda de carga magsafe, airpods pro,  airpods pro 2nd, airpods  2nd gen airpods pro 2,auriculares con carga inalambrica blanco";57.49;belkin;cargador;2;0;1;0
wiz028vfwh;"cargador inalambrico qi2 boost charge 15w 2 en 1 plegable para dispositivos apple blanco";45.28;belkin;cargador;2;0;1;0
wiz032kqbk;"cargador inalambrico qi2 15w 3 en 1 para apple watch se apple watch series 1,2,,4,5,6,7,8,9, 10 iphone 17, iphone air, iphone 17 pro, iphone 17 pro max, iphone 15,15 pro, 15 plus, 15 pro max, 14, 14 pro, 14 plus,14 pro max, 13, 13 mini, 13 pro, 13 pro max, 12, 12 mini, 12 pro,12 pro max,  apple airpods 4 concancelacion de ruido activa. airpods 3rd gen con funda de carga con magsafe, airpods pro,  airpods pro 2nd gen, airpods 2nd gen, airpods pro 2,google pixel 10, 10 pro, 10 pro fold, 10 pro xl, galaxy s25, s25+, s25 ultra, auriculares con carga inalambrica. color negro";45.02;belkin;cargador;3;0;1;0
wiz032kqwh;"cargador inalambrico qi2 15w 3 en 1 para apple watch se apple watch series 1,2,,4,5,6,7,8,9, 10 iphone 17, iphone air, iphone 17 pro, iphone 17 pro max, iphone 15,15 pro, 15 plus, 15 pro max, 14, 14 pro, 14 plus,14 pro max, 13, 13 mini, 13 pro, 13 pro max, 12, 12 mini, 12 pro,12 pro max,  apple airpods 4 concancelacion de ruido activa. airpods 3rd gen con funda de carga con magsafe, airpods pro,  airpods pro 2nd gen, airpods 2nd gen, airpods pro 2,google pixel 10, 10 pro, 10 pro fold, 10 pro xl, galaxy s25, s25+, s25 ultra, auriculares con carga inalambrica. color blanco";45.02;belkin;cargador;2;0;1;0
wiz037kqbk;"cargador inalambrico qi2 25w 3 en 1 ultracharge magnetico plegable para dispositivos apple iphone 17, air, 17 pro, 17 pro max, 16, 16 plus, 16 pro, 16 pro max, 15, 15 pro, 15 plus, 15 pro max, 14, 14 pro, 14 plus, 14 pro max, 13,13 mini, 13 pro, 13 pro max, 12, 12 mini, 12 pro, 12 pro max, airpods 4, airpods (3. generacin) con funda de carga con magsafe apple airpods pro (2. generacion)  apple watch series 1,2,3,4,5,6,7,8,9,10, google pixel 10, 10 pro, 10 pro fold, 10 pro xl,  color negro";54.59;belkin;cargador;5;0;1;0
wiz037kqwh;"cargador inalambrico qi2 25w 3 en 1 ultracharge magnetico plegable para dispositivos apple iphone 17, air, 17 pro, 17 pro max, 16, 16 plus, 16 pro, 16 pro max, 15, 15 pro, 15 plus, 15 pro max, 14, 14 pro, 14 plus, 14 pro max, 13,13 mini, 13 pro, 13 pro max, 12, 12 mini, 12 pro, 12 pro max, airpods 4, airpods (3. generacin) con funda de carga con magsafe apple airpods pro (2. generacion)  apple watch series 1,2,3,4,5,6,7,8,9,10, google pixel 10, 10 pro, 10 pro fold, 10 pro xl,  color blanco";57.24;belkin;cargador;2;0;1;0
wonderihub4;"usb hub desde usb-c con cuatro puertos usb 3.0 compatible con mac, tablets y pc/portatiles color negro";8.46;ngs;hub;9;0;1;0
wre-8011e;"range extender ac1200 wifi dual band 2.4ghz hasta 300mbps 5ghz 867mbps 1 puerto 10/100mbps";36.48;level one;wifi;11;0;1;0
wt-100cl;"bote residual 20.000 paginas";27.07;brother;consumible;1;0;1;0
wt220cl;"bote residual 50.000 paginas";16.66;brother;consumible;0;0;1;0
wt229cl;"bote residual 50.000 paginas aproximada. hll3220cw,hll3240cdw, dcpl3520cdw, dcol3560cdw, mfcl3740cdw, mfcl3760cdw, hll8230cdw, hll8240cdw, mfcl8340cdw, mfcl8390cdw";15.54;brother;consumible;1;0;1;0
wt32tsr-381;"soporte de monitor/tv para pared desde 13' hasta 32' brazo articulado inclinacion 15 giratorio 90 distancia desde el monitor/tv a la pared 62-270mm maximo vesa 100x100 hasta 20kg negro";5.5;aisens;soporte;2;0;1;0
wt42tsle-011;"soporte de pared extensible giratorio inclinable nivelable para tv de 13-42' hasta 20kg";7.35;aisens;soporte;4;0;1;0
wykpv;"servidor poweredge t160 smart selection intel xeon 6 6325p quad core 3.5ghz memoria ram 32gb ddr5 5600 sdram memoria maxima 128gb 1x480gb ssd  2.5" bahias de disco duro (2.5", 3.5") formato torre gris fuente de alimentacion 300w tres años de garantia dell..";1794.57;dell;servidor n;2;0;1;0
x4d37ae;"tinta 302 negro + 302 tricolor pack ahorro";35.36;hp;tinta;6;0;1;0
x6w31aa;"raton inalambrico hp 200 con receptor  usb nano 2 botones 1000 dpi ambidiestro negro.";8.77;hp;raton;2;0;1;0
x7q44aa;"raton inalambrico hp z3700 con receptor usb nano optico led azul 2 botones 1.200dpi ambidiestro plata";12.72;hp;raton;2;0;1;0
xs-ushbm-ablu;"accesorio camara deportiva lanza extensible big u-shot monochrome longitud de 29 a 94 cm color azul";32.49;xsories;lanza;2;0;50;0
xs-ushbm-fgreen;"accesorio camara deportiva lanza extensible big u-shot monochrome longitud de 29 a 94 cm color verde oscuro";3;xsories;lanza;3;0;1;0
xs-ushbm-gold;"accesorio camara deportiva lanza extensible big u-shot monochrome longitud de 29 a 94 cm color dorado";3;xsories;lanza;4;0;1;0
xs-ushbm-gre;"accesorio camara deportiva lanza extensible big u-shot monochrome longitud de 29 a 94 cm color verde claro";32.49;xsories;lanza;6;0;50;0
xs-ushbm-ora;"accesorio camara deportiva lanza extensible big u-shot monochrome longitud de 29 a 94 cm color naranja";32.49;xsories;lanza;5;0;50;0
xs-ushbm-red;"accesorio camara deportiva lanza extensible big u-shot monochrome longitud de 29 a 94 cm color rojo";32.49;xsories;lanza;3;0;50;0
xs-ushbm-yell;"accesorio camara deportiva lanza extensible big u-shot monochrome longitud de 29 a 94 cm color amarillo";3;xsories;lanza;5;0;1;0
xs-ushm-gold;"accesorio camara deportiva lanza extensible u-shot monochrome longitud de 18 a 49 cm color dorado";26.01;xsories;lanza;1;0;50;0
xs-ushm-ora;"accesorio camara deportiva lanza extensible u-shot monochrome longitud de 18 a 49 cm color naranja";26.01;xsories;lanza;2;0;50;0
y8u-00013;"funda con teclado pro flex con lapiz recomendado para surface pro 11, 10, 9, 8 negro bluetooth";337.84;microsoft;funda;0;0;1;0
z790 eagle ax g10;"placa base z790 eagle ax intel lga 1700 12ª, 13ª y 14ª generacion 4xddr5 hasta 192gb y 7600mhz displayport hdmi ethernet 2.5 gigabit wifi 6e bluetooth 5.3 2xpciex1 3xpciex16 3xm.2 4xsata 6gb/s 5xusb 3.2 2xusb 2.0 usb-c ps2 ";150.75;gigabyte;placa base;8;0;1;0
z890 eagle wifi7;"placa base z890 eagle wifi 7 g10 intel lga 1851 compatible con cpu´s intel core ultra (serie 2) 4xddr5 hasta 8800mhz 4xm.2 4 x sata 6gb/s raid 0, 1,5 y 10 ethernet 2.5gbe hdmi 2xdisplayport  wifi 7  4 +2i usb 2.0 5+1i x usb 3.2  2x usb-c thunderbolt  s/pdif out ";201.25;gigabyte;placa;2;0;1;0
z890 gaming x wifi7;"placa base z890 gaming x wifi 7 g10 intel lga 1851 compatible con cpu´s intel core ultra (serie 2) 4xddr5 hasta 8800mhz 4xm.2 4 x sata 6gb/s raid 0, 1,5 y 10 ethernet 2.5gbe hdmi 2xdisplayport  wifi 7  4 +2i usb 2.0 5+1i x usb 3.2  2x usb-c thunderbolt  s/pdif out ";251.9;gigabyte;placa;2;0;1;0
za6w0110se;"tablet tab m10 hd 10.1' (1280x800) capacidad 32gb 2gb ram ranura microsd hasta 256gb wifi bluetooth 5.0 android 10 gris hierro";113.42;lenovo;tablet;1;0;1;3.75
zaeh0040pl;"tablet tab 10.1' 4gb ram 64gb de almacenamiento lcd tft ips wuxga 1920x1200 60hz multitactil procesador mediatek helio g85 camara frontal 5.0mp y trasera 8.0mp conexion usb-c bateria 5100mhz android 14 color gris incluye funda transparente con soporte mediatek helio g85";124.3;lenovo;tablet;5;0;1;3.75
zaej0012es;"tablet tab 10.1' 4gb ram 64gb de almacenamiento full hd 1920x1200 ips procesador mediatek helio g85 conectividad 4g lte camara frontal 5.0mp y trasera 8.0mp conexion usb-c bateria 5100mhz android 14 color gris";140.8;lenovo;tablet;3;0;1;3.75
zafr0389es;"tablet idea tab  11' 2.5k mediatek dimensity 6300 + pen (2560x1600) capacidad 128gb 8gb ram ranura micro sd wifi 5 bluetooh 5.2 android 15 camara frontal 5 mp camara trasera 8 mp bateria 7040 mah gris luna";162.03;lenovo;tablet;4;0;1;3.75
zbw4354ty;"auriculares intrauditivos mi in ear basic con microfono conexion mini jack 3.5mm camara de aluminio membrana de metal aeroespacial impedancia 32 ohm cable de 1.25m negro";4.41;xiaomi;auricular;4;0;1;0
zbw4355ty;"auriculares intrauditivos mi in ear basic con microfono conexion mini jack 3.5mm camara de aluminio membrana de metal aeroespacial impedancia 32 ohm cable de 1.25m gris";4.22;xiaomi;auricular;11;0;1;0
zd4a042-30ee00e;"impresora de etiquetas transferencia termica zd421t usb ethernet impresion codigos barras ancho impresion 104mm";463.1;zebra;imp etique;2;0;1;0
zd4a042-30em00e;"impresora de etiquetas transferencia termica zd421t usb impresion codigos barras ancho impresion 104mm";355.07;zebra;imp etique;3;0;1;0
zd4a042-d0ee00ez;"impresora de etiquetas termica directa zd421d usb ethernet bluetooth impresion codigos barras ancho impresion 104mm";414.48;zebra;imp etique;1;0;1;0
zd4a042-d0em00e;"impresora de etiquetas termica directa zd421d usb impresion codigos barras ancho impresion 104mm";303.45;zebra;imp etique;4;0;1;0
zdw-00005;"tablet surface pro 10 intel core ultra 7 (series 1)165u (4.9 ghz) / 12 mb cach memoria  16gb ram lpddr5x 512gb ssd 13'pantalla tactil 2880 x 1920 @ 120 hz - 267 ppi intel arc graphics camara trasera 10.5 mp camara frontal 5 mp wifi 6e ,bluetooth 5.3 peso 879 g. bateria 48wh autonomia ±19h windows 11 pro. color plata sin teclado";1502.22;microsoft;portatil;1;0;1;5.33
zeus03e;"ups 1200va 720w 230v formato torre 5 conectores iec  usb lan peso 10 kg";125.05;conceptronic;ups;3;0;1;0
zeus04e;"ups 2200va 1320w 230v formato torre 6 conectores iec 2 conectores lan 1 conector usb-b peso 10kg.";191.48;conceptronic;ups;2;0;1;0
zeus05e;"ups 600va 360w formato regleta con 6 concetores schuko";73.17;conceptronic;ups;2;0;1;0
zil-00004;"tablet surface pro 11 qualcomm  snapdragon x1p-64-100  3,4ghz  memoria 16gb ram 512gb ssd 13'pantalla tactil 2880 x 1920 camara trasera 10 mp camara frontal 12 mp wifi 7, bluetooth 5.3 peso 895 g. windows 11 pro. color platino sin teclado";1384.95;microsoft;portatil;2;0;1;5.33
zq32-a0e04te-00;"impresora de tickets termica directa dt zq320 plus ancho impresion 72mm bluetooth negro";381.68;zebra;imp etique;0;0;1;0
zt-b50600e-10m;"tarjeta grafica geforce rtx5060 twin edge 8gb gddr7 128bit resolucion 7680x4320 1xhdmi 3xdisplayport dual fan pantallas soportadas cuatro";316.5;zotac;vga;4;0;1;0
zt-b50600f-10m;"tarjeta grafica geforce rtx5060 8gb gddr7 128bit resolucion 7680x4320 1xhdmi 3xdisplayport dual fan ";316.04;zotac;vga;1;0;1;0
zt-b50800q-10p;"tarjeta grafica geforce rtx5080 solid core oc 16gb gddr7 128bit resolucion 7680x4320 1xhdmi 3xdisplayport triple fan pantallas soportadas cuatro color blanco";1205.8;zotac;vga;2;0;1;0
mfcl8970cdw;"impresora multifuncion laser color mfc-l8970cdw a4 2400x600ppp 33ppm usb 2.0 compatible con usb 3.0 wifi 2.4ghz y 5 ghz ethernet impresion duplex y escaneado duplex bandeja entrada papel 250 hojas adf 80 hojas fax duplex pantalla tactil wifi direct conexion movil mopria airprint volumen mensual hasta 7.500 paginas peso 27 kg";832.1;brother;;0;0;1;0
appls24ws;"lector codigos de barras con lectura automatica o pulsador 1d, 2d y  qr bluetooth o radiofrecuencia 2.4ghz, usb";73.7;approx;scanner cb;0;0;1;0
6gx00f;"impresora multifuncion laser monocromo m234sdn a4 600x600ppp usb 2.0 ethernet impresion duplex impresion hasta 29ppm adf 40 hojas volumen mensual hasta 2.000 paginas conexion movil bandeja entrada papel 150 hojas color blanco peso 9,5kg";110;hp;imp multif;0;0;1;5.25
mfcl8730cdw;"impresora multifuncion laser color mfc-l8730cdw a4 2400x600ppp 33ppm usb 2.0 compatible 3.0 wifi 2.4ghz y 5 ghz ethernet impresion duplex y escaneado duplex bandeja entrada papel 250 hojas adf 80 hojas fax duplex pantalla tactil wifi direct conexion movil mopria airprint volumen mensual hasta 5.000 paginas peso 26 kg";508.37;brother;imp multif;0;0;1;5.25
